Code,Type,Resource,Unit,Base rate GBP,Factor,Rate EUR,Scope,Used on,Source group
L001,Labour,banksman (skill rate 4),hr,29.49,1.3415,46.2624,Shared,193,
L002,Labour,bricklayers (craftsman),hr,29.495,1.3415,46.2703,Shared,167,
L003,Labour,carpenter/joiner (craftsman),hr,29.49,1.3415,46.2624,Shared,240,
L004,Labour,chargehand pipelayer (skill rate 4),hr,31.38,1.3415,49.2274,Shared,849,
L005,Labour,foreman bricklayer (craftsman),hr,34.79,1.3415,54.5768,Shared,167,
L006,Labour,foreman carpenter/joiner (craftsman),hr,33.9,1.3415,53.1806,Shared,240,
L007,Labour,foreman joiner (craftsman),hr,33.9,1.3415,53.1806,Shared,9,
L008,Labour,foreman steel fixer (craftsman),hr,33.9,1.3415,53.1806,Shared,80,
L009,Labour,ganger (skill rate 3),hr,31.39,1.3415,49.2431,Shared,96,
L010,Labour,ganger/chargehand (skill rate 3),hr,31.385,1.3415,49.2352,Shared,95,
L011,Labour,ganger/chargehand (skill rate 4),hr,31.39,1.3415,49.2431,Shared,716,
L012,Labour,joiner (craftsman),hr,31.6975,1.3415,49.7255,Shared,149,
L013,Labour,painters (skill rate 3),hr,29.4933,1.3415,46.2676,Shared,96,
L014,Labour,plant operator (skill rate 1),hr,53.0303,1.3415,83.1913,Shared,167,
L015,Labour,plant operator (skill rate 2),hr,44.9,1.3415,70.4369,Shared,584,
L016,Labour,plant operator (skill rate 3),hr,38.96,1.3415,61.1185,Shared,1788,
L017,Labour,plant operator (skill rate 4),hr,31.74,1.3415,49.7921,Shared,76,
L018,Labour,skilled operative (skill rate 3),hr,29.4925,1.3415,46.2664,Shared,95,
L019,Labour,skilled operative (skill rate 4),hr,29.49,1.3415,46.2624,Shared,1550,
L020,Labour,steel fixer (craftsman),hr,29.49,1.3415,46.2624,Shared,20,
L021,Labour,steel fixers (craftsman),hr,29.495,1.3415,46.2703,Shared,80,
L022,Labour,unskilled labour (general),hr,24.68,1.3415,38.7168,Shared,4,
L023,Labour,unskilled operative (general),hr,24.6783,1.3415,38.7141,Shared,2581,
P001,Plant,0.4 m3 hydraulic backacter,hr,77.52,1.0,90.6519,Shared,53,
P002,Plant,0.4 m3 hydraulic excavator,hr,77.52,1.0,90.6519,Shared,316,
P003,Plant,0.40 m3 hydraulic backacter,hr,77.52,1.0,90.6519,Shared,107,
P004,Plant,0.80 m3 tractor loader,hr,78.34,1.0,91.6108,Shared,84,
P005,Plant,1.0 m3 hydraulic backacter,hr,117.01,1.0,136.8315,Shared,29,
P006,Plant,1.00 m3 concrete skip,hr,5.2,1.0,6.0809,Shared,136,
P007,Plant,1.5 kva diesel generator,hr,5.76,1.0,6.7357,Shared,96,
P008,Plant,1.5 m3 tractor loader,hr,132.28,1.0,154.6882,Shared,107,
P009,Plant,1.50-2.00 m deep,hr,7.32,1.0,8.56,Shared,206,
P010,Plant,1000 kg hydraulic breaker,hr,30.3939,1.0,35.5426,Shared,180,
P011,Plant,10t crane,hr,82.68,1.0,96.686,Shared,136,
P012,Plant,10t crawler crane,hr,82.68,1.0,96.686,Shared,86,
P013,Plant,"11.30 m3/min compressor, 2 tool",hr,83.24,1.0,97.3409,Shared,136,
P014,Plant,125 cfm compressor,hr,21.22,1.0,24.8147,Shared,40,
P015,Plant,125 mm electric grinder,hr,0.61,1.0,0.7133,Shared,96,
P016,Plant,15 m telescopic access platform,hr,67.295,1.0,78.6948,Shared,18,
P017,Plant,"2 asphalt pavers, 35 kw, 4.0 m",hr,152.19,1.0,177.971,Shared,0,
P018,Plant,"2 deadweight rollers, 3 point, 10 t",hr,162.24,1.0,189.7235,Shared,0,
P019,Plant,2 t dumper,hr,13.1209,1.0,15.3436,Shared,1,
P020,Plant,2.00-2.50 m deep,hr,7.0,1.0,8.1858,Shared,206,
P021,Plant,2.4 m3/min road breakers,hr,8.3,1.0,9.706,Shared,16,
P022,Plant,2.40 m3/min road breaker,hr,8.3,1.0,9.706,Shared,21,
P023,Plant,2.50-3.00 m deep,hr,8.62,1.0,10.0802,Shared,206,
P024,Plant,"2.80 m3/min compressor, 2 tool",hr,20.1,1.0,23.5049,Shared,390,
P025,Plant,20t crawler crane,hr,59.04,1.0,69.0414,Shared,144,
P026,Plant,"22"" dia. saw bench",hr,5.09,1.0,5.9522,Shared,140,
P027,Plant,2t dumper,hr,13.0667,1.0,15.2802,Shared,1117,
P028,Plant,3 tonne dumper,hr,21.07,1.0,24.6393,Shared,16,
P029,Plant,3.00-3.50 m deep,hr,10.47,1.0,12.2436,Shared,206,
P030,Plant,3.50-4.00 m deep,hr,11.53,1.0,13.4832,Shared,206,
P031,Plant,"3.7 m3/min compressor, 2 tool",hr,21.22,1.0,24.8147,Shared,16,
P032,Plant,30 t crawler crane,hr,61.88,1.0,72.3625,Shared,77,
P033,Plant,300 mm disc cutter,hr,1.43,1.0,1.6722,Shared,21,
P034,Plant,300 mm stihl saw,hr,1.22,1.0,1.4267,Shared,7,
P035,Plant,4.00-4.50 m deep,hr,12.91,1.0,15.097,Shared,206,
P036,Plant,4.50-5.00 m deep,hr,22.88,1.0,26.7559,Shared,206,
P037,Plant,5.00-5.50 m deep,hr,31.51,1.0,36.8478,Shared,206,
P038,Plant,5.6t rough terrain forklift,hr,45.28,1.0,52.9504,Shared,86,
P039,Plant,54 mm poker vibrator,hr,2.4,1.0,2.8066,Shared,21,
P040,Plant,54 mm poker vibrators,hr,2.3875,1.0,2.7919,Shared,136,
P041,Plant,6t towed roller,hr,50.62,1.0,59.195,Shared,84,
P042,Plant,6t vibratory roller,hr,50.62,1.0,59.195,Shared,70,
P043,Plant,7.5 kva diesel generator,hr,9.57,1.0,11.1912,Shared,86,
P044,Plant,8 t lorry with hiab lift,hr,56.86,1.0,66.4921,Shared,40,
P045,Plant,8 tonne wheeled backacter,hr,72.4,1.0,84.6646,Shared,16,
P046,Plant,93 kw motor grader,hr,75.17,1.0,87.9038,Shared,84,
P047,Plant,allowance for small power tools,hr,1.15,1.0,1.3448,Shared,140,
P048,Plant,backhoe jcb 3cx,hr,68.08,1.0,79.6128,Shared,8,
P049,Plant,bar cropper,hr,5.7,1.0,6.6656,Shared,77,
P050,Plant,bomag bw 65s,hr,11.51,1.0,13.4598,Shared,107,
P051,Plant,channel (heat) iron,hr,10.3,1.0,12.0448,Shared,7,
P052,Plant,"cold planer, 2.10 m",hr,445.58,1.0,521.0613,Shared,2,
P053,Plant,compaction plate/roller,hr,7.8833,1.0,9.2187,Shared,66,
P054,Plant,compaction slipform finisher,hr,72.7,1.0,85.0154,Shared,48,
P055,Plant,"compressor tools, extra 50ft / 15 m hose",hr,0.5333,1.0,0.6236,Shared,25,
P056,Plant,compressor tools: clay spade,hr,3.36,1.0,3.9292,Shared,40,
P057,Plant,compressor tools: extra 15 m hose,hr,0.54,1.0,0.6315,Shared,40,
P058,Plant,compressor tools: hand held hammer drill,hr,2.14,1.0,2.5025,Shared,40,
P059,Plant,compressor tools: scabbler,hr,2.85,1.0,3.3328,Shared,0,
P060,Plant,"compressor, 65 cfm",hr,15.18,1.0,17.7515,Shared,21,
P061,Plant,"concrete paver, 6.0 m",hr,372.25,1.0,435.3091,Shared,48,
P062,Plant,"deadweight roller, 3 point, 10t",hr,81.12,1.0,94.8617,Shared,6,
P063,Plant,"deadweight rollers, 3 point, 10 t",hr,81.12,1.0,94.8617,Shared,1,
P064,Plant,disc saw,hr,1.4333,1.0,1.6761,Shared,95,
P065,Plant,electric screwdrivers,hr,1.935,1.0,2.2628,Shared,86,
P066,Plant,extra 15ft / 50 m hose,hr,0.5333,1.0,0.6236,Shared,21,
P067,Plant,extra 50 ft / 15 m hose,hr,0.53,1.0,0.6198,Shared,16,
P068,Plant,extra 50ft / 15 m hose,hr,0.5333,1.0,0.6236,Shared,4,
P069,Plant,"heat planer, 4.5 m",hr,172.24,1.0,201.4175,Shared,2,
P070,Plant,hydraulic backacter - 14.5 tonne,hr,97.5152,1.0,114.0343,Shared,180,
P071,Plant,hydraulic backacter - 21 tonne,hr,118.1818,1.0,138.2018,Shared,180,
P072,Plant,jcb 3cx backhoe,hr,68.08,1.0,79.6128,Shared,40,
P073,Plant,k637 rotary hammers,hr,0.84,1.0,0.9823,Shared,86,
P074,Plant,ladders,hr,1.66,1.0,1.9412,Shared,96,
P075,Plant,mixer,hr,84.56,1.0,98.8845,Shared,168,
P076,Plant,ne 1.50 m deep,hr,5.25,1.0,6.1394,Shared,206,
P077,Plant,pedestrian roller bomag bw 90s,hr,16.47,1.0,19.26,Shared,1,
P078,Plant,"pedestrian roller, bomag bw35",hr,10.84,1.0,12.6763,Shared,92,
P079,Plant,plate compactors; vibrating compaction; plate 180 kg/ 600 mm,hr,4.92,1.0,5.7534,Shared,16,
P080,Plant,road forms,hr,3.56,1.0,4.1631,Shared,7,
P081,Plant,"scaffold, etc",hr,1.9,1.0,2.2219,Shared,168,
P082,Plant,self-propelled chip spreader,hr,74.92,1.0,87.6114,Shared,1,
P083,Plant,small power tools,hr,1.66,1.0,1.9412,Shared,245,
P084,Plant,small pump,hr,7.8667,1.0,9.1993,Shared,103,
P085,Plant,"stihl saw, 12"", petrol",hr,1.2333,1.0,1.4422,Shared,540,
P086,Plant,sundry tools,hr,1.9,1.0,2.2219,Shared,29,
P087,Plant,"support acrows, tirfors, kentledge, etc",hr,0.96,1.0,1.1226,Shared,77,
P088,Plant,tar boiler,hr,53.46,1.0,62.5161,Shared,15,
P089,Plant,"tar sprayer, 100 litre",hr,31.66,1.0,37.0232,Shared,50,
P090,Plant,tractor loader - 0.80 m3,hr,79.1212,1.0,92.5243,Shared,180,
P091,Plant,tractor with front bucket and integral 2 tool compressor,hr,161.435,1.0,188.7821,Shared,6,
P092,Plant,tractor/trailer,hr,61.04,1.0,71.3802,Shared,86,
P093,Plant,transformers/cables; junction box,hr,0.84,1.0,0.9823,Shared,96,
P094,Plant,transit van,hr,29.18,1.0,34.1231,Shared,96,
P095,Plant,"wheeled loader, 2.60 m2",hr,125.57,1.0,146.8416,Shared,52,
M001,Material,delivery to site for each additional mile from the concrete plant further than 5 miles (8 km),m3,3.51,1.0,4.1046,Shared,0,Material Resources Build-up Rate
M002,Material,"mix design, per trial mix",mix,392.73,1.0,459.2585,Shared,0,Material Resources Build-up Rate
M003,Material,"part loads, per m3 below full load",m3,44.07,1.0,51.5355,Shared,0,Material Resources Build-up Rate
M004,Material,waiting time (in excess of 6 mins/m3 'norm' discharge time),hr,136.26,1.0,159.3424,Shared,0,Material Resources Build-up Rate
M005,Material,Reinforcement; high tensile steel bars; straight; T12,tonne,1150.73,1.0,1345.6637,Shared,2,Material Resources Build-up Rate; Reinforcement; supply only ex works materials rates
M006,Material,Stainless steel bars; straight,tonne,6277.35,1.0,7340.7331,Shared,6,Material Resources Build-up Rate; Reinforcement; supply only ex works materials rates
M007,Material,Stainless steel bars; bent,tonne,6277.35,1.0,7340.7331,Shared,6,Material Resources Build-up Rate; Reinforcement; supply only ex works materials rates
M008,Material,A98,m2,6.2,1.0,7.2503,Shared,2,Welded fabric to BS 4483 in sheets 4.80 x 2.40
M009,Material,A142,m2,5.1,1.0,5.9639,Shared,1,Welded fabric to BS 4483 in sheets 4.80 x 2.40
M010,Material,A193,m2,7.26,1.0,8.4898,Shared,1,Welded fabric to BS 4483 in sheets 4.80 x 2.40
M011,Material,A252,m2,8.04,1.0,9.402,Shared,1,Welded fabric to BS 4483 in sheets 4.80 x 2.40
M012,Material,A393,m2,12.36,1.0,14.4538,Shared,1,Welded fabric to BS 4483 in sheets 4.80 x 2.40
M013,Material,B196,m2,13.58,1.0,15.8805,Shared,1,Welded fabric to BS 4483 in sheets 4.80 x 2.40
M014,Material,B283,m2,10.96,1.0,12.8166,Shared,2,Welded fabric to BS 4483 in sheets 4.80 x 2.40
M015,Material,B385,m2,11.7,1.0,13.682,Shared,2,Welded fabric to BS 4483 in sheets 4.80 x 2.40
M016,Material,B503,m2,16.83,1.0,19.681,Shared,2,Welded fabric to BS 4483 in sheets 4.80 x 2.40
M017,Material,B785,m2,21.75,1.0,25.4344,Shared,2,Welded fabric to BS 4483 in sheets 4.80 x 2.40
M018,Material,B1131,m2,28.62,1.0,33.4682,Shared,1,Welded fabric to BS 4483 in sheets 4.80 x 2.40
M019,Material,C283,m2,6.68,1.0,7.8116,Shared,0,Welded fabric to BS 4483 in sheets 4.80 x 2.40
M020,Material,C385,m2,8.77,1.0,10.2556,Shared,0,Welded fabric to BS 4483 in sheets 4.80 x 2.40
M021,Material,C363,m2,13.95,1.0,16.3131,Shared,0,Welded fabric to BS 4483 in sheets 4.80 x 2.40
M022,Material,C503,m2,11.12,1.0,13.0037,Shared,0,Welded fabric to BS 4483 in sheets 4.80 x 2.40
M023,Material,C785,m2,15.82,1.0,18.4999,Shared,0,Welded fabric to BS 4483 in sheets 4.80 x 2.40
M024,Material,D49,m2,1.58,1.0,1.8477,Shared,1,Welded fabric to BS 4483 in sheets 4.80 x 2.40
M025,Material,D98,m2,3.17,1.0,3.707,Shared,0,Welded fabric to BS 4483 in sheets 4.80 x 2.40
M026,Material,12 mm dia.,nr,5.91,1.0,6.9112,Shared,1,"Reinforcement couplers, Lenton type; Type A; one bar twistable"
M027,Material,16 mm dia.,nr,7.53,1.0,8.8056,Shared,3,"Reinforcement couplers, Lenton type; Type A; one bar twistable"
M028,Material,20 mm dia.,nr,13.75,1.0,16.0792,Shared,3,"Reinforcement couplers, Lenton type; Type A; one bar twistable"
M029,Material,25 mm dia.,nr,21.43,1.0,25.0602,Shared,1,"Reinforcement couplers, Lenton type; Type A; one bar twistable"
M030,Material,32 mm dia.,nr,29.07,1.0,33.9945,Shared,1,"Reinforcement couplers, Lenton type; Type A; one bar twistable"
M031,Material,40 mm dia.,nr,41.95,1.0,49.0563,Shared,1,"Reinforcement couplers, Lenton type; Type A; one bar twistable"
M032,Material,100 mm dia.,m,27.375,1.0,32.0123,Shared,50,Clayware Pipes and Fittings; Vitrified clay; socketed pipes to BS EN 295; Straight pipes
M033,Material,150 mm dia.,m,19.21,1.0,22.4642,Shared,60,Clayware Pipes and Fittings; Vitrified clay; socketed pipes to BS EN 295; Straight pipes
M034,Material,225 mm dia.,m,48.06,1.0,56.2014,Shared,50,Clayware Pipes and Fittings; Vitrified clay; socketed pipes to BS EN 295; Straight pipes
M035,Material,300 mm dia.,m,49.23,1.0,57.5696,Shared,46,Clayware Pipes and Fittings; Vitrified clay; socketed pipes to BS EN 295; Straight pipes
M036,Material,400 mm dia.,m,193.26,1.0,225.9982,Shared,20,Clayware Pipes and Fittings; Vitrified clay; socketed pipes to BS EN 295; Straight pipes
M037,Material,450 mm dia.,m,137.405,1.0,160.6814,Shared,21,Clayware Pipes and Fittings; Vitrified clay; socketed pipes to BS EN 295; Straight pipes
M038,Material,1.6 m lengths; 100 mm dia.,m,31.245,1.0,36.5379,Shared,0,Vitrified clay; plain ended pipes to BS EN 295; Straight pipes
M039,Material,1.75 m lengths; 150 mm dia.,m,33.14,1.0,38.7539,Shared,0,Vitrified clay; plain ended pipes to BS EN 295; Straight pipes
M040,Material,1.75 m lengths; 225 mm dia.,m,106.05,1.0,124.0149,Shared,0,Vitrified clay; plain ended pipes to BS EN 295; Straight pipes
M041,Material,1.75 m lengths; 300 mm dia.,m,169.14,1.0,197.7923,Shared,0,Vitrified clay; plain ended pipes to BS EN 295; Straight pipes
M042,Material,"polypropylene coupling, 100 mm dia.",nr,20.11,1.0,23.5166,Shared,5,Couplings
M043,Material,"polypropylene coupling, 150 mm dia.",nr,37.96,1.0,44.3904,Shared,7,Couplings
M044,Material,"polypropylene coupling, 225 mm dia.",nr,42.73,1.0,49.9685,Shared,0,Couplings
M045,Material,"polypropylene coupling, 300 mm dia.",nr,87.71,1.0,102.5681,Shared,0,Couplings
M046,Material,"plain end; taper reducer, 225-150 mm",nr,242.15,1.0,283.1702,Shared,6,Tapers
M047,Material,"plain end; taper reducer, 150-100 mm",nr,117.09,1.0,136.925,Shared,1,Tapers
M048,Material,300 mm lengths; 75 mm dia.,nr,4.84,1.0,5.6599,Shared,0,"Field drains to BS 1196, butt joints, nominal bore; Hepworth"
M049,Material,300 mm lengths; 100 mm dia.,nr,6.79,1.0,7.9402,Shared,0,"Field drains to BS 1196, butt joints, nominal bore; Hepworth"
M050,Material,300 mm lengths; 150 mm dia.,nr,13.86,1.0,16.2079,Shared,0,"Field drains to BS 1196, butt joints, nominal bore; Hepworth"
M051,Material,300 mm lengths; 225 mm dia.,nr,35.67,1.0,41.7125,Shared,0,"Field drains to BS 1196, butt joints, nominal bore; Hepworth"
M052,Material,1.75 m lngth; 150 mm dia.,m,87.29,1.0,102.0769,Shared,0,"Perforated vitrified clay sleeved pipe, BS EN295; Hepline"
M053,Material,1.75 m lngth; 225 mm dia.,m,102.8,1.0,120.2143,Shared,0,"Perforated vitrified clay sleeved pipe, BS EN295; Hepline"
M054,Material,1.75 m lngth; 300 mm dia.,m,259.23,1.0,303.1436,Shared,0,"Perforated vitrified clay sleeved pipe, BS EN295; Hepline"
M055,Material,375 mm dia.,m,49.63,1.0,58.0373,Shared,11,"Concrete pipes; Concrete pipes, BS5911 Class L"
M056,Material,525 mm dia.,m,76.89,1.0,89.9152,Shared,11,"Concrete pipes; Concrete pipes, BS5911 Class L"
M057,Material,750 mm dia.,m,190.22,1.0,222.4433,Shared,11,"Concrete pipes; Concrete pipes, BS5911 Class L"
M058,Material,900 mm dia.,m,255.18,1.0,298.4075,Shared,11,"Concrete pipes; Concrete pipes, BS5911 Class L"
M059,Material,1200 mm dia.,m,436.65,1.0,510.6185,Shared,11,"Concrete pipes; Concrete pipes, BS5911 Class L"
M060,Material,1500 mm dia.,m,773.36,1.0,904.3672,Shared,11,"Concrete pipes; Concrete pipes, BS5911 Class L"
M061,Material,1800 mm dia.,m,1075.62,1.0,1257.83,Shared,11,"Concrete pipes; Concrete pipes, BS5911 Class L"
M062,Material,2100 mm dia.,m,1295.83,1.0,1515.3436,Shared,11,"Concrete pipes; Concrete pipes, BS5911 Class L"
M063,Material,bend; 300 mm dia.; <45 deg,nr,400.79,1.0,468.6838,Shared,14,Bends
M064,Material,bend; 375 mm dia.; <45 deg,nr,496.14,1.0,580.1861,Shared,1,Bends
M065,Material,bend; 450 mm dia.; <45 deg,nr,585.79,1.0,685.0228,Shared,3,Bends
M066,Material,bend; 525 mm dia.; <45 deg,nr,768.78,1.0,899.0113,Shared,1,Bends
M067,Material,bend; 750 mm dia.; <45 deg,nr,1902.42,1.0,2224.6899,Shared,1,Bends
M068,Material,bend; 900 mm dia.; 45-90 deg,nr,2365.12,1.0,2765.7713,Shared,2,Bends
M069,Material,bend; 1200 mm dia.; <45 deg,nr,4366.2,1.0,5105.8343,Shared,1,Bends
M070,Material,bend; 1500 mm dia.; <45 deg,nr,7733.06,1.0,9043.0404,Shared,1,Bends
M071,Material,bend; 1800 mm dia.; <45 deg,nr,10756.12,1.0,12578.2067,Shared,1,Bends
M072,Material,bend; 2100 mm dia.; <45 deg,nr,12946.25,1.0,15139.3448,Shared,1,Bends
M073,Material,70 mm dia.,m,33.22,1.0,38.8475,Shared,0,Cast Iron Pipes and Fittings; Cast iron drain BS EN 877; plain end
M074,Material,250 mm dia.,m,153.55,1.0,179.5614,Shared,20,Cast Iron Pipes and Fittings; Cast iron drain BS EN 877; plain end
M075,Material,70 mm dia.,nr,31.24,1.0,36.5321,Shared,0,Cast iron couplings complete with stainless steel nuts and bolts and synthetic rubber gaskets (continued)
M076,Material,100 mm dia.,nr,39.91,1.0,46.6708,Shared,0,Cast iron couplings complete with stainless steel nuts and bolts and synthetic rubber gaskets (continued)
M077,Material,150 mm dia.,nr,68.83,1.0,80.4898,Shared,0,Cast iron couplings complete with stainless steel nuts and bolts and synthetic rubber gaskets (continued)
M078,Material,250 mm dia.,nr,283.295,1.0,331.2852,Shared,1,Cast iron couplings complete with stainless steel nuts and bolts and synthetic rubber gaskets (continued)
M079,Material,70 x 70 mm dia.,nr,38.94,1.0,45.5364,Shared,0,Single junction x 45 deg
M080,Material,100 x 100 mm dia.,nr,58.25,1.0,68.1175,Shared,0,Single junction x 45 deg
M081,Material,150 x 150 mm dia.,nr,136.94,1.0,160.1376,Shared,0,Single junction x 45 deg
M082,Material,250 x 250 mm dia.,nr,840.99,1.0,983.4537,Shared,0,Single junction x 45 deg
M083,Material,Clay road gully; 450 mm dia. x 900 mm deep,nr,761.59,1.0,890.6033,Shared,17,Vitrified clay road gullies etc.
M084,Material,C.I. gully grating and frame; 434 x 434 mm to clay,nr,108.76,1.0,127.1839,Shared,0,Vitrified clay road gullies etc.
M085,Material,Clay yard gully; 225 mm dia.; including grating,nr,696.78,1.0,814.8145,Shared,1,Vitrified clay road gullies etc.
M086,Material,Clay grease interceptor; 600 x 450 mm,nr,3768.79,1.0,4407.223,Shared,2,Vitrified clay road gullies etc.
M087,Material,1.6 mm thick; 1000 mm dia.,m,172.51,1.0,201.7332,Shared,10,Culvert; Corrugated steel
M088,Material,2.0 mm thick; 1600 mm dia.,m,275.16,1.0,321.7721,Shared,0,Culvert; Corrugated steel
M089,Material,2.0 mm thick; 2000 mm dia.,m,594.72,1.0,695.4656,Shared,0,Culvert; Corrugated steel
M090,Material,2.0 mm thick; 2200 mm dia.,m,671,1.0,784.6674,Shared,0,Culvert; Corrugated steel
M091,Material,Common bricks; PC £ per thousand,1000,589.57,1.0,689.4432,Shared,0,Clay bricks
M092,Material,Facing bricks; PC £ per thousand,1000,971.91,1.0,1136.5516,Shared,0,Clay bricks
M093,Material,Class A engineering bricks; PC £ per thousand,1000,795.26,1.0,929.977,Shared,0,Clay bricks
M094,Material,Class B engineering bricks; PC £ per thousand,1000,741.6,1.0,867.227,Shared,0,Clay bricks
M095,Material,solid; 3.5 N/mm2; 100 mm thick,m2,17.78,1.0,20.7919,Shared,6,Concrete blocks to BS EN 771-3; Lightweight
M096,Material,solid; 3.5 N/mm2; 140 mm thick,m2,21.95,1.0,25.6683,Shared,6,Concrete blocks to BS EN 771-3; Lightweight
M097,Material,solid 3.5 N/mm2; 215 mm thick,m2,31.63,1.0,36.9881,Shared,13,Concrete blocks to BS EN 771-3; Lightweight
M098,Material,solid 7 N/mm2; 100 mm thick,m2,10.84,1.0,12.6763,Shared,0,Dense
M099,Material,solid 7 N/mm2; 140 mm thick,m2,17.43,1.0,20.3826,Shared,0,Dense
M100,Material,solid 7 N/mm2; 215 mm thick,m2,21.84,1.0,25.5397,Shared,0,Dense
M101,Material,Designed Concrete; Strength; C12/15,m3,156.94,1.0,183.5256,Shared,1,CLASS F: IN SITU CONCRETE
M102,Material,Designed Concrete; Strength; C16/20,m3,158.87,1.0,185.7826,Shared,2,CLASS F: IN SITU CONCRETE
M103,Material,Designed Concrete; Strength; C20/25,m3,160.92,1.0,188.1798,Shared,2,CLASS F: IN SITU CONCRETE
M104,Material,Designed Concrete; Strength; C25/30,m3,162.88,1.0,190.4719,Shared,1,CLASS F: IN SITU CONCRETE
M105,Material,Designed Concrete; Strength; C32/40,m3,164.88,1.0,192.8107,Shared,3,CLASS F: IN SITU CONCRETE
M106,Material,Designed Concrete; Strength; RCC8/10,m3,177.09,1.0,207.089,Shared,1,CLASS F: IN SITU CONCRETE
M107,Material,Designed Concrete; Strength; RC25/30,m3,179.02,1.0,209.346,Shared,0,CLASS F: IN SITU CONCRETE
M108,Material,Designed Concrete; Strength; RC30/37,m3,181.07,1.0,211.7433,Shared,0,CLASS F: IN SITU CONCRETE
M109,Material,Designed Concrete; Strength; RC32/40,m3,183.02,1.0,214.0236,Shared,0,CLASS F: IN SITU CONCRETE
M110,Material,Designed Concrete; Strength; RC40/50,m3,185.03,1.0,216.3741,Shared,0,CLASS F: IN SITU CONCRETE
M111,Material,Designed mix; sulphate-resisting cement to BS 4027; Grade C7.5; 10 mm aggregate,m3,170.21,1.0,199.0436,Shared,16,CLASS F: IN SITU CONCRETE
M112,Material,Designed mix; sulphate-resisting cement to BS 4027; Grade C7.5; 20 mm aggregate,m3,156.61,1.0,183.1397,Shared,0,CLASS F: IN SITU CONCRETE
M113,Material,Designed mix; sulphate-resisting cement to BS 4027; Grade C7.5; 40 mm aggregate,m3,154.57,1.0,180.7542,Shared,0,CLASS F: IN SITU CONCRETE
M114,Material,Designed mix; sulphate-resisting cement to BS 4027; Grade C10; 10 mm aggregate,m3,170.53,1.0,199.4178,Shared,0,CLASS F: IN SITU CONCRETE
M115,Material,Designed mix; sulphate-resisting cement to BS 4027; Grade C10 (continued); 20 mm aggregate,m3,159.85,1.0,186.9286,Shared,2,CLASS F: IN SITU CONCRETE
M116,Material,Designed mix; sulphate-resisting cement to BS 4027; Grade C10 (continued); 40 mm aggregate,m3,164.13,1.0,191.9336,Shared,0,CLASS F: IN SITU CONCRETE
M117,Material,Designed mix; sulphate-resisting cement to BS 4027; Grade C15; 10 mm aggregate,m3,155.84,1.0,182.2393,Shared,0,CLASS F: IN SITU CONCRETE
M118,Material,Designed mix; sulphate-resisting cement to BS 4027; Grade C15; 20 mm aggregate,m3,166.38,1.0,194.5648,Shared,0,CLASS F: IN SITU CONCRETE
M119,Material,Designed mix; sulphate-resisting cement to BS 4027; Grade C15; 40 mm aggregate,m3,164.46,1.0,192.3195,Shared,0,CLASS F: IN SITU CONCRETE
M120,Material,Designed mix; sulphate-resisting cement to BS 4027; Grade C20; 10 mm aggregate,m3,161.65,1.0,189.0335,Shared,0,CLASS F: IN SITU CONCRETE
M121,Material,Designed mix; sulphate-resisting cement to BS 4027; Grade C20; 20 mm aggregate,m3,167.13,1.0,195.4418,Shared,0,CLASS F: IN SITU CONCRETE
M122,Material,Designed mix; sulphate-resisting cement to BS 4027; Grade C20; 40 mm aggregate,m3,164.94,1.0,192.8808,Shared,0,CLASS F: IN SITU CONCRETE
M123,Material,Designed mix; sulphate-resisting cement to BS 4027; Grade C25; 10 mm aggregate,m3,176.13,1.0,205.9664,Shared,0,CLASS F: IN SITU CONCRETE
M124,Material,Designed mix; sulphate-resisting cement to BS 4027; Grade C25; 20 mm aggregate,m3,171.04,1.0,200.0142,Shared,0,CLASS F: IN SITU CONCRETE
M125,Material,Designed mix; sulphate-resisting cement to BS 4027; Grade C25; 40 mm aggregate,m3,176.18,1.0,206.0249,Shared,0,CLASS F: IN SITU CONCRETE
M126,Material,Designed mix; sulphate-resisting cement to BS 4027; Grade C30; 10 mm aggregate,m3,187.82,1.0,219.6367,Shared,0,CLASS F: IN SITU CONCRETE
M127,Material,Designed mix; sulphate-resisting cement to BS 4027; Grade C30; 20 mm aggregate,m3,192.34,1.0,224.9224,Shared,0,CLASS F: IN SITU CONCRETE
M128,Material,Designed mix; sulphate-resisting cement to BS 4027; Grade C30; 40 mm aggregate,m3,189.78,1.0,221.9287,Shared,0,CLASS F: IN SITU CONCRETE
M129,Material,Designated Concrete; Grade C7.5; 10 mm aggregate,m3,150.53,1.0,176.0298,Shared,13,CLASS F: IN SITU CONCRETE
M130,Material,Designated Concrete; Grade C7.5; 20 mm aggregate,m3,136.93,1.0,160.1259,Shared,8,CLASS F: IN SITU CONCRETE
M131,Material,Designated Concrete; Grade C7.5; 40 mm aggregate,m3,134.88,1.0,157.7287,Shared,3,CLASS F: IN SITU CONCRETE
M132,Material,Designated Concrete; Grade C10; 10 mm aggregate,m3,150.53,1.0,176.0298,Shared,0,CLASS F: IN SITU CONCRETE
M133,Material,Designated Concrete; Grade C10; 20 mm aggregate,m3,139.85,1.0,163.5406,Shared,0,CLASS F: IN SITU CONCRETE
M134,Material,Designated Concrete; Grade C10; 40 mm aggregate,m3,144.13,1.0,168.5456,Shared,0,CLASS F: IN SITU CONCRETE
M135,Material,Designated Concrete; Grade C15; 10 mm aggregate,m3,135.51,1.0,158.4654,Shared,0,CLASS F: IN SITU CONCRETE
M136,Material,Designated Concrete; Grade C15; 20 mm aggregate,m3,146.05,1.0,170.7909,Shared,0,CLASS F: IN SITU CONCRETE
M137,Material,Designated Concrete; Grade C15; 40 mm aggregate,m3,144.13,1.0,168.5456,Shared,0,CLASS F: IN SITU CONCRETE
M138,Material,Designated Concrete; Grade C20; 10 mm aggregate,m3,141.12,1.0,165.0257,Shared,0,CLASS F: IN SITU CONCRETE
M139,Material,Designated Concrete; Grade C20; 20 mm aggregate,m3,146.6,1.0,171.434,Shared,0,CLASS F: IN SITU CONCRETE
M140,Material,Designated Concrete; Grade C20; 40 mm aggregate,m3,144.41,1.0,168.8731,Shared,0,CLASS F: IN SITU CONCRETE
M141,Material,Designated Concrete; Grade C25; 10 mm aggregate,m3,154.92,1.0,181.1634,Shared,0,CLASS F: IN SITU CONCRETE
M142,Material,Designated Concrete; Grade C25; 20 mm aggregate,m3,149.83,1.0,175.2112,Shared,0,CLASS F: IN SITU CONCRETE
M143,Material,Designated Concrete; Grade C25; 40 mm aggregate,m3,154.97,1.0,181.2219,Shared,0,CLASS F: IN SITU CONCRETE
M144,Material,Designated Concrete; Grade C30; 10 mm aggregate,m3,166.28,1.0,194.4478,Shared,0,CLASS F: IN SITU CONCRETE
M145,Material,Designated Concrete; Grade C30; 20 mm aggregate,m3,170.8,1.0,199.7335,Shared,0,CLASS F: IN SITU CONCRETE
M146,Material,Designated Concrete; Grade C30; 40 mm aggregate,m3,168.24,1.0,196.7399,Shared,0,CLASS F: IN SITU CONCRETE
M147,Material,Designated Concrete; Grade C40; 10 mm aggregate,m3,183.61,1.0,214.7135,Shared,0,CLASS F: IN SITU CONCRETE
M148,Material,Designated Concrete; Grade C40; 20 mm aggregate,m3,180.84,1.0,211.4743,Shared,0,CLASS F: IN SITU CONCRETE
M149,Material,Designated Concrete; Grade C50; 10 mm aggregate,m3,187.27,1.0,218.9935,Shared,0,CLASS F: IN SITU CONCRETE
M150,Material,Designated Concrete; Grade C50; 20 mm aggregate,m3,184.45,1.0,215.6958,Shared,0,CLASS F: IN SITU CONCRETE
M151,Material,Designated Concrete; Grade C60; 10 mm aggregate,m3,191.02,1.0,223.3788,Shared,0,CLASS F: IN SITU CONCRETE
M152,Material,Designated Concrete; Grade C60; 20 mm aggregate,m3,188.11,1.0,219.9758,Shared,0,CLASS F: IN SITU CONCRETE
M153,Material,Prescribed mix; cement to BS EN 197-1; Grade C7.5; 10 mm aggregate,m3,142.49,1.0,166.6278,Shared,23,CLASS F: IN SITU CONCRETE
M154,Material,Prescribed mix; cement to BS EN 197-1; Grade C7.5; 20 mm aggregate,m3,140.35,1.0,164.1253,Shared,0,CLASS F: IN SITU CONCRETE
M155,Material,Prescribed mix; cement to BS EN 197-1; Grade C7.5; 40 mm aggregate,m3,138.24,1.0,161.6579,Shared,0,CLASS F: IN SITU CONCRETE
M156,Material,Prescribed mix; cement to BS EN 197-1; Grade C10; 10 mm aggregate,m3,145.05,1.0,169.6215,Shared,0,CLASS F: IN SITU CONCRETE
M157,Material,Prescribed mix; cement to BS EN 197-1; Grade C10; 20 mm aggregate,m3,142.83,1.0,167.0254,Shared,0,CLASS F: IN SITU CONCRETE
M158,Material,Prescribed mix; cement to BS EN 197-1; Grade C10; 40 mm aggregate,m3,140.74,1.0,164.5814,Shared,0,CLASS F: IN SITU CONCRETE
M159,Material,Prescribed mix; cement to BS EN 197-1; Grade C15; 10 mm aggregate,m3,145.84,1.0,170.5453,Shared,0,CLASS F: IN SITU CONCRETE
M160,Material,Prescribed mix; cement to BS EN 197-1; Grade C15; 20 mm aggregate,m3,148.43,1.0,173.574,Shared,0,CLASS F: IN SITU CONCRETE
M161,Material,Prescribed mix; cement to BS EN 197-1; Grade C15; 40 mm aggregate,m3,141.49,1.0,165.4584,Shared,0,CLASS F: IN SITU CONCRETE
M162,Material,Prescribed mix; cement to BS EN 197-1; Grade C20; 10 mm aggregate,m3,152.56,1.0,178.4037,Shared,0,CLASS F: IN SITU CONCRETE
M163,Material,Prescribed mix; cement to BS EN 197-1; Grade C20; 20 mm aggregate,m3,150.26,1.0,175.714,Shared,0,CLASS F: IN SITU CONCRETE
M164,Material,Prescribed mix; cement to BS EN 197-1; Grade C20; 40 mm aggregate,m3,148.03,1.0,173.1063,Shared,0,CLASS F: IN SITU CONCRETE
M165,Material,Prescribed mix; cement to BS EN 197-1; Grade C25; 10 mm aggregate,m3,154.92,1.0,181.1634,Shared,0,CLASS F: IN SITU CONCRETE
M166,Material,Prescribed mix; cement to BS EN 197-1; Grade C25; 20 mm aggregate,m3,154.92,1.0,181.1634,Shared,0,CLASS F: IN SITU CONCRETE
M167,Material,Prescribed mix; cement to BS EN 197-1; Grade C25; 40 mm aggregate,m3,154.92,1.0,181.1634,Shared,0,CLASS F: IN SITU CONCRETE
M168,Material,Prescribed mix; cement to BS EN 197-1; Grade C30; 10 mm aggregate,m3,177.72,1.0,207.8258,Shared,0,CLASS F: IN SITU CONCRETE
M169,Material,Prescribed mix; cement to BS EN 197-1; Grade C30; 20 mm aggregate,m3,175.09,1.0,204.7502,Shared,0,CLASS F: IN SITU CONCRETE
M170,Material,Prescribed mix; cement to BS EN 197-1; Grade C30; 40 mm aggregate,m3,190.46,1.0,222.7239,Shared,0,CLASS F: IN SITU CONCRETE
M171,Material,Prescribed mix; cement to BS EN 197-1; Grade C40; 10 mm aggregate,m3,187.45,1.0,219.204,Shared,0,CLASS F: IN SITU CONCRETE
M172,Material,Prescribed mix; cement to BS EN 197-1; Grade C40; 20 mm aggregate,m3,185.37,1.0,216.7717,Shared,0,CLASS F: IN SITU CONCRETE
M173,Material,Prescribed mix; cement to BS EN 197-1; Grade C50; 10 mm aggregate,m3,191.95,1.0,224.4663,Shared,0,CLASS F: IN SITU CONCRETE
M174,Material,Prescribed mix; cement to BS EN 197-1; Grade C50 (continued); 20 mm aggregate,m3,189.06,1.0,221.0868,Shared,1,CLASS F: IN SITU CONCRETE
M175,Material,Prescribed mix; cement to BS EN 197-1; Grade C60; 10 mm aggregate,m3,195.81,1.0,228.9802,Shared,0,CLASS F: IN SITU CONCRETE
M176,Material,Prescribed mix; cement to BS EN 197-1; Grade C60; 20 mm aggregate,m3,192.86,1.0,225.5305,Shared,0,CLASS F: IN SITU CONCRETE
M177,Material,Prescribed mix; sulphate-resisting cement to BS 4027; Grade C7.5; 10 mm aggregate,m3,162.17,1.0,189.6416,Shared,18,CLASS F: IN SITU CONCRETE
M178,Material,Prescribed mix; sulphate-resisting cement to BS 4027; Grade C7.5; 20 mm aggregate,m3,160.03,1.0,187.1391,Shared,0,CLASS F: IN SITU CONCRETE
M179,Material,Prescribed mix; sulphate-resisting cement to BS 4027; Grade C7.5; 40 mm aggregate,m3,157.92,1.0,184.6716,Shared,0,CLASS F: IN SITU CONCRETE
M180,Material,Prescribed mix; sulphate-resisting cement to BS 4027; Grade C10; 10 mm aggregate,m3,165.05,1.0,193.0095,Shared,0,CLASS F: IN SITU CONCRETE
M181,Material,Prescribed mix; sulphate-resisting cement to BS 4027; Grade C10; 20 mm aggregate,m3,162.83,1.0,190.4134,Shared,0,CLASS F: IN SITU CONCRETE
M182,Material,Prescribed mix; sulphate-resisting cement to BS 4027; Grade C10; 40 mm aggregate,m3,160.74,1.0,187.9694,Shared,0,CLASS F: IN SITU CONCRETE
M183,Material,Prescribed mix; sulphate-resisting cement to BS 4027; Grade C15; 10 mm aggregate,m3,166.17,1.0,194.3192,Shared,0,CLASS F: IN SITU CONCRETE
M184,Material,Prescribed mix; sulphate-resisting cement to BS 4027; Grade C15; 20 mm aggregate,m3,168.76,1.0,197.3479,Shared,0,CLASS F: IN SITU CONCRETE
M185,Material,Prescribed mix; sulphate-resisting cement to BS 4027; Grade C15; 40 mm aggregate,m3,161.82,1.0,189.2323,Shared,0,CLASS F: IN SITU CONCRETE
M186,Material,Prescribed mix; sulphate-resisting cement to BS 4027; Grade C20; 10 mm aggregate,m3,173.09,1.0,202.4114,Shared,0,CLASS F: IN SITU CONCRETE
M187,Material,Prescribed mix; sulphate-resisting cement to BS 4027; Grade C20; 20 mm aggregate,m3,170.79,1.0,199.7218,Shared,0,CLASS F: IN SITU CONCRETE
M188,Material,Prescribed mix; sulphate-resisting cement to BS 4027; Grade C20; 40 mm aggregate,m3,168.56,1.0,197.1141,Shared,0,CLASS F: IN SITU CONCRETE
M189,Material,Prescribed mix; sulphate-resisting cement to BS 4027; Grade C25; 10 mm aggregate,m3,176.13,1.0,205.9664,Shared,0,CLASS F: IN SITU CONCRETE
M190,Material,Prescribed mix; sulphate-resisting cement to BS 4027; Grade C25; 20 mm aggregate,m3,176.13,1.0,205.9664,Shared,0,CLASS F: IN SITU CONCRETE
M191,Material,Prescribed mix; sulphate-resisting cement to BS 4027; Grade C25; 40 mm aggregate,m3,176.13,1.0,205.9664,Shared,0,CLASS F: IN SITU CONCRETE
M192,Material,Prescribed mix; sulphate-resisting cement to BS 4027; Grade C30; 10 mm aggregate,m3,199.26,1.0,233.0146,Shared,0,CLASS F: IN SITU CONCRETE
M193,Material,Prescribed mix; sulphate-resisting cement to BS 4027; Grade C30; 20 mm aggregate,m3,196.63,1.0,229.9391,Shared,0,CLASS F: IN SITU CONCRETE
M194,Material,Prescribed mix; sulphate-resisting cement to BS 4027; Grade C30; 40 mm aggregate,m3,212,1.0,247.9128,Shared,0,CLASS F: IN SITU CONCRETE
M195,Material,Additional allowances to bar reinforcement; Add to the above bars; 12-15 m long; mild steel to BS 4449,tonne,97.88,1.0,114.4609,Shared,1,CLASS G: CONCRETE ANCILLARIES
M196,Material,Additional allowances to bar reinforcement; Add to the above bars; 12-15 m long; high yield steel to BS 4449,tonne,99.21,1.0,116.0162,Shared,1,CLASS G: CONCRETE ANCILLARIES
M197,Material,"Additional allowances to bar reinforcement; Add to the above bars; Over 15 m long, per 500 mm increment; mild steel to BS 4449",tonne,97.88,1.0,114.4609,Shared,1,CLASS G: CONCRETE ANCILLARIES
M198,Material,"Additional allowances to bar reinforcement; Add to the above bars; Over 15 m long, per 500 mm increment; high yield steel to BS 4449",tonne,99.21,1.0,116.0162,Shared,1,CLASS G: CONCRETE ANCILLARIES
M199,Material,Testing; laminated elastomeric bearings; compression test,nr,99.75,1.0,116.6476,Shared,1,CLASS N: MISCELLANEOUS METALWORK
M200,Material,Testing; laminated elastomeric bearings; shear test,nr,130.12,1.0,152.1623,Shared,1,CLASS N: MISCELLANEOUS METALWORK
M201,Material,Testing; laminated elastomeric bearings; bond test (Exclusive of cost of bearings as this is a destructive test),nr,494.52,1.0,578.2917,Shared,1,CLASS N: MISCELLANEOUS METALWORK
M202,Material,Softwood; 600 x 600 mm; ADD to the above prices for vacuum/pressure impregnating to minimum 5.30 kg/m3 salt retention,m3,62.99,1.0,73.6605,Shared,1,CLASS O: TIMBER
M203,Material,Extruded asphalt kerbs to BS 5931; extruded and slip formed; Kerb; straight or curved over 12 m radius; 75 mm kerb height,m,6.21,1.0,7.262,Shared,9,CLASS R: ROADS AND PAVINGS
M204,Material,Extruded asphalt kerbs to BS 5931; extruded and slip formed; Kerb; straight or curved over 12 m radius; 100 mm kerb height,m,13.34,1.0,15.5998,Shared,0,CLASS R: ROADS AND PAVINGS
M205,Material,Extruded asphalt kerbs to BS 5931; extruded and slip formed; Kerb; straight or curved over 12 m radius; 125 mm kerb height,m,17.77,1.0,20.7802,Shared,1,CLASS R: ROADS AND PAVINGS
M206,Material,Channel; straight or curved over 12 m radius (extruded asphalt); 300 mm channel width,m,22.23,1.0,25.9958,Shared,9,CLASS R: ROADS AND PAVINGS
M207,Material,Channel; straight or curved over 12 m radius (extruded asphalt); 250 mm channel width,m,17.77,1.0,20.7802,Shared,1,CLASS R: ROADS AND PAVINGS
M208,Material,Kerb; curved to radius ne 12 m (extruded asphalt); 75 mm kerb height,m,5.91,1.0,6.9112,Shared,0,CLASS R: ROADS AND PAVINGS
M209,Material,Kerb; curved to radius ne 12 m (extruded asphalt); 100 mm kerb height,m,12.68,1.0,14.828,Shared,0,CLASS R: ROADS AND PAVINGS
M210,Material,Kerb; curved to radius ne 12 m (extruded asphalt); 125 mm kerb height,m,16.89,1.0,19.7512,Shared,0,CLASS R: ROADS AND PAVINGS
M211,Material,Channel; curved to radius ne 12 m (extruded asphalt); 300 mm channel width,m,22.11,1.0,25.8554,Shared,0,CLASS R: ROADS AND PAVINGS
M212,Material,Channel; curved to radius ne 12 m (extruded asphalt); 250 mm channel width,m,16.89,1.0,19.7512,Shared,0,CLASS R: ROADS AND PAVINGS
M213,Material,Extruded concrete; slip formed; Kerb; straight or curved over 12 m radius; 100 mm kerb height,m,13.34,1.0,15.5998,Shared,6,CLASS R: ROADS AND PAVINGS
M214,Material,Extruded concrete; slip formed; Kerb; straight or curved over 12 m radius; 125 mm kerb height,m,17.77,1.0,20.7802,Shared,0,CLASS R: ROADS AND PAVINGS
M215,Material,Kerb; curved to radius ne 12 m (extruded concrete); 100 mm kerb height,m,18.35,1.0,21.4585,Shared,0,CLASS R: ROADS AND PAVINGS
M216,Material,Kerb; curved to radius ne 12 m (extruded concrete); 125 mm kerb height,m,22.2,1.0,25.9607,Shared,0,CLASS R: ROADS AND PAVINGS
M217,Material,"Precast concrete flags; BS 7263; grey; bedding in cement mortar; Paved area; sloping not exceeding 10 deg to the horizontal; Extra for coloured, 50 mm thick",m2,4.22,1.0,4.9349,Shared,8,CLASS R: ROADS AND PAVINGS
M218,Material,Ballast; Imported crushed granite; Bottom ballast,m3,85.19,1.0,99.6212,Shared,1,CLASS S: RAIL TRACK
M219,Material,Ballast; Imported crushed granite; Top ballast,m3,85.19,1.0,99.6212,Shared,1,CLASS S: RAIL TRACK
M220,Material,Imported granular material; Blankets; 150 mm thick,m3,71,1.0,83.0274,Shared,1,CLASS S: RAIL TRACK
M221,Material,Imported sand; Blinding; 100 mm thick,m3,42.6,1.0,49.8164,Shared,1,CLASS S: RAIL TRACK
M222,Material,Waterproof membranes; Polythene sheeting; Waterproof membrane; 1200 gauge,m2,4.77,1.0,5.578,Shared,1,CLASS S: RAIL TRACK
M223,Material,"Bullhead rails; BS 11; delivered in standard 18.288 m lengths; BS95R section, 47 kg/m; for jointed track",tonne,1212.34,1.0,1417.7104,Shared,1,CLASS S: RAIL TRACK
M224,Material,"Flat bottom rails; BS 11; delivered in standard 18.288 m lengths; BS 113 'A' section, 56 kg/m; for jointed track",tonne,1212.34,1.0,1417.7104,Shared,1,CLASS S: RAIL TRACK
M225,Material,"Flat bottom rails; BS 11; delivered in standard 18.288 m lengths; BS 113 'A' section, 40 kg/m; for welded track",tonne,1212.34,1.0,1417.7104,Shared,1,CLASS S: RAIL TRACK
M226,Material,Flat bottom rails; BS 11; delivered in standard 18.288 m lengths; Extra for curved rails to form super elevation; radius over 600 m,%,28.87,1.0,33.7606,Shared,13,CLASS S: RAIL TRACK
M227,Material,"Check and guard rails; BS 11; delivered in standard 18.288 m lengths; flange planed to allow 50 mm free wheel clearance; BS 113 'A' section, 56 kg/m; for bolting",tonne,1447.22,1.0,1692.3791,Shared,1,CLASS S: RAIL TRACK
M228,Material,"Conductor rails; BS 11; delivered in standard 18.288 m lengths; BS 113 'A' section, 56 kg/m; for bolting",tonne,1447.22,1.0,1692.3791,Shared,1,CLASS S: RAIL TRACK
M229,Material,"Twist rails; BS 11; delivered in standard 18.288 m lengths; BS 113 'A' section, 56 kg/m; for bolting",tonne,1447.22,1.0,1692.3791,Shared,1,CLASS S: RAIL TRACK
M230,Material,Sleepers; bullhead track timber sleepers; 2600 x 250 x 130 mm,nr,39.41,1.0,46.0861,Shared,1,CLASS S: RAIL TRACK
M231,Material,Sleepers; bullhead track concrete sleepers; 2600 x 250 x 130 mm,nr,69.92,1.0,81.7644,Shared,1,CLASS S: RAIL TRACK
M232,Material,Sleepers; bullhead track steel sleepers; 2525 x 264 x 204 mm,nr,93.95,1.0,109.8651,Shared,1,CLASS S: RAIL TRACK
M233,Material,Sleepers; Flat bottom track timber sleepers; 2600 x 250 x 130 mm,nr,39.41,1.0,46.0861,Shared,1,CLASS S: RAIL TRACK
M234,Material,Sleepers; Flat bottom track concrete sleepers; 2600 x 250 x 130 mm,nr,69.92,1.0,81.7644,Shared,1,CLASS S: RAIL TRACK
M235,Material,Sleepers; Flat bottom track steel sleepers; 2525 x 264 x 204 mm,nr,93.95,1.0,109.8651,Shared,1,CLASS S: RAIL TRACK
M236,Material,"Fittings; cast iron chairs complete with chair screws, plastic ferrules, spring steels and keys; BR type S1",nr,78.8,1.0,92.1487,Shared,2,CLASS S: RAIL TRACK
M237,Material,"Fittings; cast iron chairs complete with chair screws, plastic ferrules, spring steels and keys; BR type CC",nr,110.6,1.0,129.3356,Shared,0,CLASS S: RAIL TRACK
M238,Material,"Fittings; cast iron chairs complete with resilient pad, chair screws, ferrules, rail clips and nylon insulators; BR type PAN 6",nr,60.23,1.0,70.433,Shared,3,CLASS S: RAIL TRACK
M239,Material,"Fittings; cast iron chairs complete with resilient pad, chair screws, ferrules, rail clips and nylon insulators; BR type VN",nr,68.19,1.0,79.7414,Shared,0,CLASS S: RAIL TRACK
M240,Material,"Fittings; cast iron chairs complete with resilient pad, chair screws, ferrules, rail clips and nylon insulators; BR type C",nr,51.52,1.0,60.2475,Shared,0,CLASS S: RAIL TRACK
M241,Material,"Fittings; plain fishplates; for BS95R section rail, skirted pattern; sets of two; complete with fishbolts, nuts and washers",nr,151.53,1.0,177.1992,Shared,1,CLASS S: RAIL TRACK
M242,Material,"Fittings; plain fishplates; for BS95R section rail, joggled pattern; sets of two; complete with fishbolts, nuts and washers",nr,174.28,1.0,203.803,Shared,1,CLASS S: RAIL TRACK
M243,Material,"Fittings; plain fishplates; for BS113 'A' section rail, shallow section; sets of two; complete with fishbolts, nuts and washers",nr,151.53,1.0,177.1992,Shared,1,CLASS S: RAIL TRACK
M244,Material,"Fittings; insulated fishplates; BS95R section rail, steel billet pattern; sets of two; complete with high tensile steel bolts, nuts and washers",nr,87.89,1.0,102.7786,Shared,1,CLASS S: RAIL TRACK
M245,Material,"Fittings; cast iron spacer block between running and guard rails; for BS95R section rail; M25 x 220 mm bolt, nut and washers",nr,68.2,1.0,79.7531,Shared,2,CLASS S: RAIL TRACK
M246,Material,"Fittings; cast iron spacer block between running and guard rails; for BS113 'A' section rail; M25 x 220 mm bolt, nut and washers",nr,68.2,1.0,79.7531,Shared,0,CLASS S: RAIL TRACK
M247,Material,"Prefabricated Turnouts; complete with closures, check rails, fittings, etc.; Type B8; BS 95R bullhead rail with timber bearers",nr,31823.68,1.0,37214.6114,Shared,2,CLASS S: RAIL TRACK
M248,Material,"Prefabricated Turnouts; complete with closures, check rails, fittings, etc.; Type C10; BS 95R bullhead rail with concrete bearers",nr,2500.44,1.0,2924.0145,Shared,1,CLASS S: RAIL TRACK
M249,Material,"Prefabricated Turnouts; complete with closures, check rails, fittings, etc.; Type C10; BS 95R bullhead rail with steel bearers",nr,2500.44,1.0,2924.0145,Shared,1,CLASS S: RAIL TRACK
M250,Material,"Prefabricated Turnouts; complete with closures, check rails, fittings, etc.; Type Bx8; BS 113 'A' section flat bottom rail with timber bearers",nr,20913.63,1.0,24456.3989,Shared,3,CLASS S: RAIL TRACK
M251,Material,"Prefabricated Turnouts; complete with closures, check rails, fittings, etc.; Type Cv9.25; BS 113 'A' section flat bottom rail with concrete bearers",nr,33181.85,1.0,38802.8554,Shared,2,CLASS S: RAIL TRACK
M252,Material,"Prefabricated Turnouts; complete with closures, check rails, fittings, etc.; Type Cv9.25; BS 113 'A' section flat bottom rail with sleeper bearers",nr,33181.85,1.0,38802.8554,Shared,1,CLASS S: RAIL TRACK
M253,Material,"Prefabricated Diamond crossings; complete with closures, check rails, fittings, timber sleepers; RT standard design, angle 1 in 4; BS95R bullhead rail",nr,139417.97,1.0,163035.3741,Shared,5,CLASS S: RAIL TRACK
M254,Material,"Prefabricated Diamond crossings; complete with closures, check rails, fittings, timber sleepers; RT standard design, angle 1 in 4; BS113 'A' section flat bottom rail",nr,151541.25,1.0,177212.3378,Shared,5,CLASS S: RAIL TRACK
M255,Material,"Sundries; buffer stops; single raker, steel rail and timber; 2 tonnes approximate weight",nr,16647.09,1.0,19467.107,Shared,2,CLASS S: RAIL TRACK
M256,Material,"Sundries; buffer stops; double raker, steel rail and timber; 2.5 tonnes approximate weight",nr,18605.58,1.0,21757.3653,Shared,2,CLASS S: RAIL TRACK
M257,Material,Sundries; wheel stops; steel; 100 kg approximate weight,nr,783.39,1.0,916.0963,Shared,2,CLASS S: RAIL TRACK
M258,Material,Sundries; lubricators; single rail,nr,1501.51,1.0,1755.8658,Shared,2,CLASS S: RAIL TRACK
M259,Material,Sundries; lubricators; double rail,nr,2937.74,1.0,3435.3932,Shared,2,CLASS S: RAIL TRACK
M260,Material,Sundries; switch levers; upright pattern,nr,998.83,1.0,1168.0318,Shared,1,CLASS S: RAIL TRACK
M261,Material,Sundries; switch levers; flush type,nr,998.83,1.0,1168.0318,Shared,1,CLASS S: RAIL TRACK
MX1000,Material,Paragrid 100/255; 330 g/m2,m2,1.83,1.0,2.14,Item-specific,1,item-specific
MX1002,Material,Paralink 200 s; 1120 g/m2,m2,5.31,1.0,6.2095,Item-specific,1,item-specific
MX1003,Material,Paralink 200 s; 1120 g/m2,m2,5.31,1.0,6.2095,Item-specific,1,item-specific
MX1005,Material,Paralink 600 s; 2040 g/m2,m2,11.68,1.0,13.6586,Item-specific,1,item-specific
MX1006,Material,Paralink 600 s; 2040 g/m2,m2,11.68,1.0,13.6586,Item-specific,1,item-specific
MX1008,Material,Terram grid 30/30,m2,3.94,1.0,4.6074,Item-specific,1,item-specific
MX1009,Material,Terram grid 30/30,m2,3.94,1.0,4.6074,Item-specific,1,item-specific
MX1012,Material,For use where erosion protection is required to the surface of a slope once its geotechnical stability has been achieved,m2,7.31,1.0,8.5483,Item-specific,1,item-specific
MX1013,Material,For use where erosion protection is required to the surface of a slope once its geotechnical stability has been achieved,m2,7.31,1.0,8.5483,Item-specific,1,item-specific
MX1015,Material,"For use where hydraulic action exists, such as coastline protection from pressures exerted by waves, currents and tides;",m2,0.79,1.0,0.9238,Item-specific,1,item-specific
MX1016,Material,"For use where hydraulic action exists, such as coastline protection from pressures exerted by waves, currents and tides;",m2,0.79,1.0,0.9238,Item-specific,1,item-specific
MX1018,Material,For protection against puncturing to reservoir liner; Typar SF563,m2,0.79,1.0,0.9238,Item-specific,1,item-specific
MX1019,Material,For protection against puncturing to reservoir liner; Typar SF563,m2,0.79,1.0,0.9238,Item-specific,1,item-specific
MX1021,Material,Geotextiles; temporary parking areas; For reinforcement of grassed areas subject to wear from excessive pedestrian and l,m2,6.31,1.0,7.3789,Item-specific,1,item-specific
MX1023,Material,Geotextiles; landscaping applications; For prevention of weed growth in planted areas by incorporating a geotextile over,m2,0.32,1.0,0.3742,Item-specific,1,item-specific
MX1024,Material,Geotextiles; landscaping applications; For prevention of weed growth in planted areas by incorporating a geotextile over,m2,0.32,1.0,0.3742,Item-specific,1,item-specific
MX1027,Material,For root growth control; prevention of lateral spread of roots and mixing of road base and humus; Typar SF20 (continued),m2,0.32,1.0,0.3742,Item-specific,1,item-specific
MX1028,Material,For root growth control; prevention of lateral spread of roots and mixing of road base and humus; Typar SF20 (continued),m2,0.32,1.0,0.3742,Item-specific,1,item-specific
MX1031,Material,For clean installation of pipe support material and to prevent silting of the drainage pipe and minimizing differential ,m2,0.52,1.0,0.6081,Item-specific,1,item-specific
MX1032,Material,For clean installation of pipe support material and to prevent silting of the drainage pipe and minimizing differential ,m2,0.52,1.0,0.6081,Item-specific,1,item-specific
MX1034,Material,For wrapping to prevent clogging of drainage pipes surrounded by fine soil; Typar SF10,m2,0.67,1.0,0.7835,Item-specific,1,item-specific
MX1036,Material,For wrapping to prevent clogging of drainage pipes surrounded by fine soil; Terram 1000,m2,0.96,1.0,1.1226,Item-specific,1,item-specific
MX1038,Material,"For vertical structure drainage to sub-surface walls, roofs and foundations; Filtram 1B1",m2,5.94,1.0,6.9462,Item-specific,1,item-specific
MX1040,Material,"For waterproofing to tunnels, buried structures, etc. where the membrane is buried, forming part of the drainage system;",m2,10.89,1.0,12.7348,Item-specific,1,item-specific
MX1042,Material,Geotextiles; roofing insulation and protection,m2,0.79,1.0,0.9238,Item-specific,1,item-specific
MX1043,Material,Geotextiles; roofing insulation and protection,m2,0.52,1.0,0.6081,Item-specific,1,item-specific
MX1371,Material,"Plane horizontal, width",m,7.15,1.0,8.3612,Item-specific,1,item-specific
MX1372,Material,"Plane horizontal, width",m,8.31,1.0,9.7177,Item-specific,1,item-specific
MX1373,Material,"Plane horizontal, width",m2,22.13,1.0,25.8788,Item-specific,1,item-specific
MX1374,Material,"Plane horizontal, width",m2,22.13,1.0,25.8788,Item-specific,1,item-specific
MX1375,Material,"Plane horizontal, width",m2,22.13,1.0,25.8788,Item-specific,1,item-specific
MX1377,Material,"Plane sloping, width",m,7.15,1.0,8.3612,Item-specific,1,item-specific
MX1378,Material,"Plane sloping, width",m,8.31,1.0,9.7177,Item-specific,1,item-specific
MX1379,Material,"Plane sloping, width",m2,28.57,1.0,33.4098,Item-specific,1,item-specific
MX1380,Material,"Plane sloping, width",m2,28.57,1.0,33.4098,Item-specific,1,item-specific
MX1381,Material,"Plane sloping, width",m2,28.57,1.0,33.4098,Item-specific,1,item-specific
MX1383,Material,"Plane battered, width",m,8.76,1.0,10.2439,Item-specific,1,item-specific
MX1384,Material,"Plane battered, width",m,9.92,1.0,11.6004,Item-specific,1,item-specific
MX1385,Material,"Plane battered, width",m2,31.79,1.0,37.1752,Item-specific,1,item-specific
MX1386,Material,"Plane battered, width",m2,31.79,1.0,37.1752,Item-specific,1,item-specific
MX1387,Material,"Plane battered, width",m2,31.79,1.0,37.1752,Item-specific,1,item-specific
MX1389,Material,"Plane vertical, width",m,8.76,1.0,10.2439,Item-specific,1,item-specific
MX1390,Material,"Plane vertical, width",m,9.92,1.0,11.6004,Item-specific,1,item-specific
MX1391,Material,"Plane vertical, width",m2,28.57,1.0,33.4098,Item-specific,1,item-specific
MX1392,Material,"Plane vertical, width",m2,28.57,1.0,33.4098,Item-specific,1,item-specific
MX1393,Material,"Plane vertical, width",m2,28.57,1.0,33.4098,Item-specific,1,item-specific
MX1395,Material,"Curved to one radius in one plane, 0.5 m radius, width",m,11.98,1.0,14.0094,Item-specific,1,item-specific
MX1396,Material,"Curved to one radius in one plane, 0.5 m radius, width",m,13.14,1.0,15.3659,Item-specific,1,item-specific
MX1397,Material,"Curved to one radius in one plane, 0.5 m radius, width",m2,31.79,1.0,37.1752,Item-specific,1,item-specific
MX1398,Material,"Curved to one radius in one plane, 0.5 m radius, width",m2,31.79,1.0,37.1752,Item-specific,1,item-specific
MX1399,Material,"Curved to one radius in one plane, 0.5 m radius, width",m2,31.79,1.0,37.1752,Item-specific,1,item-specific
MX1401,Material,"Curved to one radius in one plane, 2 m radius, width",m,11.98,1.0,14.0094,Item-specific,1,item-specific
MX1402,Material,"Curved to one radius in one plane, 2 m radius, width",m,13.14,1.0,15.3659,Item-specific,1,item-specific
MX1403,Material,"Curved to one radius in one plane, 2 m radius, width",m2,31.79,1.0,37.1752,Item-specific,1,item-specific
MX1404,Material,"Curved to one radius in one plane, 2 m radius, width",m2,31.79,1.0,37.1752,Item-specific,1,item-specific
MX1405,Material,"Curved to one radius in one plane, 2 m radius, width",m2,31.79,1.0,37.1752,Item-specific,1,item-specific
MX1407,Material,For voids,nr,13.23,1.0,15.4712,Item-specific,1,item-specific
MX1408,Material,For voids,nr,26.03,1.0,30.4395,Item-specific,1,item-specific
MX1409,Material,For voids,nr,48.5,1.0,56.7159,Item-specific,1,item-specific
MX1410,Material,For voids,nr,39.05,1.0,45.6651,Item-specific,1,item-specific
MX1412,Material,For voids (continued),nr,73.95,1.0,86.4771,Item-specific,1,item-specific
MX1413,Material,For voids (continued),nr,142.17,1.0,166.2536,Item-specific,1,item-specific
MX1415,Material,For concrete components of constant cross-section,m,17.63,1.0,20.6165,Item-specific,1,item-specific
MX1416,Material,For concrete components of constant cross-section,m,34.79,1.0,40.6834,Item-specific,1,item-specific
MX1417,Material,For concrete components of constant cross-section,m,37.58,1.0,43.9461,Item-specific,1,item-specific
MX1418,Material,For concrete components of constant cross-section,m,19.88,1.0,23.2477,Item-specific,1,item-specific
MX1419,Material,For concrete components of constant cross-section,m,28.89,1.0,33.784,Item-specific,1,item-specific
MX1420,Material,For concrete components of constant cross-section,m,33.73,1.0,39.4439,Item-specific,1,item-specific
MX1421,Material,For concrete components of constant cross-section,m,39.83,1.0,46.5772,Item-specific,1,item-specific
MX1422,Material,For concrete components of constant cross-section,m,57.53,1.0,67.2756,Item-specific,1,item-specific
MX1423,Material,For concrete components of constant cross-section,m,285.02,1.0,333.3024,Item-specific,1,item-specific
MX1424,Material,For concrete components of constant cross-section,m,9.13,1.0,10.6766,Item-specific,1,item-specific
MX1425,Material,For concrete components of constant cross-section,m,9.13,1.0,10.6766,Item-specific,1,item-specific
MX1427,Material,Allowance for additional craneage and rub up where required,m,0.04,1.0,0.0468,Item-specific,1,item-specific
MX1428,Material,Allowance for additional craneage and rub up where required,m2,0.14,1.0,0.1637,Item-specific,1,item-specific
MX1431,Material,"Formwork; Plane horizontal, width",m,9.58,1.0,11.2029,Item-specific,1,item-specific
MX1432,Material,"Formwork; Plane horizontal, width",m,11.46,1.0,13.4013,Item-specific,1,item-specific
MX1433,Material,"Formwork; Plane horizontal, width",m2,36.04,1.0,42.1452,Item-specific,1,item-specific
MX1434,Material,"Formwork; Plane horizontal, width",m2,36.04,1.0,42.1452,Item-specific,1,item-specific
MX1435,Material,"Formwork; Plane horizontal, width",m2,36.04,1.0,42.1452,Item-specific,1,item-specific
MX1437,Material,"Plane sloping, width",m,9.58,1.0,11.2029,Item-specific,1,item-specific
MX1438,Material,"Plane sloping, width",m,11.46,1.0,13.4013,Item-specific,1,item-specific
MX1439,Material,"Plane sloping, width",m2,49.46,1.0,57.8385,Item-specific,1,item-specific
MX1440,Material,"Plane sloping, width",m2,49.46,1.0,57.8385,Item-specific,1,item-specific
MX1441,Material,"Plane sloping, width",m2,49.46,1.0,57.8385,Item-specific,1,item-specific
MX1443,Material,"Plane battered, width",m,12.93,1.0,15.1203,Item-specific,1,item-specific
MX1444,Material,"Plane battered, width",m,14.81,1.0,17.3188,Item-specific,1,item-specific
MX1445,Material,"Plane battered, width",m2,56.18,1.0,65.6969,Item-specific,1,item-specific
MX1446,Material,"Plane battered, width",m2,56.18,1.0,65.6969,Item-specific,1,item-specific
MX1447,Material,"Plane battered, width",m2,56.18,1.0,65.6969,Item-specific,1,item-specific
MX1449,Material,"Plane vertical, width",m,12.93,1.0,15.1203,Item-specific,1,item-specific
MX1450,Material,"Plane vertical, width",m,14.81,1.0,17.3188,Item-specific,1,item-specific
MX1451,Material,"Plane vertical, width",m2,49.46,1.0,57.8385,Item-specific,1,item-specific
MX1452,Material,"Plane vertical, width",m2,49.46,1.0,57.8385,Item-specific,1,item-specific
MX1453,Material,"Plane vertical, width",m2,49.46,1.0,57.8385,Item-specific,1,item-specific
MX1455,Material,"Curved to one radius in one plane, 0.5 m radius, width",m,19.65,1.0,22.9787,Item-specific,1,item-specific
MX1456,Material,"Curved to one radius in one plane, 0.5 m radius, width",m,21.52,1.0,25.1655,Item-specific,1,item-specific
MX1457,Material,"Curved to one radius in one plane, 0.5 m radius, width",m2,56.18,1.0,65.6969,Item-specific,1,item-specific
MX1458,Material,"Curved to one radius in one plane, 0.5 m radius, width",m2,56.18,1.0,65.6969,Item-specific,1,item-specific
MX1459,Material,"Curved to one radius in one plane, 0.5 m radius, width",m2,56.18,1.0,65.6969,Item-specific,1,item-specific
MX1461,Material,"Curved to one radius in one plane, 2.0 m radius, width",m,19.65,1.0,22.9787,Item-specific,1,item-specific
MX1462,Material,"Curved to one radius in one plane, 2.0 m radius, width",m,21.52,1.0,25.1655,Item-specific,1,item-specific
MX1463,Material,"Curved to one radius in one plane, 2.0 m radius, width",m2,56.18,1.0,65.6969,Item-specific,1,item-specific
MX1464,Material,"Curved to one radius in one plane, 2.0 m radius, width",m2,56.18,1.0,65.6969,Item-specific,1,item-specific
MX1465,Material,"Curved to one radius in one plane, 2.0 m radius, width",m2,56.18,1.0,65.6969,Item-specific,1,item-specific
MX1467,Material,"For voids, using void former",nr,22.21,1.0,25.9724,Item-specific,1,item-specific
MX1468,Material,"For voids, using void former",nr,43.26,1.0,50.5882,Item-specific,1,item-specific
MX1469,Material,"For voids, using void former",nr,82.35,1.0,96.3001,Item-specific,1,item-specific
MX1470,Material,"For voids, using void former",nr,48.97,1.0,57.2655,Item-specific,1,item-specific
MX1471,Material,"For voids, using void former",nr,94.83,1.0,110.8942,Item-specific,1,item-specific
MX1472,Material,"For voids, using void former",nr,165.38,1.0,193.3954,Item-specific,1,item-specific
MX1474,Material,For concrete components of constant cross-section,m,28.76,1.0,33.6319,Item-specific,1,item-specific
MX1475,Material,For concrete components of constant cross-section,m,51.84,1.0,60.6217,Item-specific,1,item-specific
MX1476,Material,For concrete components of constant cross-section,m,64.01,1.0,74.8533,Item-specific,1,item-specific
MX1477,Material,For concrete components of constant cross-section,m,32.4,1.0,37.8886,Item-specific,1,item-specific
MX1478,Material,For concrete components of constant cross-section,m,46.39,1.0,54.2485,Item-specific,1,item-specific
MX1479,Material,For concrete components of constant cross-section,m,57.02,1.0,66.6792,Item-specific,1,item-specific
MX1480,Material,For concrete components of constant cross-section,m,67.65,1.0,79.1099,Item-specific,1,item-specific
MX1481,Material,For concrete components of constant cross-section,m,99.26,1.0,116.0746,Item-specific,1,item-specific
MX1482,Material,For concrete components of constant cross-section,m,533.17,1.0,623.489,Item-specific,1,item-specific
MX1483,Material,For concrete components of constant cross-section,m,14.81,1.0,17.3188,Item-specific,1,item-specific
MX1484,Material,For concrete components of constant cross-section,m,14.81,1.0,17.3188,Item-specific,1,item-specific
MX1486,Material,Allowance for additional craneage and rub up where required,m,0.06,1.0,0.0702,Item-specific,1,item-specific
MX1487,Material,Allowance for additional craneage and rub up where required,m2,0.19,1.0,0.2222,Item-specific,1,item-specific
MX1490,Material,"Formwork; Plane horizontal, width",m,10.03,1.0,11.7291,Item-specific,1,item-specific
MX1491,Material,"Formwork; Plane horizontal, width",m,13.39,1.0,15.6583,Item-specific,1,item-specific
MX1492,Material,"Formwork; Plane horizontal, width",m2,45.86,1.0,53.6287,Item-specific,1,item-specific
MX1493,Material,"Formwork; Plane horizontal, width",m2,45.86,1.0,53.6287,Item-specific,1,item-specific
MX1494,Material,"Formwork; Plane horizontal, width",m2,45.86,1.0,53.6287,Item-specific,1,item-specific
MX1496,Material,"Plane sloping, width",m,10.63,1.0,12.4307,Item-specific,1,item-specific
MX1497,Material,"Plane sloping, width",m,13.39,1.0,15.6583,Item-specific,1,item-specific
MX1499,Material,"Plane sloping, width (continued)",m2,59.29,1.0,69.3337,Item-specific,1,item-specific
MX1500,Material,"Plane sloping, width (continued)",m2,59.29,1.0,69.3337,Item-specific,1,item-specific
MX1501,Material,"Plane sloping, width (continued)",m2,59.29,1.0,69.3337,Item-specific,1,item-specific
MX1503,Material,"Plane battered, width",m,13.98,1.0,16.3482,Item-specific,1,item-specific
MX1504,Material,"Plane battered, width",m,16.74,1.0,19.5758,Item-specific,1,item-specific
MX1505,Material,"Plane battered, width",m2,66,1.0,77.1804,Item-specific,1,item-specific
MX1506,Material,"Plane battered, width",m2,66,1.0,77.1804,Item-specific,1,item-specific
MX1507,Material,"Plane battered, width",m2,66,1.0,77.1804,Item-specific,1,item-specific
MX1509,Material,"Plane vertical, width",m,13.98,1.0,16.3482,Item-specific,1,item-specific
MX1510,Material,"Plane vertical, width",m,16.74,1.0,19.5758,Item-specific,1,item-specific
MX1511,Material,"Plane vertical, width",m2,59.29,1.0,69.3337,Item-specific,1,item-specific
MX1512,Material,"Plane vertical, width",m2,59.29,1.0,69.3337,Item-specific,1,item-specific
MX1513,Material,"Plane vertical, width",m2,59.29,1.0,69.3337,Item-specific,1,item-specific
MX1515,Material,"Curved to one radius in one plane, 0.5 m radius, width",m,20.7,1.0,24.2066,Item-specific,1,item-specific
MX1516,Material,"Curved to one radius in one plane, 0.5 m radius, width",m,16.74,1.0,19.5758,Item-specific,1,item-specific
MX1517,Material,"Curved to one radius in one plane, 0.5 m radius, width",m2,66,1.0,77.1804,Item-specific,1,item-specific
MX1518,Material,"Curved to one radius in one plane, 0.5 m radius, width",m2,66,1.0,77.1804,Item-specific,1,item-specific
MX1519,Material,"Curved to one radius in one plane, 0.5 m radius, width",m2,66,1.0,77.1804,Item-specific,1,item-specific
MX1521,Material,"Curved to one radius in one plane, 1.0 m radius, width",m,20.7,1.0,24.2066,Item-specific,1,item-specific
MX1522,Material,"Curved to one radius in one plane, 1.0 m radius, width",m,16.74,1.0,19.5758,Item-specific,1,item-specific
MX1523,Material,"Curved to one radius in one plane, 1.0 m radius, width",m2,66,1.0,77.1804,Item-specific,1,item-specific
MX1524,Material,"Curved to one radius in one plane, 1.0 m radius, width",m2,66,1.0,77.1804,Item-specific,1,item-specific
MX1525,Material,"Curved to one radius in one plane, 1.0 m radius, width",m2,66,1.0,77.1804,Item-specific,1,item-specific
MX1527,Material,"For voids, using void former",nr,19.93,1.0,23.3061,Item-specific,1,item-specific
MX1528,Material,"For voids, using void former",nr,38.89,1.0,45.478,Item-specific,1,item-specific
MX1529,Material,"For voids, using void former",nr,60.99,1.0,71.3217,Item-specific,1,item-specific
MX1530,Material,"For voids, using void former",nr,48.75,1.0,57.0082,Item-specific,1,item-specific
MX1531,Material,"For voids, using void former",nr,84.8,1.0,99.1651,Item-specific,1,item-specific
MX1532,Material,"For voids, using void former",nr,135.82,1.0,158.8279,Item-specific,1,item-specific
MX1534,Material,For concrete components of constant cross-section,m,34.66,1.0,40.5314,Item-specific,1,item-specific
MX1535,Material,For concrete components of constant cross-section,m,66.58,1.0,77.8587,Item-specific,1,item-specific
MX1536,Material,For concrete components of constant cross-section,m,81.7,1.0,95.54,Item-specific,1,item-specific
MX1537,Material,For concrete components of constant cross-section,m,40.26,1.0,47.08,Item-specific,1,item-specific
MX1538,Material,For concrete components of constant cross-section,m,58.18,1.0,68.0357,Item-specific,1,item-specific
MX1539,Material,For concrete components of constant cross-section,m,72.74,1.0,85.0622,Item-specific,1,item-specific
MX1540,Material,For concrete components of constant cross-section,m,87.3,1.0,102.0886,Item-specific,1,item-specific
MX1541,Material,For concrete components of constant cross-section,m,128.74,1.0,150.5486,Item-specific,1,item-specific
MX1542,Material,For concrete components of constant cross-section,m,637.51,1.0,745.5042,Item-specific,1,item-specific
MX1543,Material,For concrete components of constant cross-section,m,16.74,1.0,19.5758,Item-specific,1,item-specific
MX1544,Material,For concrete components of constant cross-section,m,16.74,1.0,19.5758,Item-specific,1,item-specific
MX1546,Material,Allowance for additional craneage and rub up where required,m,0.06,1.0,0.0702,Item-specific,1,item-specific
MX1547,Material,Allowance for additional craneage and rub up where required,m2,0.24,1.0,0.2807,Item-specific,1,item-specific
MX1551,Material,Plain round mild steel bars to BS 4449; Bars; supplied in straight lengths,tonne,1016.98,1.0,1189.2564,Item-specific,1,item-specific
MX1552,Material,Plain round mild steel bars to BS 4449; Bars; supplied in straight lengths,tonne,1016.98,1.0,1189.2564,Item-specific,1,item-specific
MX1553,Material,Plain round mild steel bars to BS 4449; Bars; supplied in straight lengths,tonne,1016.95,1.0,1189.2213,Item-specific,1,item-specific
MX1555,Material,Plain round mild steel bars to BS 4449; Bars; supplied in straight lengths,tonne,1016.95,1.0,1189.2213,Item-specific,1,item-specific
MX1556,Material,Plain round mild steel bars to BS 4449; Bars; supplied in straight lengths,tonne,1016.95,1.0,1189.2213,Item-specific,1,item-specific
MX1557,Material,Plain round mild steel bars to BS 4449; Bars; supplied in straight lengths,tonne,1016.95,1.0,1189.2213,Item-specific,1,item-specific
MX1558,Material,Plain round mild steel bars to BS 4449; Bars; supplied in straight lengths,tonne,1016.95,1.0,1189.2213,Item-specific,1,item-specific
MX1559,Material,Plain round mild steel bars to BS 4449; Bars; supplied in straight lengths,tonne,1016.95,1.0,1189.2213,Item-specific,1,item-specific
MX1561,Material,Plain round mild steel bars to BS 4449; Bars; supplied in bent and cut lengths,tonne,1147.03,1.0,1341.3369,Item-specific,1,item-specific
MX1562,Material,Plain round mild steel bars to BS 4449; Bars; supplied in bent and cut lengths,tonne,1147.03,1.0,1341.3369,Item-specific,1,item-specific
MX1563,Material,Plain round mild steel bars to BS 4449; Bars; supplied in bent and cut lengths,tonne,1147.03,1.0,1341.3369,Item-specific,1,item-specific
MX1564,Material,Plain round mild steel bars to BS 4449; Bars; supplied in bent and cut lengths,tonne,1147.03,1.0,1341.3369,Item-specific,1,item-specific
MX1565,Material,Plain round mild steel bars to BS 4449; Bars; supplied in bent and cut lengths,tonne,1147.03,1.0,1341.3369,Item-specific,1,item-specific
MX1566,Material,Plain round mild steel bars to BS 4449; Bars; supplied in bent and cut lengths,tonne,1147.03,1.0,1341.3369,Item-specific,1,item-specific
MX1567,Material,Plain round mild steel bars to BS 4449; Bars; supplied in bent and cut lengths,tonne,1147.03,1.0,1341.3369,Item-specific,1,item-specific
MX1568,Material,Plain round mild steel bars to BS 4449; Bars; supplied in bent and cut lengths,tonne,1147.03,1.0,1341.3369,Item-specific,1,item-specific
MX1569,Material,Plain round mild steel bars to BS 4449; Bars; supplied in bent and cut lengths,tonne,1147.03,1.0,1341.3369,Item-specific,1,item-specific
MX1571,Material,Deformed high yield steel bars to BS 4449; Bars; supplied in straight lengths,tonne,1162.24,1.0,1359.1235,Item-specific,1,item-specific
MX1572,Material,Deformed high yield steel bars to BS 4449; Bars; supplied in straight lengths,tonne,1162.22,1.0,1359.1001,Item-specific,1,item-specific
MX1573,Material,Deformed high yield steel bars to BS 4449; Bars; supplied in straight lengths,tonne,1162.24,1.0,1359.1235,Item-specific,1,item-specific
MX1575,Material,Deformed high yield steel bars to BS 4449; Bars; supplied in straight lengths,tonne,1162.24,1.0,1359.1235,Item-specific,1,item-specific
MX1576,Material,Deformed high yield steel bars to BS 4449; Bars; supplied in straight lengths,tonne,1162.24,1.0,1359.1235,Item-specific,1,item-specific
MX1577,Material,Deformed high yield steel bars to BS 4449; Bars; supplied in straight lengths,tonne,1162.24,1.0,1359.1235,Item-specific,1,item-specific
MX1578,Material,Deformed high yield steel bars to BS 4449; Bars; supplied in straight lengths,tonne,1162.24,1.0,1359.1235,Item-specific,1,item-specific
MX1579,Material,Deformed high yield steel bars to BS 4449; Bars; supplied in straight lengths,tonne,1162.24,1.0,1359.1235,Item-specific,1,item-specific
MX1581,Material,Deformed high yield steel bars to BS 4449; Bars; supplied in bent and cut lengths,tonne,1162.24,1.0,1359.1235,Item-specific,1,item-specific
MX1582,Material,Deformed high yield steel bars to BS 4449; Bars; supplied in bent and cut lengths,tonne,1162.24,1.0,1359.1235,Item-specific,1,item-specific
MX1583,Material,Deformed high yield steel bars to BS 4449; Bars; supplied in bent and cut lengths,tonne,1162.23,1.0,1359.1118,Item-specific,1,item-specific
MX1585,Material,Deformed high yield steel bars to BS 4449; Bars; supplied in bent and cut lengths (continued),tonne,1162.24,1.0,1359.1235,Item-specific,1,item-specific
MX1586,Material,Deformed high yield steel bars to BS 4449; Bars; supplied in bent and cut lengths (continued),tonne,1162.24,1.0,1359.1235,Item-specific,1,item-specific
MX1587,Material,Deformed high yield steel bars to BS 4449; Bars; supplied in bent and cut lengths (continued),tonne,1162.24,1.0,1359.1235,Item-specific,1,item-specific
MX1588,Material,Deformed high yield steel bars to BS 4449; Bars; supplied in bent and cut lengths (continued),tonne,1162.24,1.0,1359.1235,Item-specific,1,item-specific
MX1589,Material,Deformed high yield steel bars to BS 4449; Bars; supplied in bent and cut lengths (continued),tonne,1162.24,1.0,1359.1235,Item-specific,1,item-specific
MX1590,Material,Deformed high yield steel bars to BS 4449; Bars; supplied in bent and cut lengths (continued),tonne,1162.24,1.0,1359.1235,Item-specific,1,item-specific
MX1594,Material,Stainless steel bars; Alloy 1.4301; Bars; supplied in straight lengths,tonne,6277.35,1.0,7340.7331,Item-specific,1,item-specific
MX1602,Material,Stainless steel bars; Alloy 1.4301; Bars; supplied in bent and cut lengths,tonne,6277.35,1.0,7340.7331,Item-specific,1,item-specific
MX1613,Material,"Add for cutting, bending, tagging and baling reinforcement on site",tonne,3.9,1.0,4.5607,Item-specific,1,item-specific
MX1614,Material,"Add for cutting, bending, tagging and baling reinforcement on site",tonne,3.9,1.0,4.5607,Item-specific,1,item-specific
MX1615,Material,"Add for cutting, bending, tagging and baling reinforcement on site",tonne,3.9,1.0,4.5607,Item-specific,1,item-specific
MX1616,Material,"Add for cutting, bending, tagging and baling reinforcement on site",tonne,3.9,1.0,4.5607,Item-specific,1,item-specific
MX1617,Material,"Add for cutting, bending, tagging and baling reinforcement on site",tonne,3.9,1.0,4.5607,Item-specific,1,item-specific
MX1618,Material,"Add for cutting, bending, tagging and baling reinforcement on site",tonne,3.9,1.0,4.5607,Item-specific,1,item-specific
MX1619,Material,"Add for cutting, bending, tagging and baling reinforcement on site",tonne,3.9,1.0,4.5607,Item-specific,1,item-specific
MX1620,Material,"Add for cutting, bending, tagging and baling reinforcement on site",tonne,3.9,1.0,4.5607,Item-specific,1,item-specific
MX1621,Material,"Add for cutting, bending, tagging and baling reinforcement on site",tonne,3.9,1.0,4.5607,Item-specific,1,item-specific
MX1630,Material,Lenton type B couplers; threaded ends on reinforcing bars,nr,44.36,1.0,51.8746,Item-specific,1,item-specific
MX1631,Material,Lenton type B couplers; threaded ends on reinforcing bars,nr,51.59,1.0,60.3293,Item-specific,1,item-specific
MX1632,Material,Lenton type B couplers; threaded ends on reinforcing bars,nr,56.2,1.0,65.7203,Item-specific,1,item-specific
MX1633,Material,Lenton type B couplers; threaded ends on reinforcing bars,nr,65.99,1.0,77.1687,Item-specific,1,item-specific
MX1634,Material,Lenton type B couplers; threaded ends on reinforcing bars,nr,88.72,1.0,103.7492,Item-specific,1,item-specific
MX1635,Material,Lenton type B couplers; threaded ends on reinforcing bars,nr,130.86,1.0,153.0277,Item-specific,1,item-specific
MX1649,Material,Steel fabric to BS 4483,m2,16.04,1.0,18.7572,Item-specific,1,item-specific
MX1660,Material,Open surface with filler; average width,m2,13.85,1.0,16.1962,Item-specific,1,item-specific
MX1661,Material,Open surface with filler; average width,m2,13.85,1.0,16.1962,Item-specific,1,item-specific
MX1662,Material,Open surface with filler; average width,m2,23.19,1.0,27.1184,Item-specific,1,item-specific
MX1663,Material,Open surface with filler; average width,m2,23.19,1.0,27.1184,Item-specific,1,item-specific
MX1665,Material,Formed surface plain; average width (including formwork),m2,23.84,1.0,27.8785,Item-specific,1,item-specific
MX1666,Material,Formed surface plain; average width (including formwork),m2,23.84,1.0,27.8785,Item-specific,1,item-specific
MX1668,Material,Formed surface with filler; average width,m2,37.69,1.0,44.0747,Item-specific,1,item-specific
MX1673,Material,Finishing of top surfaces (continued),m2,12.95,1.0,15.1437,Item-specific,1,item-specific
MX1675,Material,Finishing of formed surfaces,m2,1.53,1.0,1.7892,Item-specific,1,item-specific
MX1677,Material,Finishing of formed surfaces,m2,1.03,1.0,1.2045,Item-specific,1,item-specific
MX1679,Material,Inserts totally within the concrete volume,m,4.45,1.0,5.2038,Item-specific,1,item-specific
MX1680,Material,Inserts totally within the concrete volume,m,3.02,1.0,3.5316,Item-specific,1,item-specific
MX1681,Material,Inserts totally within the concrete volume,m,4.15,1.0,4.853,Item-specific,1,item-specific
MX1682,Material,Inserts totally within the concrete volume,m,16.23,1.0,18.9794,Item-specific,1,item-specific
MX1683,Material,Inserts totally within the concrete volume,m,11.51,1.0,13.4598,Item-specific,1,item-specific
MX1685,Material,Inserts projecting from surface(s) of the concrete,nr,2.74,1.0,3.2042,Item-specific,1,item-specific
MX1690,Material,Inserts projecting from surface(s) of the concrete,nr,8.85,1.0,10.3492,Item-specific,1,item-specific
MX1691,Material,Inserts projecting from surface(s) of the concrete,nr,40.7,1.0,47.5946,Item-specific,1,item-specific
MX1693,Material,Grouting under plates; cement and sand (1:3),nr,0.33,1.0,0.3859,Item-specific,1,item-specific
MX1694,Material,Grouting under plates; cement and sand (1:3),nr,1.62,1.0,1.8944,Item-specific,1,item-specific
MX1695,Material,Grouting under plates; cement and sand (1:3),nr,3.22,1.0,3.7655,Item-specific,1,item-specific
MX1697,Material,Grouting under plates; non-shrink cementitious grout,nr,5.73,1.0,6.7007,Item-specific,1,item-specific
MX1698,Material,Grouting under plates; non-shrink cementitious grout,nr,55.11,1.0,64.4456,Item-specific,1,item-specific
MX1699,Material,Grouting under plates; non-shrink cementitious grout,nr,110.21,1.0,128.8796,Item-specific,1,item-specific
MX1705,Material,Concrete mix C20; Beams,nr,11.1,1.0,12.9803,Item-specific,1,item-specific
MX1706,Material,Concrete mix C20; Beams,nr,42.89,1.0,50.1556,Item-specific,1,item-specific
MX1707,Material,Concrete mix C20; Beams,nr,59.79,1.0,69.9184,Item-specific,1,item-specific
MX1710,Material,Concrete mix C20; Beams,nr,6.66,1.0,7.7882,Item-specific,1,item-specific
MX1711,Material,Concrete mix C20; Beams,nr,27.77,1.0,32.4742,Item-specific,1,item-specific
MX1713,Material,"Bridge beams; Inverted 'T' Beams, flange width 495 mm",nr,974.65,1.0,1139.7557,Item-specific,1,item-specific
MX1714,Material,"Bridge beams; Inverted 'T' Beams, flange width 495 mm",nr,1201.3,1.0,1404.8002,Item-specific,1,item-specific
MX1715,Material,"Bridge beams; Inverted 'T' Beams, flange width 495 mm",nr,1416.63,1.0,1656.6071,Item-specific,1,item-specific
MX1716,Material,"Bridge beams; Inverted 'T' Beams, flange width 495 mm",nr,1473.31,1.0,1722.8887,Item-specific,1,item-specific
MX1717,Material,"Bridge beams; Inverted 'T' Beams, flange width 495 mm",nr,1643.3,1.0,1921.675,Item-specific,1,item-specific
MX1718,Material,"Bridge beams; Inverted 'T' Beams, flange width 495 mm",nr,1643.31,1.0,1921.6867,Item-specific,1,item-specific
MX1719,Material,"Bridge beams; Inverted 'T' Beams, flange width 495 mm",nr,1756.64,1.0,2054.2148,Item-specific,1,item-specific
MX1720,Material,"Bridge beams; Inverted 'T' Beams, flange width 495 mm",nr,1983.29,1.0,2319.2593,Item-specific,1,item-specific
MX1721,Material,"Bridge beams; Inverted 'T' Beams, flange width 495 mm",nr,2039.95,1.0,2385.5175,Item-specific,1,item-specific
MX1722,Material,"Bridge beams; Inverted 'T' Beams, flange width 495 mm",nr,2402.59,1.0,2809.5887,Item-specific,1,item-specific
MX1724,Material,"'M' beams, flange width 970 mm",nr,5439.87,1.0,6361.384,Item-specific,1,item-specific
MX1725,Material,"'M' beams, flange width 970 mm",nr,5043.21,1.0,5897.5298,Item-specific,1,item-specific
MX1726,Material,"'M' beams, flange width 970 mm",nr,8182.43,1.0,9568.5336,Item-specific,1,item-specific
MX1727,Material,"'M' beams, flange width 970 mm",nr,10539.59,1.0,12324.9965,Item-specific,1,item-specific
MX1729,Material,"'U' beams, base width 970 mm",nr,8613.11,1.0,10072.1708,Item-specific,1,item-specific
MX1730,Material,"'U' beams, base width 970 mm",nr,10823.05,1.0,12656.4747,Item-specific,1,item-specific
MX1731,Material,"'U' beams, base width 970 mm",nr,12013.04,1.0,14048.049,Item-specific,1,item-specific
MX1732,Material,"'U' beams, base width 970 mm",nr,20031.16,1.0,23424.4385,Item-specific,1,item-specific
MX1735,Material,Concrete mix C32/40; Columns; including shuttering; dia.,m,94.63,1.0,110.6603,Item-specific,1,item-specific
MX1736,Material,Concrete mix C32/40; Columns; including shuttering; dia.,m,112.99,1.0,132.1305,Item-specific,1,item-specific
MX1737,Material,Concrete mix C32/40; Columns; including shuttering; dia.,m,103.81,1.0,121.3954,Item-specific,1,item-specific
MX1738,Material,Concrete mix C32/40; Columns; including shuttering; dia.,m,131.35,1.0,153.6007,Item-specific,1,item-specific
MX1739,Material,Concrete mix C32/40; Columns; including shuttering; dia.,m,216.81,1.0,253.5376,Item-specific,1,item-specific
MX1740,Material,Concrete mix C32/40; Columns; including shuttering; dia.,m,204.8,1.0,239.4931,Item-specific,1,item-specific
MX1741,Material,Concrete mix C32/40; Columns; including shuttering; dia.,m,215.82,1.0,252.3799,Item-specific,1,item-specific
MX1742,Material,Concrete mix C32/40; Columns; including shuttering; dia.,m,440.39,1.0,514.9921,Item-specific,1,item-specific
MX1745,Material,Prestressed precast concrete flooring planks; Bison or similar; cement mortar grout between planks on bearings; 100 mm t,m2,50.89,1.0,59.5108,Item-specific,1,item-specific
MX1746,Material,Prestressed precast concrete flooring planks; Bison or similar; cement mortar grout between planks on bearings; 100 mm t,m2,63.86,1.0,74.6779,Item-specific,1,item-specific
MX1748,Material,150 mm thick floor,m2,54.86,1.0,64.1533,Item-specific,1,item-specific
MX1749,Material,150 mm thick floor,m2,66.8,1.0,78.1159,Item-specific,1,item-specific
MX1752,Material,Concrete mix C30; Coping; weathered and throated,m,7.51,1.0,8.7822,Item-specific,1,item-specific
MX1753,Material,Concrete mix C30; Coping; weathered and throated,m,12.2,1.0,14.2667,Item-specific,1,item-specific
MX1929,Material,"Field drains to BS 1196, butt joints, nominal bore; excavation and supports, backfilling; 75 mm pipes; in trench, depth",m,16.53,1.0,19.3302,Item-specific,1,item-specific
MX1930,Material,"Field drains to BS 1196, butt joints, nominal bore; excavation and supports, backfilling; 75 mm pipes; in trench, depth",m,16.53,1.0,19.3302,Item-specific,1,item-specific
MX1931,Material,"Field drains to BS 1196, butt joints, nominal bore; excavation and supports, backfilling; 75 mm pipes; in trench, depth",m,16.53,1.0,19.3302,Item-specific,1,item-specific
MX1932,Material,"Field drains to BS 1196, butt joints, nominal bore; excavation and supports, backfilling; 75 mm pipes; in trench, depth",m,16.53,1.0,19.3302,Item-specific,1,item-specific
MX1933,Material,"Field drains to BS 1196, butt joints, nominal bore; excavation and supports, backfilling; 75 mm pipes; in trench, depth",m,16.53,1.0,19.3302,Item-specific,1,item-specific
MX1974,Material,"225 mm pipes; in trench, depth",nr,199.24,1.0,232.9913,Item-specific,1,item-specific
MX1975,Material,"225 mm pipes; in trench, depth",nr,278.17,1.0,325.292,Item-specific,1,item-specific
MX1983,Material,"300 mm pipes; in trench, depth",nr,714.01,1.0,834.9633,Item-specific,1,item-specific
MX1995,Material,"Vitrified clay pipes to BS EN295, plain ends with push-fit polypropylene flexible couplings; excavation and supports, ba",nr,80.7,1.0,94.3706,Item-specific,1,item-specific
MX1996,Material,"Vitrified clay pipes to BS EN295, plain ends with push-fit polypropylene flexible couplings; excavation and supports, ba",nr,110.32,1.0,129.0082,Item-specific,1,item-specific
MX1997,Material,"Vitrified clay pipes to BS EN295, plain ends with push-fit polypropylene flexible couplings; excavation and supports, ba",nr,115.17,1.0,134.6798,Item-specific,1,item-specific
MX1998,Material,"Vitrified clay pipes to BS EN295, plain ends with push-fit polypropylene flexible couplings; excavation and supports, ba",nr,75.29,1.0,88.0441,Item-specific,1,item-specific
MX2010,Material,"150 mm pipes; in trenches, depth",nr,121.11,1.0,141.626,Item-specific,1,item-specific
MX2011,Material,"150 mm pipes; in trenches, depth",nr,149.9,1.0,175.2931,Item-specific,1,item-specific
MX2012,Material,"150 mm pipes; in trenches, depth",nr,193.74,1.0,226.5596,Item-specific,1,item-specific
MX2014,Material,"150 mm pipes; in trenches, depth",nr,117.52,1.0,137.4279,Item-specific,1,item-specific
MX2026,Material,"Vitrified clay pipes to BS EN295, plain ends with push-fit polypropylene flexible couplings; 225 mm pipes; in trenches, ",nr,355.22,1.0,415.3943,Item-specific,1,item-specific
MX2027,Material,"Vitrified clay pipes to BS EN295, plain ends with push-fit polypropylene flexible couplings; 225 mm pipes; in trenches, ",nr,351.49,1.0,411.0324,Item-specific,1,item-specific
MX2028,Material,"Vitrified clay pipes to BS EN295, plain ends with push-fit polypropylene flexible couplings; 225 mm pipes; in trenches, ",nr,416.02,1.0,486.4938,Item-specific,1,item-specific
MX2030,Material,"Vitrified clay pipes to BS EN295, plain ends with push-fit polypropylene flexible couplings; 225 mm pipes; in trenches, ",nr,334.37,1.0,391.0123,Item-specific,1,item-specific
MX2044,Material,"300 mm pipes; in trenches, depth",nr,1002.08,1.0,1171.8324,Item-specific,1,item-specific
MX2045,Material,"300 mm pipes; in trenches, depth",nr,594.86,1.0,695.6293,Item-specific,1,item-specific
MX2057,Material,"Vitrified clay pipes to BS EN295, spigot and socket joints with sealing ring; excavation and supports, backfilling; 100 ",nr,60.75,1.0,71.041,Item-specific,1,item-specific
MX2089,Material,"225 mm pipes; in trenches, depth",nr,266.2,1.0,311.2943,Item-specific,1,item-specific
MX2090,Material,"225 mm pipes; in trenches, depth",nr,261.76,1.0,306.1021,Item-specific,1,item-specific
MX2091,Material,"225 mm pipes; in trenches, depth",nr,216.76,1.0,253.4791,Item-specific,1,item-specific
MX2092,Material,"225 mm pipes; in trenches, depth",nr,346.77,1.0,405.5128,Item-specific,1,item-specific
MX2094,Material,"225 mm pipes; in trenches, depth",nr,275.48,1.0,322.1463,Item-specific,1,item-specific
MX2109,Material,"Vitrified clay pipes to BS EN295, spigot and socket joints; 300 mm pipes; in trenches, depth (continued)",nr,691.85,1.0,809.0494,Item-specific,1,item-specific
MX2110,Material,"Vitrified clay pipes to BS EN295, spigot and socket joints; 300 mm pipes; in trenches, depth (continued)",nr,795.96,1.0,930.7956,Item-specific,1,item-specific
MX2111,Material,"Vitrified clay pipes to BS EN295, spigot and socket joints; 300 mm pipes; in trenches, depth (continued)",nr,451.82,1.0,528.3583,Item-specific,1,item-specific
MX2112,Material,"Vitrified clay pipes to BS EN295, spigot and socket joints; 300 mm pipes; in trenches, depth (continued)",nr,479.32,1.0,560.5168,Item-specific,1,item-specific
MX2125,Material,"400 mm pipes; in trenches, depth",nr,1249.02,1.0,1460.604,Item-specific,1,item-specific
MX2126,Material,"400 mm pipes; in trenches, depth",nr,1249.05,1.0,1460.6391,Item-specific,1,item-specific
MX2139,Material,"450 mm pipes; in trenches, depth",nr,1644.75,1.0,1923.3707,Item-specific,1,item-specific
MX2154,Material,"225 mm pipes; in trench, depth",m,12.09,1.0,14.138,Item-specific,1,item-specific
MX2155,Material,"225 mm pipes; in trench, depth",m,12.09,1.0,14.138,Item-specific,1,item-specific
MX2156,Material,"225 mm pipes; in trench, depth",m,12.09,1.0,14.138,Item-specific,1,item-specific
MX2157,Material,"225 mm pipes; in trench, depth",m,12.09,1.0,14.138,Item-specific,1,item-specific
MX2158,Material,"225 mm pipes; in trench, depth",m,12.09,1.0,14.138,Item-specific,1,item-specific
MX2159,Material,"225 mm pipes; in trench, depth",m,12.09,1.0,14.138,Item-specific,1,item-specific
MX2160,Material,"225 mm pipes; in trench, depth",m,12.09,1.0,14.138,Item-specific,1,item-specific
MX2161,Material,"225 mm pipes; in trench, depth",m,12.09,1.0,14.138,Item-specific,1,item-specific
MX2162,Material,"225 mm pipes; in trench, depth",m,12.09,1.0,14.138,Item-specific,1,item-specific
MX2163,Material,"225 mm pipes; in trench, depth",m,12.09,1.0,14.138,Item-specific,1,item-specific
MX2165,Material,"300 mm pipes; in trench, depth",m,12.56,1.0,14.6877,Item-specific,1,item-specific
MX2166,Material,"300 mm pipes; in trench, depth",m,12.56,1.0,14.6877,Item-specific,1,item-specific
MX2167,Material,"300 mm pipes; in trench, depth",m,12.56,1.0,14.6877,Item-specific,1,item-specific
MX2168,Material,"300 mm pipes; in trench, depth",m,12.56,1.0,14.6877,Item-specific,1,item-specific
MX2169,Material,"300 mm pipes; in trench, depth",m,12.56,1.0,14.6877,Item-specific,1,item-specific
MX2170,Material,"300 mm pipes; in trench, depth",m,12.56,1.0,14.6877,Item-specific,1,item-specific
MX2171,Material,"300 mm pipes; in trench, depth",m,12.56,1.0,14.6877,Item-specific,1,item-specific
MX2172,Material,"300 mm pipes; in trench, depth",m,12.56,1.0,14.6877,Item-specific,1,item-specific
MX2173,Material,"300 mm pipes; in trench, depth",m,12.56,1.0,14.6877,Item-specific,1,item-specific
MX2174,Material,"300 mm pipes; in trench, depth",m,12.56,1.0,14.6877,Item-specific,1,item-specific
MX2309,Material,"Cast iron pipes to BS 437 plain ended pipe with Timesaver mechanical coupling joints; excavation and supports, backfilli",m,38.05,1.0,44.4957,Item-specific,1,item-specific
MX2310,Material,"Cast iron pipes to BS 437 plain ended pipe with Timesaver mechanical coupling joints; excavation and supports, backfilli",m,38.05,1.0,44.4957,Item-specific,1,item-specific
MX2311,Material,"Cast iron pipes to BS 437 plain ended pipe with Timesaver mechanical coupling joints; excavation and supports, backfilli",m,38.05,1.0,44.4957,Item-specific,1,item-specific
MX2312,Material,"Cast iron pipes to BS 437 plain ended pipe with Timesaver mechanical coupling joints; excavation and supports, backfilli",m,38.05,1.0,44.4957,Item-specific,1,item-specific
MX2313,Material,"Cast iron pipes to BS 437 plain ended pipe with Timesaver mechanical coupling joints; excavation and supports, backfilli",m,38.05,1.0,44.4957,Item-specific,1,item-specific
MX2314,Material,"Cast iron pipes to BS 437 plain ended pipe with Timesaver mechanical coupling joints; excavation and supports, backfilli",m,38.05,1.0,44.4957,Item-specific,1,item-specific
MX2315,Material,"Cast iron pipes to BS 437 plain ended pipe with Timesaver mechanical coupling joints; excavation and supports, backfilli",m,38.05,1.0,44.4957,Item-specific,1,item-specific
MX2316,Material,"Cast iron pipes to BS 437 plain ended pipe with Timesaver mechanical coupling joints; excavation and supports, backfilli",m,38.05,1.0,44.4957,Item-specific,1,item-specific
MX2317,Material,"Cast iron pipes to BS 437 plain ended pipe with Timesaver mechanical coupling joints; excavation and supports, backfilli",m,38.05,1.0,44.4957,Item-specific,1,item-specific
MX2318,Material,"Cast iron pipes to BS 437 plain ended pipe with Timesaver mechanical coupling joints; excavation and supports, backfilli",m,38.05,1.0,44.4957,Item-specific,1,item-specific
MX2319,Material,"Cast iron pipes to BS 437 plain ended pipe with Timesaver mechanical coupling joints; excavation and supports, backfilli",nr,79.13,1.0,92.5346,Item-specific,1,item-specific
MX2320,Material,"Cast iron pipes to BS 437 plain ended pipe with Timesaver mechanical coupling joints; excavation and supports, backfilli",nr,54.83,1.0,64.1182,Item-specific,1,item-specific
MX2321,Material,"Cast iron pipes to BS 437 plain ended pipe with Timesaver mechanical coupling joints; excavation and supports, backfilli",nr,82.41,1.0,96.3703,Item-specific,1,item-specific
MX2322,Material,"Cast iron pipes to BS 437 plain ended pipe with Timesaver mechanical coupling joints; excavation and supports, backfilli",nr,64.45,1.0,75.3678,Item-specific,1,item-specific
MX2334,Material,"100 mm pipes; in trenches, depth",nr,111.3,1.0,130.1542,Item-specific,1,item-specific
MX2335,Material,"100 mm pipes; in trenches, depth",nr,68.67,1.0,80.3027,Item-specific,1,item-specific
MX2336,Material,"100 mm pipes; in trenches, depth",nr,115.89,1.0,135.5218,Item-specific,1,item-specific
MX2337,Material,"100 mm pipes; in trenches, depth",nr,180.35,1.0,210.9013,Item-specific,1,item-specific
MX2338,Material,"100 mm pipes; in trenches, depth",nr,150.13,1.0,175.562,Item-specific,1,item-specific
MX2351,Material,"150 mm pipes; in trenches, depth",nr,176.15,1.0,205.9898,Item-specific,1,item-specific
MX2352,Material,"150 mm pipes; in trenches, depth",nr,102.24,1.0,119.5595,Item-specific,1,item-specific
MX2353,Material,"150 mm pipes; in trenches, depth",nr,270.44,1.0,316.2525,Item-specific,1,item-specific
MX2354,Material,"150 mm pipes; in trenches, depth",nr,207.82,1.0,243.0247,Item-specific,1,item-specific
MX2357,Material,"225 mm pipes; in trenches, depth",m,194.28,1.0,227.191,Item-specific,1,item-specific
MX2358,Material,"225 mm pipes; in trenches, depth",m,194.28,1.0,227.191,Item-specific,1,item-specific
MX2359,Material,"225 mm pipes; in trenches, depth",m,194.28,1.0,227.191,Item-specific,1,item-specific
MX2360,Material,"225 mm pipes; in trenches, depth",m,194.28,1.0,227.191,Item-specific,1,item-specific
MX2361,Material,"225 mm pipes; in trenches, depth",m,194.28,1.0,227.191,Item-specific,1,item-specific
MX2362,Material,"225 mm pipes; in trenches, depth",m,194.28,1.0,227.191,Item-specific,1,item-specific
MX2363,Material,"225 mm pipes; in trenches, depth",m,194.28,1.0,227.191,Item-specific,1,item-specific
MX2364,Material,"225 mm pipes; in trenches, depth",m,194.28,1.0,227.191,Item-specific,1,item-specific
MX2365,Material,"225 mm pipes; in trenches, depth",m,194.28,1.0,227.191,Item-specific,1,item-specific
MX2366,Material,"225 mm pipes; in trenches, depth",m,194.28,1.0,227.191,Item-specific,1,item-specific
MX2367,Material,"225 mm pipes; in trenches, depth",nr,565.75,1.0,661.588,Item-specific,1,item-specific
MX2369,Material,"225 mm pipes; in trenches, depth",nr,1207.54,1.0,1412.0973,Item-specific,1,item-specific
MX2372,Material,"Ductile iron pipes to BS 4772, Tyton joints; excavation and supports, backfilling; 100 mm pipes; in trenches, depth",m,91.61,1.0,107.1287,Item-specific,1,item-specific
MX2373,Material,"Ductile iron pipes to BS 4772, Tyton joints; excavation and supports, backfilling; 100 mm pipes; in trenches, depth",m,91.61,1.0,107.1287,Item-specific,1,item-specific
MX2374,Material,"Ductile iron pipes to BS 4772, Tyton joints; excavation and supports, backfilling; 100 mm pipes; in trenches, depth",m,91.61,1.0,107.1287,Item-specific,1,item-specific
MX2376,Material,"Ductile iron pipes to BS 4772, Tyton joints; 100 mm pipes; in trenches, depth (continued)",m,91.61,1.0,107.1287,Item-specific,1,item-specific
MX2377,Material,"Ductile iron pipes to BS 4772, Tyton joints; 100 mm pipes; in trenches, depth (continued)",m,91.61,1.0,107.1287,Item-specific,1,item-specific
MX2378,Material,"Ductile iron pipes to BS 4772, Tyton joints; 100 mm pipes; in trenches, depth (continued)",m,91.61,1.0,107.1287,Item-specific,1,item-specific
MX2379,Material,"Ductile iron pipes to BS 4772, Tyton joints; 100 mm pipes; in trenches, depth (continued)",m,91.61,1.0,107.1287,Item-specific,1,item-specific
MX2380,Material,"Ductile iron pipes to BS 4772, Tyton joints; 100 mm pipes; in trenches, depth (continued)",m,91.61,1.0,107.1287,Item-specific,1,item-specific
MX2381,Material,"Ductile iron pipes to BS 4772, Tyton joints; 100 mm pipes; in trenches, depth (continued)",m,91.61,1.0,107.1287,Item-specific,1,item-specific
MX2382,Material,"Ductile iron pipes to BS 4772, Tyton joints; 100 mm pipes; in trenches, depth (continued)",m,91.61,1.0,107.1287,Item-specific,1,item-specific
MX2383,Material,"Ductile iron pipes to BS 4772, Tyton joints; 100 mm pipes; in trenches, depth (continued)",nr,170.26,1.0,199.102,Item-specific,1,item-specific
MX2384,Material,"Ductile iron pipes to BS 4772, Tyton joints; 100 mm pipes; in trenches, depth (continued)",nr,366.28,1.0,428.3278,Item-specific,1,item-specific
MX2386,Material,"150 mm pipes; in trenches, depth",m,114.85,1.0,134.3056,Item-specific,1,item-specific
MX2387,Material,"150 mm pipes; in trenches, depth",m,114.85,1.0,134.3056,Item-specific,1,item-specific
MX2388,Material,"150 mm pipes; in trenches, depth",m,114.85,1.0,134.3056,Item-specific,1,item-specific
MX2389,Material,"150 mm pipes; in trenches, depth",m,114.85,1.0,134.3056,Item-specific,1,item-specific
MX2390,Material,"150 mm pipes; in trenches, depth",m,114.85,1.0,134.3056,Item-specific,1,item-specific
MX2391,Material,"150 mm pipes; in trenches, depth",m,114.85,1.0,134.3056,Item-specific,1,item-specific
MX2392,Material,"150 mm pipes; in trenches, depth",m,114.85,1.0,134.3056,Item-specific,1,item-specific
MX2393,Material,"150 mm pipes; in trenches, depth",m,114.85,1.0,134.3056,Item-specific,1,item-specific
MX2394,Material,"150 mm pipes; in trenches, depth",m,114.85,1.0,134.3056,Item-specific,1,item-specific
MX2395,Material,"150 mm pipes; in trenches, depth",m,114.85,1.0,134.3056,Item-specific,1,item-specific
MX2396,Material,"150 mm pipes; in trenches, depth",nr,262.05,1.0,306.4413,Item-specific,1,item-specific
MX2397,Material,"150 mm pipes; in trenches, depth",nr,558,1.0,652.5252,Item-specific,1,item-specific
MX2409,Material,"250 mm pipes; in trenches, depth",nr,770.5,1.0,901.0227,Item-specific,1,item-specific
MX2410,Material,"250 mm pipes; in trenches, depth",nr,1608.33,1.0,1880.7811,Item-specific,1,item-specific
MX2423,Material,"600 mm pipes; in trenches, depth",m,248.46,1.0,290.5491,Item-specific,1,item-specific
MX2424,Material,"600 mm pipes; in trenches, depth",m,248.46,1.0,290.5491,Item-specific,1,item-specific
MX2425,Material,"600 mm pipes; in trenches, depth",m,248.46,1.0,290.5491,Item-specific,1,item-specific
MX2426,Material,"600 mm pipes; in trenches, depth",m,248.46,1.0,290.5491,Item-specific,1,item-specific
MX2427,Material,"600 mm pipes; in trenches, depth",m,248.46,1.0,290.5491,Item-specific,1,item-specific
MX2428,Material,"600 mm pipes; in trenches, depth",m,248.46,1.0,290.5491,Item-specific,1,item-specific
MX2429,Material,"600 mm pipes; in trenches, depth",m,248.46,1.0,290.5491,Item-specific,1,item-specific
MX2430,Material,"600 mm pipes; in trenches, depth",m,248.46,1.0,290.5491,Item-specific,1,item-specific
MX2431,Material,"600 mm pipes; in trenches, depth",m,248.46,1.0,290.5491,Item-specific,1,item-specific
MX2432,Material,"600 mm pipes; in trenches, depth",m,248.46,1.0,290.5491,Item-specific,1,item-specific
MX2445,Material,Carbon steel pipes to BS EN 10126; welded joints; (for protection and lining refer to manufacturer); excavation and supp,nr,67.04,1.0,78.3966,Item-specific,1,item-specific
MX2446,Material,Carbon steel pipes to BS EN 10126; welded joints; (for protection and lining refer to manufacturer); excavation and supp,nr,69.88,1.0,81.7177,Item-specific,1,item-specific
MX2447,Material,Carbon steel pipes to BS EN 10126; welded joints; (for protection and lining refer to manufacturer); excavation and supp,nr,116.2,1.0,135.8843,Item-specific,1,item-specific
MX2449,Material,"150 mm pipes; in trenches, depth",m,67.59,1.0,79.0397,Item-specific,1,item-specific
MX2450,Material,"150 mm pipes; in trenches, depth",m,67.59,1.0,79.0397,Item-specific,1,item-specific
MX2451,Material,"150 mm pipes; in trenches, depth",m,67.59,1.0,79.0397,Item-specific,1,item-specific
MX2452,Material,"150 mm pipes; in trenches, depth",m,67.59,1.0,79.0397,Item-specific,1,item-specific
MX2453,Material,"150 mm pipes; in trenches, depth",m,67.59,1.0,79.0397,Item-specific,1,item-specific
MX2454,Material,"150 mm pipes; in trenches, depth",m,67.59,1.0,79.0397,Item-specific,1,item-specific
MX2455,Material,"150 mm pipes; in trenches, depth",m,67.59,1.0,79.0397,Item-specific,1,item-specific
MX2456,Material,"150 mm pipes; in trenches, depth",m,67.59,1.0,79.0397,Item-specific,1,item-specific
MX2457,Material,"150 mm pipes; in trenches, depth",m,67.59,1.0,79.0397,Item-specific,1,item-specific
MX2458,Material,"150 mm pipes; in trenches, depth",m,67.59,1.0,79.0397,Item-specific,1,item-specific
MX2459,Material,"150 mm pipes; in trenches, depth",nr,110.28,1.0,128.9614,Item-specific,1,item-specific
MX2460,Material,"150 mm pipes; in trenches, depth",nr,124.35,1.0,145.4149,Item-specific,1,item-specific
MX2461,Material,"150 mm pipes; in trenches, depth",nr,199.9,1.0,233.7631,Item-specific,1,item-specific
MX2463,Material,"200 mm pipes; in trenches, depth",m,105.25,1.0,123.0794,Item-specific,1,item-specific
MX2464,Material,"200 mm pipes; in trenches, depth",m,105.25,1.0,123.0794,Item-specific,1,item-specific
MX2466,Material,"Carbon steel pipes to BS EN 10126; 200 mm pipes; in trenches, depth (continued)",m,105.25,1.0,123.0794,Item-specific,1,item-specific
MX2467,Material,"Carbon steel pipes to BS EN 10126; 200 mm pipes; in trenches, depth (continued)",m,105.25,1.0,123.0794,Item-specific,1,item-specific
MX2468,Material,"Carbon steel pipes to BS EN 10126; 200 mm pipes; in trenches, depth (continued)",m,105.25,1.0,123.0794,Item-specific,1,item-specific
MX2469,Material,"Carbon steel pipes to BS EN 10126; 200 mm pipes; in trenches, depth (continued)",m,105.25,1.0,123.0794,Item-specific,1,item-specific
MX2470,Material,"Carbon steel pipes to BS EN 10126; 200 mm pipes; in trenches, depth (continued)",m,105.25,1.0,123.0794,Item-specific,1,item-specific
MX2471,Material,"Carbon steel pipes to BS EN 10126; 200 mm pipes; in trenches, depth (continued)",m,105.25,1.0,123.0794,Item-specific,1,item-specific
MX2472,Material,"Carbon steel pipes to BS EN 10126; 200 mm pipes; in trenches, depth (continued)",m,105.25,1.0,123.0794,Item-specific,1,item-specific
MX2473,Material,"Carbon steel pipes to BS EN 10126; 200 mm pipes; in trenches, depth (continued)",m,105.25,1.0,123.0794,Item-specific,1,item-specific
MX2475,Material,"Carbon steel pipes to BS EN 10126; 200 mm pipes; in trenches, depth (continued)",nr,182.03,1.0,212.8659,Item-specific,1,item-specific
MX2476,Material,"Carbon steel pipes to BS EN 10126; 200 mm pipes; in trenches, depth (continued)",nr,306.19,1.0,358.0586,Item-specific,1,item-specific
MX2489,Material,"250 mm pipes; in trenches, depth",nr,344.41,1.0,402.7531,Item-specific,1,item-specific
MX2492,Material,"300 mm pipes; in trenches, depth",m,184.2,1.0,215.4035,Item-specific,1,item-specific
MX2493,Material,"300 mm pipes; in trenches, depth",m,184.2,1.0,215.4035,Item-specific,1,item-specific
MX2494,Material,"300 mm pipes; in trenches, depth",m,184.2,1.0,215.4035,Item-specific,1,item-specific
MX2495,Material,"300 mm pipes; in trenches, depth",m,184.2,1.0,215.4035,Item-specific,1,item-specific
MX2496,Material,"300 mm pipes; in trenches, depth",m,184.2,1.0,215.4035,Item-specific,1,item-specific
MX2497,Material,"300 mm pipes; in trenches, depth",m,184.2,1.0,215.4035,Item-specific,1,item-specific
MX2498,Material,"300 mm pipes; in trenches, depth",m,184.2,1.0,215.4035,Item-specific,1,item-specific
MX2499,Material,"300 mm pipes; in trenches, depth",m,184.2,1.0,215.4035,Item-specific,1,item-specific
MX2500,Material,"300 mm pipes; in trenches, depth",m,184.2,1.0,215.4035,Item-specific,1,item-specific
MX2501,Material,"300 mm pipes; in trenches, depth",m,184.2,1.0,215.4035,Item-specific,1,item-specific
MX2504,Material,"300 mm pipes; in trenches, depth",nr,618.48,1.0,723.2505,Item-specific,1,item-specific
MX2507,Material,"Unplasticized pvc perforated pipes; ring seal sockets; excavation and supports, backfilling; 6 m pipe lengths unless sta",m,19.77,1.0,23.119,Item-specific,1,item-specific
MX2508,Material,"Unplasticized pvc perforated pipes; ring seal sockets; excavation and supports, backfilling; 6 m pipe lengths unless sta",m,19.77,1.0,23.119,Item-specific,1,item-specific
MX2509,Material,"Unplasticized pvc perforated pipes; ring seal sockets; excavation and supports, backfilling; 6 m pipe lengths unless sta",m,19.77,1.0,23.119,Item-specific,1,item-specific
MX2510,Material,"Unplasticized pvc perforated pipes; ring seal sockets; excavation and supports, backfilling; 6 m pipe lengths unless sta",m,19.77,1.0,23.119,Item-specific,1,item-specific
MX2511,Material,"Unplasticized pvc perforated pipes; ring seal sockets; excavation and supports, backfilling; 6 m pipe lengths unless sta",m,19.77,1.0,23.119,Item-specific,1,item-specific
MX2512,Material,"Unplasticized pvc perforated pipes; ring seal sockets; excavation and supports, backfilling; 6 m pipe lengths unless sta",m,19.77,1.0,23.119,Item-specific,1,item-specific
MX2513,Material,"Unplasticized pvc perforated pipes; ring seal sockets; excavation and supports, backfilling; 6 m pipe lengths unless sta",m,19.77,1.0,23.119,Item-specific,1,item-specific
MX2514,Material,"Unplasticized pvc perforated pipes; ring seal sockets; excavation and supports, backfilling; 6 m pipe lengths unless sta",m,19.77,1.0,23.119,Item-specific,1,item-specific
MX2515,Material,"Unplasticized pvc perforated pipes; ring seal sockets; excavation and supports, backfilling; 6 m pipe lengths unless sta",m,19.77,1.0,23.119,Item-specific,1,item-specific
MX2516,Material,"Unplasticized pvc perforated pipes; ring seal sockets; excavation and supports, backfilling; 6 m pipe lengths unless sta",m,19.77,1.0,23.119,Item-specific,1,item-specific
MX2518,Material,"110 mm pipes; in trench, depth",m,28.08,1.0,32.8368,Item-specific,1,item-specific
MX2519,Material,"110 mm pipes; in trench, depth",m,28.08,1.0,32.8368,Item-specific,1,item-specific
MX2520,Material,"110 mm pipes; in trench, depth",m,28.08,1.0,32.8368,Item-specific,1,item-specific
MX2521,Material,"110 mm pipes; in trench, depth",m,28.08,1.0,32.8368,Item-specific,1,item-specific
MX2522,Material,"110 mm pipes; in trench, depth",m,28.08,1.0,32.8368,Item-specific,1,item-specific
MX2523,Material,"110 mm pipes; in trench, depth",m,28.08,1.0,32.8368,Item-specific,1,item-specific
MX2524,Material,"110 mm pipes; in trench, depth",m,28.08,1.0,32.8368,Item-specific,1,item-specific
MX2525,Material,"110 mm pipes; in trench, depth",m,28.08,1.0,32.8368,Item-specific,1,item-specific
MX2526,Material,"110 mm pipes; in trench, depth",m,28.08,1.0,32.8368,Item-specific,1,item-specific
MX2527,Material,"110 mm pipes; in trench, depth",m,28.08,1.0,32.8368,Item-specific,1,item-specific
MX2529,Material,"160 mm pipes; in trench, depth",m,69.94,1.0,81.7878,Item-specific,1,item-specific
MX2530,Material,"160 mm pipes; in trench, depth",m,69.94,1.0,81.7878,Item-specific,1,item-specific
MX2531,Material,"160 mm pipes; in trench, depth",m,69.94,1.0,81.7878,Item-specific,1,item-specific
MX2532,Material,"160 mm pipes; in trench, depth",m,69.94,1.0,81.7878,Item-specific,1,item-specific
MX2533,Material,"160 mm pipes; in trench, depth",m,69.94,1.0,81.7878,Item-specific,1,item-specific
MX2534,Material,"160 mm pipes; in trench, depth",m,69.94,1.0,81.7878,Item-specific,1,item-specific
MX2535,Material,"160 mm pipes; in trench, depth",m,69.94,1.0,81.7878,Item-specific,1,item-specific
MX2536,Material,"160 mm pipes; in trench, depth",m,69.94,1.0,81.7878,Item-specific,1,item-specific
MX2537,Material,"160 mm pipes; in trench, depth",m,69.94,1.0,81.7878,Item-specific,1,item-specific
MX2538,Material,"160 mm pipes; in trench, depth",m,69.94,1.0,81.7878,Item-specific,1,item-specific
MX2540,Material,"Unplasticized pvc pipes; ring seal sockets; excavation and supports, backfilling; 6 m pipe lengths unless stated otherwi",m,23.05,1.0,26.9547,Item-specific,1,item-specific
MX2541,Material,"Unplasticized pvc pipes; ring seal sockets; excavation and supports, backfilling; 6 m pipe lengths unless stated otherwi",m,23.05,1.0,26.9547,Item-specific,1,item-specific
MX2542,Material,"Unplasticized pvc pipes; ring seal sockets; excavation and supports, backfilling; 6 m pipe lengths unless stated otherwi",m,23.05,1.0,26.9547,Item-specific,1,item-specific
MX2543,Material,"Unplasticized pvc pipes; ring seal sockets; excavation and supports, backfilling; 6 m pipe lengths unless stated otherwi",m,23.05,1.0,26.9547,Item-specific,1,item-specific
MX2544,Material,"Unplasticized pvc pipes; ring seal sockets; excavation and supports, backfilling; 6 m pipe lengths unless stated otherwi",m,23.05,1.0,26.9547,Item-specific,1,item-specific
MX2545,Material,"Unplasticized pvc pipes; ring seal sockets; excavation and supports, backfilling; 6 m pipe lengths unless stated otherwi",m,23.05,1.0,26.9547,Item-specific,1,item-specific
MX2546,Material,"Unplasticized pvc pipes; ring seal sockets; excavation and supports, backfilling; 6 m pipe lengths unless stated otherwi",m,23.05,1.0,26.9547,Item-specific,1,item-specific
MX2547,Material,"Unplasticized pvc pipes; ring seal sockets; excavation and supports, backfilling; 6 m pipe lengths unless stated otherwi",m,23.05,1.0,26.9547,Item-specific,1,item-specific
MX2548,Material,"Unplasticized pvc pipes; ring seal sockets; excavation and supports, backfilling; 6 m pipe lengths unless stated otherwi",m,23.05,1.0,26.9547,Item-specific,1,item-specific
MX2549,Material,"Unplasticized pvc pipes; ring seal sockets; excavation and supports, backfilling; 6 m pipe lengths unless stated otherwi",m,23.05,1.0,26.9547,Item-specific,1,item-specific
MX2550,Material,"Unplasticized pvc pipes; ring seal sockets; excavation and supports, backfilling; 6 m pipe lengths unless stated otherwi",nr,55.87,1.0,65.3344,Item-specific,1,item-specific
MX2551,Material,"Unplasticized pvc pipes; ring seal sockets; excavation and supports, backfilling; 6 m pipe lengths unless stated otherwi",nr,74.49,1.0,87.1086,Item-specific,1,item-specific
MX2553,Material,"Unplasticized pvc pipes; ring seal sockets; 110 mm pipes; in trenches, depth",m,10.14,1.0,11.8577,Item-specific,1,item-specific
MX2554,Material,"Unplasticized pvc pipes; ring seal sockets; 110 mm pipes; in trenches, depth",m,10.14,1.0,11.8577,Item-specific,1,item-specific
MX2555,Material,"Unplasticized pvc pipes; ring seal sockets; 110 mm pipes; in trenches, depth",m,10.14,1.0,11.8577,Item-specific,1,item-specific
MX2556,Material,"Unplasticized pvc pipes; ring seal sockets; 110 mm pipes; in trenches, depth",m,10.14,1.0,11.8577,Item-specific,1,item-specific
MX2557,Material,"Unplasticized pvc pipes; ring seal sockets; 110 mm pipes; in trenches, depth",m,10.14,1.0,11.8577,Item-specific,1,item-specific
MX2558,Material,"Unplasticized pvc pipes; ring seal sockets; 110 mm pipes; in trenches, depth",m,10.14,1.0,11.8577,Item-specific,1,item-specific
MX2559,Material,"Unplasticized pvc pipes; ring seal sockets; 110 mm pipes; in trenches, depth",m,10.14,1.0,11.8577,Item-specific,1,item-specific
MX2560,Material,"Unplasticized pvc pipes; ring seal sockets; 110 mm pipes; in trenches, depth",m,10.14,1.0,11.8577,Item-specific,1,item-specific
MX2561,Material,"Unplasticized pvc pipes; ring seal sockets; 110 mm pipes; in trenches, depth",m,10.14,1.0,11.8577,Item-specific,1,item-specific
MX2562,Material,"Unplasticized pvc pipes; ring seal sockets; 110 mm pipes; in trenches, depth",m,10.14,1.0,11.8577,Item-specific,1,item-specific
MX2563,Material,"Unplasticized pvc pipes; ring seal sockets; 110 mm pipes; in trenches, depth",nr,88.09,1.0,103.0124,Item-specific,1,item-specific
MX2564,Material,"Unplasticized pvc pipes; ring seal sockets; 110 mm pipes; in trenches, depth",nr,87.12,1.0,101.8781,Item-specific,1,item-specific
MX2565,Material,"Unplasticized pvc pipes; ring seal sockets; 110 mm pipes; in trenches, depth",nr,32.88,1.0,38.4499,Item-specific,1,item-specific
MX2566,Material,"Unplasticized pvc pipes; ring seal sockets; 110 mm pipes; in trenches, depth",nr,112.82,1.0,131.9317,Item-specific,1,item-specific
MX2568,Material,"160 mm pipes; in trenches, depth",m,28.58,1.0,33.4215,Item-specific,1,item-specific
MX2569,Material,"160 mm pipes; in trenches, depth",m,28.58,1.0,33.4215,Item-specific,1,item-specific
MX2570,Material,"160 mm pipes; in trenches, depth",m,28.58,1.0,33.4215,Item-specific,1,item-specific
MX2571,Material,"160 mm pipes; in trenches, depth",m,28.58,1.0,33.4215,Item-specific,1,item-specific
MX2572,Material,"160 mm pipes; in trenches, depth",m,28.58,1.0,33.4215,Item-specific,1,item-specific
MX2573,Material,"160 mm pipes; in trenches, depth",m,28.58,1.0,33.4215,Item-specific,1,item-specific
MX2574,Material,"160 mm pipes; in trenches, depth",m,28.58,1.0,33.4215,Item-specific,1,item-specific
MX2575,Material,"160 mm pipes; in trenches, depth",m,28.58,1.0,33.4215,Item-specific,1,item-specific
MX2576,Material,"160 mm pipes; in trenches, depth",m,28.58,1.0,33.4215,Item-specific,1,item-specific
MX2577,Material,"160 mm pipes; in trenches, depth",m,28.58,1.0,33.4215,Item-specific,1,item-specific
MX2578,Material,"160 mm pipes; in trenches, depth",nr,344.8,1.0,403.2091,Item-specific,1,item-specific
MX2579,Material,"160 mm pipes; in trenches, depth",nr,387.13,1.0,452.7098,Item-specific,1,item-specific
MX2581,Material,"225 mm pipes; in trenches, depth",m,163.67,1.0,191.3957,Item-specific,1,item-specific
MX2582,Material,"225 mm pipes; in trenches, depth",m,163.67,1.0,191.3957,Item-specific,1,item-specific
MX2583,Material,"225 mm pipes; in trenches, depth",m,163.67,1.0,191.3957,Item-specific,1,item-specific
MX2584,Material,"225 mm pipes; in trenches, depth",m,163.67,1.0,191.3957,Item-specific,1,item-specific
MX2585,Material,"225 mm pipes; in trenches, depth",m,163.67,1.0,191.3957,Item-specific,1,item-specific
MX2586,Material,"225 mm pipes; in trenches, depth",m,163.67,1.0,191.3957,Item-specific,1,item-specific
MX2587,Material,"225 mm pipes; in trenches, depth",m,163.67,1.0,191.3957,Item-specific,1,item-specific
MX2588,Material,"225 mm pipes; in trenches, depth",m,163.67,1.0,191.3957,Item-specific,1,item-specific
MX2589,Material,"225 mm pipes; in trenches, depth",m,163.67,1.0,191.3957,Item-specific,1,item-specific
MX2590,Material,"225 mm pipes; in trenches, depth",m,163.67,1.0,191.3957,Item-specific,1,item-specific
MX2592,Material,"225 mm pipes; in trenches, depth",nr,801.39,1.0,937.1455,Item-specific,1,item-specific
MX2594,Material,"300 mm pipes; in trenches, depth",m,254.27,1.0,297.3433,Item-specific,1,item-specific
MX2595,Material,"300 mm pipes; in trenches, depth",m,254.27,1.0,297.3433,Item-specific,1,item-specific
MX2596,Material,"300 mm pipes; in trenches, depth",m,254.27,1.0,297.3433,Item-specific,1,item-specific
MX2597,Material,"300 mm pipes; in trenches, depth",m,254.27,1.0,297.3433,Item-specific,1,item-specific
MX2598,Material,"300 mm pipes; in trenches, depth",m,254.27,1.0,297.3433,Item-specific,1,item-specific
MX2599,Material,"300 mm pipes; in trenches, depth",m,254.27,1.0,297.3433,Item-specific,1,item-specific
MX2600,Material,"300 mm pipes; in trenches, depth",m,254.27,1.0,297.3433,Item-specific,1,item-specific
MX2601,Material,"300 mm pipes; in trenches, depth",m,254.27,1.0,297.3433,Item-specific,1,item-specific
MX2602,Material,"300 mm pipes; in trenches, depth",m,254.27,1.0,297.3433,Item-specific,1,item-specific
MX2603,Material,"300 mm pipes; in trenches, depth",m,254.27,1.0,297.3433,Item-specific,1,item-specific
MX2604,Material,"300 mm pipes; in trenches, depth",nr,2079.04,1.0,2431.2294,Item-specific,1,item-specific
MX2605,Material,"300 mm pipes; in trenches, depth",nr,1328.65,1.0,1553.7233,Item-specific,1,item-specific
MX2607,Material,"Unplasticized pvc pipes; polypropylene couplings; excavation and supports, backfilling; 6 m pipe lengths unless stated o",m,20.42,1.0,23.8791,Item-specific,1,item-specific
MX2608,Material,"Unplasticized pvc pipes; polypropylene couplings; excavation and supports, backfilling; 6 m pipe lengths unless stated o",m,20.42,1.0,23.8791,Item-specific,1,item-specific
MX2609,Material,"Unplasticized pvc pipes; polypropylene couplings; excavation and supports, backfilling; 6 m pipe lengths unless stated o",m,20.42,1.0,23.8791,Item-specific,1,item-specific
MX2610,Material,"Unplasticized pvc pipes; polypropylene couplings; excavation and supports, backfilling; 6 m pipe lengths unless stated o",m,20.42,1.0,23.8791,Item-specific,1,item-specific
MX2611,Material,"Unplasticized pvc pipes; polypropylene couplings; excavation and supports, backfilling; 6 m pipe lengths unless stated o",m,20.42,1.0,23.8791,Item-specific,1,item-specific
MX2612,Material,"Unplasticized pvc pipes; polypropylene couplings; excavation and supports, backfilling; 6 m pipe lengths unless stated o",m,20.42,1.0,23.8791,Item-specific,1,item-specific
MX2613,Material,"Unplasticized pvc pipes; polypropylene couplings; excavation and supports, backfilling; 6 m pipe lengths unless stated o",m,20.42,1.0,23.8791,Item-specific,1,item-specific
MX2614,Material,"Unplasticized pvc pipes; polypropylene couplings; excavation and supports, backfilling; 6 m pipe lengths unless stated o",m,20.42,1.0,23.8791,Item-specific,1,item-specific
MX2615,Material,"Unplasticized pvc pipes; polypropylene couplings; excavation and supports, backfilling; 6 m pipe lengths unless stated o",m,20.42,1.0,23.8791,Item-specific,1,item-specific
MX2616,Material,"Unplasticized pvc pipes; polypropylene couplings; excavation and supports, backfilling; 6 m pipe lengths unless stated o",m,20.42,1.0,23.8791,Item-specific,1,item-specific
MX2618,Material,"160 mm pipes; in trenches, depth",m,67.65,1.0,79.1099,Item-specific,1,item-specific
MX2619,Material,"160 mm pipes; in trenches, depth",m,67.65,1.0,79.1099,Item-specific,1,item-specific
MX2620,Material,"160 mm pipes; in trenches, depth",m,67.65,1.0,79.1099,Item-specific,1,item-specific
MX2621,Material,"160 mm pipes; in trenches, depth",m,67.65,1.0,79.1099,Item-specific,1,item-specific
MX2622,Material,"160 mm pipes; in trenches, depth",m,67.65,1.0,79.1099,Item-specific,1,item-specific
MX2623,Material,"160 mm pipes; in trenches, depth",m,67.65,1.0,79.1099,Item-specific,1,item-specific
MX2624,Material,"160 mm pipes; in trenches, depth",m,67.65,1.0,79.1099,Item-specific,1,item-specific
MX2625,Material,"160 mm pipes; in trenches, depth",m,67.65,1.0,79.1099,Item-specific,1,item-specific
MX2626,Material,"160 mm pipes; in trenches, depth",m,67.65,1.0,79.1099,Item-specific,1,item-specific
MX2627,Material,"160 mm pipes; in trenches, depth",m,67.65,1.0,79.1099,Item-specific,1,item-specific
MX2640,Material,"300 mm pipes; in trenches, depth",m,255.2,1.0,298.4309,Item-specific,1,item-specific
MX2642,Material,"Unplasticized pvc pipes; polypropylene couplings; 300 mm pipes; in trenches, depth (continued)",m,255.2,1.0,298.4309,Item-specific,1,item-specific
MX2643,Material,"Unplasticized pvc pipes; polypropylene couplings; 300 mm pipes; in trenches, depth (continued)",m,255.2,1.0,298.4309,Item-specific,1,item-specific
MX2644,Material,"Unplasticized pvc pipes; polypropylene couplings; 300 mm pipes; in trenches, depth (continued)",m,255.2,1.0,298.4309,Item-specific,1,item-specific
MX2645,Material,"Unplasticized pvc pipes; polypropylene couplings; 300 mm pipes; in trenches, depth (continued)",m,255.2,1.0,298.4309,Item-specific,1,item-specific
MX2646,Material,"Unplasticized pvc pipes; polypropylene couplings; 300 mm pipes; in trenches, depth (continued)",m,255.2,1.0,298.4309,Item-specific,1,item-specific
MX2647,Material,"Unplasticized pvc pipes; polypropylene couplings; 300 mm pipes; in trenches, depth (continued)",m,255.2,1.0,298.4309,Item-specific,1,item-specific
MX2648,Material,"Unplasticized pvc pipes; polypropylene couplings; 300 mm pipes; in trenches, depth (continued)",m,255.2,1.0,298.4309,Item-specific,1,item-specific
MX2649,Material,"Unplasticized pvc pipes; polypropylene couplings; 300 mm pipes; in trenches, depth (continued)",m,255.2,1.0,298.4309,Item-specific,1,item-specific
MX2650,Material,"Unplasticized pvc pipes; polypropylene couplings; 300 mm pipes; in trenches, depth (continued)",m,255.2,1.0,298.4309,Item-specific,1,item-specific
MX2662,Material,"Ultrarib unplasticized pvc pipes; ring seal joints; excavation and supports, backfilling; 150 mm pipes; in trenches, dep",nr,72.79,1.0,85.1206,Item-specific,1,item-specific
MX2663,Material,"Ultrarib unplasticized pvc pipes; ring seal joints; excavation and supports, backfilling; 150 mm pipes; in trenches, dep",nr,201.37,1.0,235.4821,Item-specific,1,item-specific
MX2676,Material,"225 mm pipes; in trenches, depth",nr,698.53,1.0,816.861,Item-specific,1,item-specific
MX2689,Material,"300 mm pipes; in trenches, depth",nr,1614.01,1.0,1887.4233,Item-specific,1,item-specific
MX2711,Material,Valves; Non-return valves; cast iron; single door; tidal flap,nr,406.17,1.0,474.9752,Item-specific,1,item-specific
MX2712,Material,Valves; Non-return valves; cast iron; single door; tidal flap,nr,774.8,1.0,906.0511,Item-specific,1,item-specific
MX2713,Material,Valves; Non-return valves; cast iron; single door; tidal flap,nr,1128.63,1.0,1319.8199,Item-specific,1,item-specific
MX2714,Material,Valves; Non-return valves; cast iron; single door; tidal flap,nr,1748.7,1.0,2044.9298,Item-specific,1,item-specific
MX2715,Material,Valves; Non-return valves; cast iron; single door; tidal flap,nr,2414.45,1.0,2823.4578,Item-specific,1,item-specific
MX2717,Material,Penstocks; cast iron; wall mounted; hand operated,nr,825,1.0,964.755,Item-specific,1,item-specific
MX2718,Material,Penstocks; cast iron; wall mounted; hand operated,nr,1154.83,1.0,1350.4582,Item-specific,1,item-specific
MX2719,Material,Penstocks; cast iron; wall mounted; hand operated,nr,1377.67,1.0,1611.0473,Item-specific,1,item-specific
MX2720,Material,Penstocks; cast iron; wall mounted; hand operated,nr,2228.61,1.0,2606.1365,Item-specific,1,item-specific
MX2721,Material,Penstocks; cast iron; wall mounted; hand operated,nr,3849.41,1.0,4501.5001,Item-specific,1,item-specific
MX2778,Material,750 x 700 chamber 500 depth to invert,nr,35.12,1.0,41.0693,Item-specific,1,item-specific
MX2779,Material,750 x 700 chamber 500 depth to invert,nr,102.95,1.0,120.3897,Item-specific,1,item-specific
MX2780,Material,750 x 700 chamber 500 depth to invert,nr,169.95,1.0,198.7395,Item-specific,1,item-specific
MX2781,Material,750 x 700 chamber 500 depth to invert,nr,276.96,1.0,323.877,Item-specific,1,item-specific
MX2782,Material,750 x 700 chamber 500 depth to invert,nr,45.84,1.0,53.6053,Item-specific,1,item-specific
MX2783,Material,750 x 700 chamber 500 depth to invert,nr,341.51,1.0,399.3618,Item-specific,1,item-specific
MX2784,Material,750 x 700 chamber 500 depth to invert,nr,972.34,1.0,1137.0544,Item-specific,1,item-specific
MX2787,Material,750 x 700 chamber 1000 depth to invert,nr,35.12,1.0,41.0693,Item-specific,1,item-specific
MX2788,Material,750 x 700 chamber 1000 depth to invert,nr,205.89,1.0,240.7678,Item-specific,1,item-specific
MX2789,Material,750 x 700 chamber 1000 depth to invert,nr,169.95,1.0,198.7395,Item-specific,1,item-specific
MX2790,Material,750 x 700 chamber 1000 depth to invert,nr,276.96,1.0,323.877,Item-specific,1,item-specific
MX2791,Material,750 x 700 chamber 1000 depth to invert,nr,68.76,1.0,80.4079,Item-specific,1,item-specific
MX2792,Material,750 x 700 chamber 1000 depth to invert,nr,341.51,1.0,399.3618,Item-specific,1,item-specific
MX2793,Material,750 x 700 chamber 1000 depth to invert,nr,1098.2,1.0,1284.2351,Item-specific,1,item-specific
MX2796,Material,750 x 700 chamber 1500 depth to invert,nr,35.12,1.0,41.0693,Item-specific,1,item-specific
MX2797,Material,750 x 700 chamber 1500 depth to invert,nr,308.84,1.0,361.1575,Item-specific,1,item-specific
MX2798,Material,750 x 700 chamber 1500 depth to invert,nr,169.95,1.0,198.7395,Item-specific,1,item-specific
MX2799,Material,750 x 700 chamber 1500 depth to invert,nr,276.96,1.0,323.877,Item-specific,1,item-specific
MX2800,Material,750 x 700 chamber 1500 depth to invert,nr,91.68,1.0,107.2106,Item-specific,1,item-specific
MX2801,Material,750 x 700 chamber 1500 depth to invert,nr,341.51,1.0,399.3618,Item-specific,1,item-specific
MX2802,Material,750 x 700 chamber 1500 depth to invert,nr,1224.07,1.0,1431.4275,Item-specific,1,item-specific
MX2805,Material,900 x 700 chamber 500 depth to invert,nr,40.97,1.0,47.9103,Item-specific,1,item-specific
MX2806,Material,900 x 700 chamber 500 depth to invert,nr,113.6,1.0,132.8438,Item-specific,1,item-specific
MX2807,Material,900 x 700 chamber 500 depth to invert,nr,169.95,1.0,198.7395,Item-specific,1,item-specific
MX2808,Material,900 x 700 chamber 500 depth to invert,nr,276.96,1.0,323.877,Item-specific,1,item-specific
MX2809,Material,900 x 700 chamber 500 depth to invert,nr,22.92,1.0,26.8026,Item-specific,1,item-specific
MX2814,Material,900 x 700 chamber 1000 depth to invert,nr,40.97,1.0,47.9103,Item-specific,1,item-specific
MX2815,Material,900 x 700 chamber 1000 depth to invert,nr,227.19,1.0,265.676,Item-specific,1,item-specific
MX2816,Material,900 x 700 chamber 1000 depth to invert,nr,169.95,1.0,198.7395,Item-specific,1,item-specific
MX2817,Material,900 x 700 chamber 1000 depth to invert,nr,276.96,1.0,323.877,Item-specific,1,item-specific
MX2818,Material,900 x 700 chamber 1000 depth to invert,nr,68.76,1.0,80.4079,Item-specific,1,item-specific
MX2823,Material,900 x 700 chamber 1500 depth to invert,nr,40.97,1.0,47.9103,Item-specific,1,item-specific
MX2825,Material,900 x 700 chamber 1500 depth to invert,nr,169.95,1.0,198.7395,Item-specific,1,item-specific
MX2827,Material,Brick construction; 900 x 700 chamber 1500 depth to invert (continued),nr,276.96,1.0,323.877,Item-specific,1,item-specific
MX2828,Material,Brick construction; 900 x 700 chamber 1500 depth to invert (continued),nr,91.68,1.0,107.2106,Item-specific,1,item-specific
MX2833,Material,1050 x 700 chamber 1500 depth to invert,nr,49.75,1.0,58.1776,Item-specific,1,item-specific
MX2834,Material,1050 x 700 chamber 1500 depth to invert,nr,372.74,1.0,435.8822,Item-specific,1,item-specific
MX2835,Material,1050 x 700 chamber 1500 depth to invert,nr,181.49,1.0,212.2344,Item-specific,1,item-specific
MX2836,Material,1050 x 700 chamber 1500 depth to invert,nr,273.73,1.0,320.0999,Item-specific,1,item-specific
MX2837,Material,1050 x 700 chamber 1500 depth to invert,nr,183.37,1.0,214.4329,Item-specific,1,item-specific
MX2838,Material,1050 x 700 chamber 1500 depth to invert,nr,341.51,1.0,399.3618,Item-specific,1,item-specific
MX2839,Material,1050 x 700 chamber 1500 depth to invert,nr,1402.59,1.0,1640.1887,Item-specific,1,item-specific
MX2842,Material,1050 x 700 chamber 2500 depth to invert,nr,49.75,1.0,58.1776,Item-specific,1,item-specific
MX2843,Material,1050 x 700 chamber 2500 depth to invert,nr,862.3,1.0,1008.3736,Item-specific,1,item-specific
MX2844,Material,1050 x 700 chamber 2500 depth to invert,nr,181.49,1.0,212.2344,Item-specific,1,item-specific
MX2845,Material,1050 x 700 chamber 2500 depth to invert,nr,219.52,1.0,256.7067,Item-specific,1,item-specific
MX2846,Material,1050 x 700 chamber 2500 depth to invert,nr,273.73,1.0,320.0999,Item-specific,1,item-specific
MX2847,Material,1050 x 700 chamber 2500 depth to invert,nr,183.37,1.0,214.4329,Item-specific,1,item-specific
MX2848,Material,1050 x 700 chamber 2500 depth to invert,nr,341.51,1.0,399.3618,Item-specific,1,item-specific
MX2849,Material,1050 x 700 chamber 2500 depth to invert,nr,2111.67,1.0,2469.3869,Item-specific,1,item-specific
MX2852,Material,1050 x 700 chamber 3500 depth to invert,nr,49.75,1.0,58.1776,Item-specific,1,item-specific
MX2853,Material,1050 x 700 chamber 3500 depth to invert,nr,1110.8,1.0,1298.9695,Item-specific,1,item-specific
MX2854,Material,1050 x 700 chamber 3500 depth to invert,nr,219.52,1.0,256.7067,Item-specific,1,item-specific
MX2855,Material,1050 x 700 chamber 3500 depth to invert,nr,181.49,1.0,212.2344,Item-specific,1,item-specific
MX2856,Material,1050 x 700 chamber 3500 depth to invert,nr,289.54,1.0,338.5881,Item-specific,1,item-specific
MX2857,Material,1050 x 700 chamber 3500 depth to invert,nr,252.13,1.0,294.8408,Item-specific,1,item-specific
MX2858,Material,1050 x 700 chamber 3500 depth to invert,nr,341.51,1.0,399.3618,Item-specific,1,item-specific
MX2859,Material,1050 x 700 chamber 3500 depth to invert,nr,2444.74,1.0,2858.879,Item-specific,1,item-specific
MX2862,Material,1350 x 700 chamber 2500 depth to invert,nr,61.46,1.0,71.8713,Item-specific,1,item-specific
MX2863,Material,1350 x 700 chamber 2500 depth to invert,nr,1010.13,1.0,1181.246,Item-specific,1,item-specific
MX2864,Material,1350 x 700 chamber 2500 depth to invert,nr,219.52,1.0,256.7067,Item-specific,1,item-specific
MX2865,Material,1350 x 700 chamber 2500 depth to invert,nr,225.91,1.0,264.1792,Item-specific,1,item-specific
MX2866,Material,1350 x 700 chamber 2500 depth to invert,nr,304.06,1.0,355.5678,Item-specific,1,item-specific
MX2867,Material,1350 x 700 chamber 2500 depth to invert,nr,183.37,1.0,214.4329,Item-specific,1,item-specific
MX2868,Material,1350 x 700 chamber 2500 depth to invert,nr,341.51,1.0,399.3618,Item-specific,1,item-specific
MX2869,Material,1350 x 700 chamber 2500 depth to invert,nr,2345.95,1.0,2743.3539,Item-specific,1,item-specific
MX2872,Material,1350 x 700 chamber 3500 depth to invert,nr,61.46,1.0,71.8713,Item-specific,1,item-specific
MX2873,Material,1350 x 700 chamber 3500 depth to invert,nr,1301.22,1.0,1521.6467,Item-specific,1,item-specific
MX2874,Material,1350 x 700 chamber 3500 depth to invert,nr,219.52,1.0,256.7067,Item-specific,1,item-specific
MX2875,Material,1350 x 700 chamber 3500 depth to invert,nr,225.91,1.0,264.1792,Item-specific,1,item-specific
MX2876,Material,1350 x 700 chamber 3500 depth to invert,nr,304.06,1.0,355.5678,Item-specific,1,item-specific
MX2877,Material,1350 x 700 chamber 3500 depth to invert,nr,252.13,1.0,294.8408,Item-specific,1,item-specific
MX2878,Material,1350 x 700 chamber 3500 depth to invert,nr,341.51,1.0,399.3618,Item-specific,1,item-specific
MX2879,Material,1350 x 700 chamber 3500 depth to invert,nr,2705.81,1.0,3164.1742,Item-specific,1,item-specific
MX2882,Material,1350 x 700 chamber 4500 depth to invert,nr,61.46,1.0,71.8713,Item-specific,1,item-specific
MX2883,Material,1350 x 700 chamber 4500 depth to invert,nr,1592.31,1.0,1862.0473,Item-specific,1,item-specific
MX2884,Material,1350 x 700 chamber 4500 depth to invert,nr,219.52,1.0,256.7067,Item-specific,1,item-specific
MX2885,Material,1350 x 700 chamber 4500 depth to invert,nr,225.91,1.0,264.1792,Item-specific,1,item-specific
MX2886,Material,1350 x 700 chamber 4500 depth to invert,nr,304.06,1.0,355.5678,Item-specific,1,item-specific
MX2887,Material,1350 x 700 chamber 4500 depth to invert,nr,320.89,1.0,375.2488,Item-specific,1,item-specific
MX2888,Material,1350 x 700 chamber 4500 depth to invert,nr,341.51,1.0,399.3618,Item-specific,1,item-specific
MX2889,Material,1350 x 700 chamber 4500 depth to invert,nr,3065.66,1.0,3584.9828,Item-specific,1,item-specific
MX2894,Material,675 dia. x 500 depth to invert,nr,23.41,1.0,27.3757,Item-specific,1,item-specific
MX2895,Material,675 dia. x 500 depth to invert,nr,43.66,1.0,51.056,Item-specific,1,item-specific
MX2896,Material,675 dia. x 500 depth to invert,nr,99.81,1.0,116.7178,Item-specific,1,item-specific
MX2897,Material,675 dia. x 500 depth to invert,nr,23.37,1.0,27.3289,Item-specific,1,item-specific
MX2898,Material,675 dia. x 500 depth to invert,nr,139.72,1.0,163.3886,Item-specific,1,item-specific
MX2899,Material,675 dia. x 500 depth to invert,nr,22.92,1.0,26.8026,Item-specific,1,item-specific
MX2900,Material,675 dia. x 500 depth to invert,nr,341.51,1.0,399.3618,Item-specific,1,item-specific
MX2901,Material,675 dia. x 500 depth to invert,nr,694.4,1.0,812.0314,Item-specific,1,item-specific
MX2904,Material,675 dia. x 750 depth to invert,nr,23.41,1.0,27.3757,Item-specific,1,item-specific
MX2905,Material,675 dia. x 750 depth to invert,nr,65.48,1.0,76.5723,Item-specific,1,item-specific
MX2906,Material,675 dia. x 750 depth to invert,nr,99.81,1.0,116.7178,Item-specific,1,item-specific
MX2908,Material,Precast concrete construction; 675 dia. x 750 depth to invert (continued),nr,35.05,1.0,40.9875,Item-specific,1,item-specific
MX2909,Material,Precast concrete construction; 675 dia. x 750 depth to invert (continued),nr,139.72,1.0,163.3886,Item-specific,1,item-specific
MX2910,Material,Precast concrete construction; 675 dia. x 750 depth to invert (continued),nr,45.84,1.0,53.6053,Item-specific,1,item-specific
MX2911,Material,Precast concrete construction; 675 dia. x 750 depth to invert (continued),nr,341.51,1.0,399.3618,Item-specific,1,item-specific
MX2912,Material,Precast concrete construction; 675 dia. x 750 depth to invert (continued),nr,750.84,1.0,878.0323,Item-specific,1,item-specific
MX2915,Material,675 dia. x 1000 depth to invert,nr,23.41,1.0,27.3757,Item-specific,1,item-specific
MX2916,Material,675 dia. x 1000 depth to invert,nr,87.31,1.0,102.1003,Item-specific,1,item-specific
MX2917,Material,675 dia. x 1000 depth to invert,nr,99.81,1.0,116.7178,Item-specific,1,item-specific
MX2918,Material,675 dia. x 1000 depth to invert,nr,46.74,1.0,54.6578,Item-specific,1,item-specific
MX2919,Material,675 dia. x 1000 depth to invert,nr,139.72,1.0,163.3886,Item-specific,1,item-specific
MX2920,Material,675 dia. x 1000 depth to invert,nr,68.76,1.0,80.4079,Item-specific,1,item-specific
MX2921,Material,675 dia. x 1000 depth to invert,nr,341.51,1.0,399.3618,Item-specific,1,item-specific
MX2922,Material,675 dia. x 1000 depth to invert,nr,807.27,1.0,944.0215,Item-specific,1,item-specific
MX2925,Material,675 dia. x 1250 depth to invert,nr,23.41,1.0,27.3757,Item-specific,1,item-specific
MX2926,Material,675 dia. x 1250 depth to invert,nr,109.14,1.0,127.6283,Item-specific,1,item-specific
MX2927,Material,675 dia. x 1250 depth to invert,nr,99.81,1.0,116.7178,Item-specific,1,item-specific
MX2928,Material,675 dia. x 1250 depth to invert,nr,58.42,1.0,68.3163,Item-specific,1,item-specific
MX2929,Material,675 dia. x 1250 depth to invert,nr,139.72,1.0,163.3886,Item-specific,1,item-specific
MX2930,Material,675 dia. x 1250 depth to invert,nr,91.68,1.0,107.2106,Item-specific,1,item-specific
MX2931,Material,675 dia. x 1250 depth to invert,nr,341.51,1.0,399.3618,Item-specific,1,item-specific
MX2932,Material,675 dia. x 1250 depth to invert,nr,863.7,1.0,1010.0108,Item-specific,1,item-specific
MX2935,Material,900 dia. x 750 depth to invert,nr,40.97,1.0,47.9103,Item-specific,1,item-specific
MX2936,Material,900 dia. x 750 depth to invert,nr,150.6,1.0,176.1116,Item-specific,1,item-specific
MX2937,Material,900 dia. x 750 depth to invert,nr,200.8,1.0,234.8155,Item-specific,1,item-specific
MX2938,Material,900 dia. x 750 depth to invert,nr,46.74,1.0,54.6578,Item-specific,1,item-specific
MX2939,Material,900 dia. x 750 depth to invert,nr,150.84,1.0,176.3923,Item-specific,1,item-specific
MX2940,Material,900 dia. x 750 depth to invert,nr,45.84,1.0,53.6053,Item-specific,1,item-specific
MX2945,Material,900 dia. x 1000 depth to invert,nr,40.97,1.0,47.9103,Item-specific,1,item-specific
MX2946,Material,900 dia. x 1000 depth to invert,nr,200.8,1.0,234.8155,Item-specific,1,item-specific
MX2947,Material,900 dia. x 1000 depth to invert,nr,200.8,1.0,234.8155,Item-specific,1,item-specific
MX2948,Material,900 dia. x 1000 depth to invert,nr,61.34,1.0,71.731,Item-specific,1,item-specific
MX2949,Material,900 dia. x 1000 depth to invert,nr,150.84,1.0,176.3923,Item-specific,1,item-specific
MX2950,Material,900 dia. x 1000 depth to invert,nr,68.76,1.0,80.4079,Item-specific,1,item-specific
MX2955,Material,900 dia. x 1500 depth to invert,nr,40.97,1.0,47.9103,Item-specific,1,item-specific
MX2956,Material,900 dia. x 1500 depth to invert,nr,301.19,1.0,352.2116,Item-specific,1,item-specific
MX2957,Material,900 dia. x 1500 depth to invert,nr,169.95,1.0,198.7395,Item-specific,1,item-specific
MX2958,Material,900 dia. x 1500 depth to invert,nr,93.47,1.0,109.3038,Item-specific,1,item-specific
MX2959,Material,900 dia. x 1500 depth to invert,nr,150.84,1.0,176.3923,Item-specific,1,item-specific
MX2960,Material,900 dia. x 1500 depth to invert,nr,91.68,1.0,107.2106,Item-specific,1,item-specific
MX2965,Material,1200 dia. x 1500 depth to invert,nr,73.16,1.0,85.5533,Item-specific,1,item-specific
MX2966,Material,1200 dia. x 1500 depth to invert,nr,300.88,1.0,351.8491,Item-specific,1,item-specific
MX2967,Material,1200 dia. x 1500 depth to invert,nr,225.91,1.0,264.1792,Item-specific,1,item-specific
MX2968,Material,1200 dia. x 1500 depth to invert,nr,124.15,1.0,145.181,Item-specific,1,item-specific
MX2969,Material,1200 dia. x 1500 depth to invert,nr,168.91,1.0,197.5234,Item-specific,1,item-specific
MX2970,Material,1200 dia. x 1500 depth to invert,nr,91.68,1.0,107.2106,Item-specific,1,item-specific
MX2971,Material,1200 dia. x 1500 depth to invert,nr,341.51,1.0,399.3618,Item-specific,1,item-specific
MX2972,Material,1200 dia. x 1500 depth to invert,nr,1326.2,1.0,1550.8583,Item-specific,1,item-specific
MX2975,Material,1200 dia. x 2000 depth to invert,nr,73.16,1.0,85.5533,Item-specific,1,item-specific
MX2976,Material,1200 dia. x 2000 depth to invert,nr,401.18,1.0,469.1399,Item-specific,1,item-specific
MX2977,Material,1200 dia. x 2000 depth to invert,nr,225.91,1.0,264.1792,Item-specific,1,item-specific
MX2978,Material,1200 dia. x 2000 depth to invert,nr,165.04,1.0,192.9978,Item-specific,1,item-specific
MX2979,Material,1200 dia. x 2000 depth to invert,nr,168.91,1.0,197.5234,Item-specific,1,item-specific
MX2980,Material,1200 dia. x 2000 depth to invert,nr,137.53,1.0,160.8276,Item-specific,1,item-specific
MX2981,Material,1200 dia. x 2000 depth to invert,nr,341.51,1.0,399.3618,Item-specific,1,item-specific
MX2982,Material,1200 dia. x 2000 depth to invert,nr,1513.24,1.0,1769.5829,Item-specific,1,item-specific
MX2985,Material,1200 dia. x 2500 depth to invert,nr,73.16,1.0,85.5533,Item-specific,1,item-specific
MX2986,Material,1200 dia. x 2500 depth to invert,nr,501.47,1.0,586.419,Item-specific,1,item-specific
MX2987,Material,1200 dia. x 2500 depth to invert,nr,225.91,1.0,264.1792,Item-specific,1,item-specific
MX2988,Material,1200 dia. x 2500 depth to invert,nr,205.94,1.0,240.8262,Item-specific,1,item-specific
MX2989,Material,1200 dia. x 2500 depth to invert,nr,168.91,1.0,197.5234,Item-specific,1,item-specific
MX2990,Material,1200 dia. x 2500 depth to invert,nr,183.37,1.0,214.4329,Item-specific,1,item-specific
MX2991,Material,1200 dia. x 2500 depth to invert,nr,341.51,1.0,399.3618,Item-specific,1,item-specific
MX2992,Material,1200 dia. x 2500 depth to invert,nr,1700.27,1.0,1988.2957,Item-specific,1,item-specific
MX2995,Material,1200 dia. x 3000 depth to invert,nr,73.16,1.0,85.5533,Item-specific,1,item-specific
MX2996,Material,1200 dia. x 3000 depth to invert,nr,601.77,1.0,703.7098,Item-specific,1,item-specific
MX2997,Material,1200 dia. x 3000 depth to invert,nr,225.91,1.0,264.1792,Item-specific,1,item-specific
MX2998,Material,1200 dia. x 3000 depth to invert,nr,248.29,1.0,290.3503,Item-specific,1,item-specific
MX3000,Material,Precast concrete construction; 1200 dia. x 3000 depth to invert (continued),nr,168.91,1.0,197.5234,Item-specific,1,item-specific
MX3001,Material,Precast concrete construction; 1200 dia. x 3000 depth to invert (continued),nr,206.29,1.0,241.2355,Item-specific,1,item-specific
MX3002,Material,Precast concrete construction; 1200 dia. x 3000 depth to invert (continued),nr,341.51,1.0,399.3618,Item-specific,1,item-specific
MX3003,Material,Precast concrete construction; 1200 dia. x 3000 depth to invert (continued),nr,1865.84,1.0,2181.9133,Item-specific,1,item-specific
MX3006,Material,1800 dia. x 2000 depth to invert,nr,166.81,1.0,195.0676,Item-specific,1,item-specific
MX3007,Material,1800 dia. x 2000 depth to invert,nr,1056.44,1.0,1235.4009,Item-specific,1,item-specific
MX3008,Material,1800 dia. x 2000 depth to invert,nr,609.08,1.0,712.2582,Item-specific,1,item-specific
MX3009,Material,1800 dia. x 2000 depth to invert,nr,248.29,1.0,290.3503,Item-specific,1,item-specific
MX3010,Material,1800 dia. x 2000 depth to invert,nr,192.16,1.0,224.7119,Item-specific,1,item-specific
MX3011,Material,1800 dia. x 2000 depth to invert,nr,137.53,1.0,160.8276,Item-specific,1,item-specific
MX3012,Material,1800 dia. x 2000 depth to invert,nr,341.51,1.0,399.3618,Item-specific,1,item-specific
MX3013,Material,1800 dia. x 2000 depth to invert,nr,2751.82,1.0,3217.9783,Item-specific,1,item-specific
MX3016,Material,1800 dia. x 2500 depth to invert,nr,166.81,1.0,195.0676,Item-specific,1,item-specific
MX3017,Material,1800 dia. x 2500 depth to invert,nr,1320.55,1.0,1544.2512,Item-specific,1,item-specific
MX3018,Material,1800 dia. x 2500 depth to invert,nr,609.08,1.0,712.2582,Item-specific,1,item-specific
MX3019,Material,1800 dia. x 2500 depth to invert,nr,309.64,1.0,362.093,Item-specific,1,item-specific
MX3020,Material,1800 dia. x 2500 depth to invert,nr,192.16,1.0,224.7119,Item-specific,1,item-specific
MX3021,Material,1800 dia. x 2500 depth to invert,nr,183.37,1.0,214.4329,Item-specific,1,item-specific
MX3022,Material,1800 dia. x 2500 depth to invert,nr,341.51,1.0,399.3618,Item-specific,1,item-specific
MX3023,Material,1800 dia. x 2500 depth to invert,nr,3123.11,1.0,3652.1648,Item-specific,1,item-specific
MX3026,Material,1800 dia. x 3000 depth to invert,nr,166.81,1.0,195.0676,Item-specific,1,item-specific
MX3027,Material,1800 dia. x 3000 depth to invert,nr,1584.66,1.0,1853.1014,Item-specific,1,item-specific
MX3028,Material,1800 dia. x 3000 depth to invert,nr,609.08,1.0,712.2582,Item-specific,1,item-specific
MX3029,Material,1800 dia. x 3000 depth to invert,nr,370.98,1.0,433.824,Item-specific,1,item-specific
MX3030,Material,1800 dia. x 3000 depth to invert,nr,192.16,1.0,224.7119,Item-specific,1,item-specific
MX3031,Material,1800 dia. x 3000 depth to invert,nr,206.29,1.0,241.2355,Item-specific,1,item-specific
MX3032,Material,1800 dia. x 3000 depth to invert,nr,341.51,1.0,399.3618,Item-specific,1,item-specific
MX3033,Material,1800 dia. x 3000 depth to invert,nr,3471.49,1.0,4059.5604,Item-specific,1,item-specific
MX3036,Material,1800 dia. x 3500 depth to invert,nr,166.81,1.0,195.0676,Item-specific,1,item-specific
MX3037,Material,1800 dia. x 3500 depth to invert,nr,1848.77,1.0,2161.9516,Item-specific,1,item-specific
MX3038,Material,1800 dia. x 3500 depth to invert,nr,609.08,1.0,712.2582,Item-specific,1,item-specific
MX3039,Material,1800 dia. x 3500 depth to invert,nr,433.78,1.0,507.2623,Item-specific,1,item-specific
MX3040,Material,1800 dia. x 3500 depth to invert,nr,192.16,1.0,224.7119,Item-specific,1,item-specific
MX3041,Material,1800 dia. x 3500 depth to invert,nr,252.13,1.0,294.8408,Item-specific,1,item-specific
MX3042,Material,1800 dia. x 3500 depth to invert,nr,341.51,1.0,399.3618,Item-specific,1,item-specific
MX3043,Material,1800 dia. x 3500 depth to invert,nr,3844.24,1.0,4495.4543,Item-specific,1,item-specific
MX3046,Material,1800 dia. x 4000 depth to invert,nr,166.81,1.0,195.0676,Item-specific,1,item-specific
MX3047,Material,1800 dia. x 4000 depth to invert,nr,2112.88,1.0,2470.8019,Item-specific,1,item-specific
MX3048,Material,1800 dia. x 4000 depth to invert,nr,609.08,1.0,712.2582,Item-specific,1,item-specific
MX3049,Material,1800 dia. x 4000 depth to invert,nr,495.13,1.0,579.005,Item-specific,1,item-specific
MX3050,Material,1800 dia. x 4000 depth to invert,nr,192.16,1.0,224.7119,Item-specific,1,item-specific
MX3051,Material,1800 dia. x 4000 depth to invert,nr,297.97,1.0,348.4461,Item-specific,1,item-specific
MX3052,Material,1800 dia. x 4000 depth to invert,nr,341.51,1.0,399.3618,Item-specific,1,item-specific
MX3053,Material,1800 dia. x 4000 depth to invert,nr,4215.54,1.0,4929.6525,Item-specific,1,item-specific
MX3056,Material,2400 dia. x 3000 depth to invert,nr,298.5,1.0,349.0659,Item-specific,1,item-specific
MX3057,Material,2400 dia. x 3000 depth to invert,nr,4530.57,1.0,5298.0486,Item-specific,1,item-specific
MX3058,Material,2400 dia. x 3000 depth to invert,nr,1727.27,1.0,2019.8695,Item-specific,1,item-specific
MX3059,Material,2400 dia. x 3000 depth to invert,nr,495.13,1.0,579.005,Item-specific,1,item-specific
MX3060,Material,2400 dia. x 3000 depth to invert,nr,192.16,1.0,224.7119,Item-specific,1,item-specific
MX3061,Material,2400 dia. x 3000 depth to invert,nr,206.29,1.0,241.2355,Item-specific,1,item-specific
MX3062,Material,2400 dia. x 3000 depth to invert,nr,341.51,1.0,399.3618,Item-specific,1,item-specific
MX3063,Material,2400 dia. x 3000 depth to invert,nr,7791.43,1.0,9111.2982,Item-specific,1,item-specific
MX3066,Material,2400 dia. x 4500 depth to invert,nr,298.5,1.0,349.0659,Item-specific,1,item-specific
MX3067,Material,2400 dia. x 4500 depth to invert,nr,6795.85,1.0,7947.067,Item-specific,1,item-specific
MX3068,Material,2400 dia. x 4500 depth to invert,nr,1727.27,1.0,2019.8695,Item-specific,1,item-specific
MX3069,Material,2400 dia. x 4500 depth to invert,nr,743.42,1.0,869.3553,Item-specific,1,item-specific
MX3070,Material,2400 dia. x 4500 depth to invert,nr,192.16,1.0,224.7119,Item-specific,1,item-specific
MX3071,Material,2400 dia. x 4500 depth to invert,nr,320.89,1.0,375.2488,Item-specific,1,item-specific
MX3072,Material,2400 dia. x 4500 depth to invert,nr,341.51,1.0,399.3618,Item-specific,1,item-specific
MX3073,Material,2400 dia. x 4500 depth to invert,nr,10419.61,1.0,12184.6919,Item-specific,1,item-specific
MX3076,Material,2700 dia. x 3000 depth to invert,nr,377.52,1.0,441.4719,Item-specific,1,item-specific
MX3077,Material,2700 dia. x 3000 depth to invert,nr,4888.91,1.0,5717.0914,Item-specific,1,item-specific
MX3078,Material,2700 dia. x 3000 depth to invert,nr,3474.55,1.0,4063.1388,Item-specific,1,item-specific
MX3079,Material,2700 dia. x 3000 depth to invert,nr,557.93,1.0,652.4433,Item-specific,1,item-specific
MX3080,Material,2700 dia. x 3000 depth to invert,nr,192.16,1.0,224.7119,Item-specific,1,item-specific
MX3081,Material,2700 dia. x 3000 depth to invert,nr,206.29,1.0,241.2355,Item-specific,1,item-specific
MX3082,Material,2700 dia. x 3000 depth to invert,nr,341.51,1.0,399.3618,Item-specific,1,item-specific
MX3083,Material,2700 dia. x 3000 depth to invert,nr,10038.87,1.0,11739.4546,Item-specific,1,item-specific
MX3086,Material,2700 dia. x 4500 depth to invert,nr,376.05,1.0,439.7529,Item-specific,1,item-specific
MX3087,Material,2700 dia. x 4500 depth to invert,nr,7333.37,1.0,8575.6429,Item-specific,1,item-specific
MX3088,Material,2700 dia. x 4500 depth to invert,nr,3474.55,1.0,4063.1388,Item-specific,1,item-specific
MX3089,Material,2700 dia. x 4500 depth to invert,nr,836.89,1.0,978.6592,Item-specific,1,item-specific
MX3090,Material,2700 dia. x 4500 depth to invert,nr,192.16,1.0,224.7119,Item-specific,1,item-specific
MX3092,Material,Precast concrete construction; 2700 dia. x 4500 depth to invert (continued),nr,320.89,1.0,375.2488,Item-specific,1,item-specific
MX3093,Material,Precast concrete construction; 2700 dia. x 4500 depth to invert (continued),nr,341.51,1.0,399.3618,Item-specific,1,item-specific
MX3094,Material,Precast concrete construction; 2700 dia. x 4500 depth to invert (continued),nr,12875.43,1.0,15056.5278,Item-specific,1,item-specific
MX3097,Material,3000 dia. x 3000 depth to invert,nr,465.32,1.0,544.1452,Item-specific,1,item-specific
MX3098,Material,3000 dia. x 3000 depth to invert,nr,6266.55,1.0,7328.1036,Item-specific,1,item-specific
MX3099,Material,3000 dia. x 3000 depth to invert,nr,3316.15,1.0,3877.9058,Item-specific,1,item-specific
MX3100,Material,3000 dia. x 3000 depth to invert,nr,619.27,1.0,724.1743,Item-specific,1,item-specific
MX3101,Material,3000 dia. x 3000 depth to invert,nr,192.16,1.0,224.7119,Item-specific,1,item-specific
MX3102,Material,3000 dia. x 3000 depth to invert,nr,206.29,1.0,241.2355,Item-specific,1,item-specific
MX3103,Material,3000 dia. x 3000 depth to invert,nr,341.51,1.0,399.3618,Item-specific,1,item-specific
MX3104,Material,3000 dia. x 3000 depth to invert,nr,11407.25,1.0,13339.6382,Item-specific,1,item-specific
MX3107,Material,3000 dia. x 4500 depth to invert,nr,465.32,1.0,544.1452,Item-specific,1,item-specific
MX3108,Material,3000 dia. x 4500 depth to invert,nr,9399.83,1.0,10992.1612,Item-specific,1,item-specific
MX3109,Material,3000 dia. x 4500 depth to invert,nr,3316.15,1.0,3877.9058,Item-specific,1,item-specific
MX3110,Material,3000 dia. x 4500 depth to invert,nr,928.91,1.0,1086.2674,Item-specific,1,item-specific
MX3111,Material,3000 dia. x 4500 depth to invert,nr,192.16,1.0,224.7119,Item-specific,1,item-specific
MX3112,Material,3000 dia. x 4500 depth to invert,nr,320.89,1.0,375.2488,Item-specific,1,item-specific
MX3113,Material,3000 dia. x 4500 depth to invert,nr,341.51,1.0,399.3618,Item-specific,1,item-specific
MX3114,Material,3000 dia. x 4500 depth to invert,nr,14964.76,1.0,17499.7903,Item-specific,1,item-specific
MX3117,Material,3000 dia. x 6000 depth to invert,nr,465.32,1.0,544.1452,Item-specific,1,item-specific
MX3118,Material,3000 dia. x 6000 depth to invert,nr,12533.1,1.0,14656.2071,Item-specific,1,item-specific
MX3119,Material,3000 dia. x 6000 depth to invert,nr,3316.15,1.0,3877.9058,Item-specific,1,item-specific
MX3120,Material,3000 dia. x 6000 depth to invert,nr,1238.54,1.0,1448.3487,Item-specific,1,item-specific
MX3121,Material,3000 dia. x 6000 depth to invert,nr,192.16,1.0,224.7119,Item-specific,1,item-specific
MX3122,Material,3000 dia. x 6000 depth to invert,nr,435.5,1.0,509.2737,Item-specific,1,item-specific
MX3123,Material,3000 dia. x 6000 depth to invert,nr,341.51,1.0,399.3618,Item-specific,1,item-specific
MX3124,Material,3000 dia. x 6000 depth to invert,nr,18522.28,1.0,21659.9542,Item-specific,1,item-specific
MX3126,Material,Precast concrete circular manhole; CPM Perfect Manhole; complete with preformed benching and outlets to base; elastomeri,nr,1325.16,1.0,1549.6421,Item-specific,1,item-specific
MX3127,Material,Precast concrete circular manhole; CPM Perfect Manhole; complete with preformed benching and outlets to base; elastomeri,nr,1513.7,1.0,1770.1208,Item-specific,1,item-specific
MX3128,Material,Precast concrete circular manhole; CPM Perfect Manhole; complete with preformed benching and outlets to base; elastomeri,nr,1592.9,1.0,1862.7373,Item-specific,1,item-specific
MX3129,Material,Precast concrete circular manhole; CPM Perfect Manhole; complete with preformed benching and outlets to base; elastomeri,nr,1833.44,1.0,2144.0247,Item-specific,1,item-specific
MX3130,Material,Precast concrete circular manhole; CPM Perfect Manhole; complete with preformed benching and outlets to base; elastomeri,nr,2101.19,1.0,2457.1316,Item-specific,1,item-specific
MX3132,Material,1500 mm dia. with up to four outlets up to 450 mm dia.; effective internal depth,nr,3852.71,1.0,4505.3591,Item-specific,1,item-specific
MX3133,Material,1500 mm dia. with up to four outlets up to 450 mm dia.; effective internal depth,nr,4299.08,1.0,5027.3442,Item-specific,1,item-specific
MX3134,Material,1500 mm dia. with up to four outlets up to 450 mm dia.; effective internal depth,nr,4388.24,1.0,5131.6079,Item-specific,1,item-specific
MX3135,Material,1500 mm dia. with up to four outlets up to 450 mm dia.; effective internal depth,nr,4588.49,1.0,5365.7802,Item-specific,1,item-specific
MX3136,Material,1500 mm dia. with up to four outlets up to 450 mm dia.; effective internal depth,nr,5201.77,1.0,6082.9498,Item-specific,1,item-specific
MX3137,Material,1500 mm dia. with up to four outlets up to 450 mm dia.; effective internal depth,nr,5648.13,1.0,6604.9232,Item-specific,1,item-specific
MX3146,Material,Yard gully (mud); trapped with rodding eye; galvanized bucket; stopper,nr,3804.85,1.0,4449.3916,Item-specific,1,item-specific
MX3168,Material,Excavation of rectangular ditches; lined with precast concrete slabs; cross-sectional area,m,24.21,1.0,28.3112,Item-specific,1,item-specific
MX3169,Material,Excavation of rectangular ditches; lined with precast concrete slabs; cross-sectional area,m,35.32,1.0,41.3032,Item-specific,1,item-specific
MX3170,Material,Excavation of rectangular ditches; lined with precast concrete slabs; cross-sectional area,m,50.07,1.0,58.5519,Item-specific,1,item-specific
MX3171,Material,Excavation of rectangular ditches; lined with precast concrete slabs; cross-sectional area,m,70.56,1.0,82.5129,Item-specific,1,item-specific
MX3172,Material,Excavation of rectangular ditches; lined with precast concrete slabs; cross-sectional area,m,99.71,1.0,116.6009,Item-specific,1,item-specific
MX3180,Material,Filling,m3,124.81,1.0,145.9528,Item-specific,1,item-specific
MX3181,Material,Filling,m3,134.88,1.0,157.7287,Item-specific,1,item-specific
MX3201,Material,"Sectional corrugated metal culverts, nominal internal dia. exceeding 1.5 m; 2000 mm nominal internal dia., 1.6 mm thick",m,624.19,1.0,729.9278,Item-specific,1,item-specific
MX3202,Material,"Sectional corrugated metal culverts, nominal internal dia. exceeding 1.5 m; 2000 mm nominal internal dia., 1.6 mm thick",m,624.19,1.0,729.9278,Item-specific,1,item-specific
MX3203,Material,"Sectional corrugated metal culverts, nominal internal dia. exceeding 1.5 m; 2000 mm nominal internal dia., 1.6 mm thick",m,624.19,1.0,729.9278,Item-specific,1,item-specific
MX3204,Material,"Sectional corrugated metal culverts, nominal internal dia. exceeding 1.5 m; 2000 mm nominal internal dia., 1.6 mm thick",m,624.19,1.0,729.9278,Item-specific,1,item-specific
MX3205,Material,"Sectional corrugated metal culverts, nominal internal dia. exceeding 1.5 m; 2000 mm nominal internal dia., 1.6 mm thick",m,624.19,1.0,729.9278,Item-specific,1,item-specific
MX3207,Material,"Sectional corrugated metal culverts, nominal internal dia. exceeding 1.5 m; 2200 mm nominal internal dia., 1.6 mm thick",m,703.25,1.0,822.3805,Item-specific,1,item-specific
MX3208,Material,"Sectional corrugated metal culverts, nominal internal dia. exceeding 1.5 m; 2200 mm nominal internal dia., 1.6 mm thick",m,703.25,1.0,822.3805,Item-specific,1,item-specific
MX3209,Material,"Sectional corrugated metal culverts, nominal internal dia. exceeding 1.5 m; 2200 mm nominal internal dia., 1.6 mm thick",m,703.25,1.0,822.3805,Item-specific,1,item-specific
MX3210,Material,"Sectional corrugated metal culverts, nominal internal dia. exceeding 1.5 m; 2200 mm nominal internal dia., 1.6 mm thick",m,703.25,1.0,822.3805,Item-specific,1,item-specific
MX3211,Material,"Sectional corrugated metal culverts, nominal internal dia. exceeding 1.5 m; 2200 mm nominal internal dia., 1.6 mm thick",m,703.25,1.0,822.3805,Item-specific,1,item-specific
MX3215,Material,"Build Ends in; Connections to existing manholes and other chambers, pipe bore",nr,14.41,1.0,16.8511,Item-specific,1,item-specific
MX3216,Material,"Build Ends in; Connections to existing manholes and other chambers, pipe bore",nr,26.81,1.0,31.3516,Item-specific,1,item-specific
MX3217,Material,"Build Ends in; Connections to existing manholes and other chambers, pipe bore",nr,40.69,1.0,47.5829,Item-specific,1,item-specific
MX3218,Material,"Build Ends in; Connections to existing manholes and other chambers, pipe bore",nr,53.61,1.0,62.6915,Item-specific,1,item-specific
MX3219,Material,"Build Ends in; Connections to existing manholes and other chambers, pipe bore",nr,67.44,1.0,78.8643,Item-specific,1,item-specific
MX3241,Material,"Excavation of soft spots, backfilling",m3,144.81,1.0,169.3408,Item-specific,1,item-specific
MX3245,Material,"Pipe Jacking; Provision of all plant, equipment and labour establishing",item,22355.16,1.0,26142.1241,Item-specific,1,item-specific
MX3246,Material,"Pipe Jacking; Provision of all plant, equipment and labour establishing",item,16393.79,1.0,19170.898,Item-specific,1,item-specific
MX3247,Material,"Pipe Jacking; Provision of all plant, equipment and labour establishing",item,32722.46,1.0,38265.6447,Item-specific,1,item-specific
MX3249,Material,"Pipe jacking, excluding the cost of non-drainage materials; concrete pipes BS 5911 Part 1 Class 120 with rebated joints,",m,1773.0,1.0,2073.3462,Item-specific,1,item-specific
MX3250,Material,"Pipe jacking, excluding the cost of non-drainage materials; concrete pipes BS 5911 Part 1 Class 120 with rebated joints,",m,2052.64,1.0,2400.3572,Item-specific,1,item-specific
MX3251,Material,"Pipe jacking, excluding the cost of non-drainage materials; concrete pipes BS 5911 Part 1 Class 120 with rebated joints,",m,1519.28,1.0,1776.646,Item-specific,1,item-specific
MX3252,Material,"Pipe jacking, excluding the cost of non-drainage materials; concrete pipes BS 5911 Part 1 Class 120 with rebated joints,",m,1616.95,1.0,1890.8613,Item-specific,1,item-specific
MX3255,Material,Imported sand; 100 mm deep bed for pipes nominal bore,m,4.41,1.0,5.1571,Item-specific,1,item-specific
MX3256,Material,Imported sand; 100 mm deep bed for pipes nominal bore,m,4.75,1.0,5.5546,Item-specific,1,item-specific
MX3257,Material,Imported sand; 100 mm deep bed for pipes nominal bore,m,5.53,1.0,6.4668,Item-specific,1,item-specific
MX3258,Material,Imported sand; 100 mm deep bed for pipes nominal bore,m,5.79,1.0,6.7708,Item-specific,1,item-specific
MX3260,Material,Imported sand; 150 mm deep bed for pipes nominal bore,m,7.17,1.0,8.3846,Item-specific,1,item-specific
MX3261,Material,Imported sand; 150 mm deep bed for pipes nominal bore,m,8.28,1.0,9.6826,Item-specific,1,item-specific
MX3262,Material,Imported sand; 150 mm deep bed for pipes nominal bore,m,8.76,1.0,10.2439,Item-specific,1,item-specific
MX3263,Material,Imported sand; 150 mm deep bed for pipes nominal bore,m,9.82,1.0,11.4835,Item-specific,1,item-specific
MX3264,Material,Imported sand; 150 mm deep bed for pipes nominal bore,m,11.49,1.0,13.4364,Item-specific,1,item-specific
MX3265,Material,Imported sand; 150 mm deep bed for pipes nominal bore,m,14.2,1.0,16.6055,Item-specific,1,item-specific
MX3266,Material,Imported sand; 150 mm deep bed for pipes nominal bore,m,15.88,1.0,18.5701,Item-specific,1,item-specific
MX3267,Material,Imported sand; 150 mm deep bed for pipes nominal bore,m,18.59,1.0,21.7391,Item-specific,1,item-specific
MX3268,Material,Imported sand; 150 mm deep bed for pipes nominal bore,m,21.85,1.0,25.5514,Item-specific,1,item-specific
MX3270,Material,Imported granular material; 100 mm deep bed for pipes nominal bore,m,7.44,1.0,8.7003,Item-specific,1,item-specific
MX3271,Material,Imported granular material; 100 mm deep bed for pipes nominal bore,m,8.07,1.0,9.4371,Item-specific,1,item-specific
MX3272,Material,Imported granular material; 100 mm deep bed for pipes nominal bore,m,9.25,1.0,10.817,Item-specific,1,item-specific
MX3273,Material,Imported granular material; 100 mm deep bed for pipes nominal bore,m,9.9,1.0,11.5771,Item-specific,1,item-specific
MX3275,Material,Imported granular material; 150 mm deep bed for pipes nominal bore,m,12.08,1.0,14.1264,Item-specific,1,item-specific
MX3276,Material,Imported granular material; 150 mm deep bed for pipes nominal bore,m,13.9,1.0,16.2547,Item-specific,1,item-specific
MX3277,Material,Imported granular material; 150 mm deep bed for pipes nominal bore,m,14.84,1.0,17.3539,Item-specific,1,item-specific
MX3278,Material,Imported granular material; 150 mm deep bed for pipes nominal bore,m,16.73,1.0,19.5641,Item-specific,1,item-specific
MX3279,Material,Imported granular material; 150 mm deep bed for pipes nominal bore,m,19.29,1.0,22.5577,Item-specific,1,item-specific
MX3280,Material,Imported granular material; 150 mm deep bed for pipes nominal bore,m,24.04,1.0,28.1124,Item-specific,1,item-specific
MX3281,Material,Imported granular material; 150 mm deep bed for pipes nominal bore,m,26.8,1.0,31.3399,Item-specific,1,item-specific
MX3282,Material,Imported granular material; 150 mm deep bed for pipes nominal bore,m,31.45,1.0,36.7776,Item-specific,1,item-specific
MX3283,Material,Imported granular material; 150 mm deep bed for pipes nominal bore,m,36.93,1.0,43.1859,Item-specific,1,item-specific
MX3285,Material,Mass concrete; 100 mm deep bed for pipes nominal bore,m,11.08,1.0,12.957,Item-specific,1,item-specific
MX3286,Material,Mass concrete; 100 mm deep bed for pipes nominal bore,m,12.02,1.0,14.0562,Item-specific,1,item-specific
MX3287,Material,Mass concrete; 100 mm deep bed for pipes nominal bore,m,13.88,1.0,16.2313,Item-specific,1,item-specific
MX3289,Material,Mass concrete; 100 mm deep bed for pipes nominal bore (continued),m,14.81,1.0,17.3188,Item-specific,1,item-specific
MX3291,Material,Mass concrete; 150 mm deep bed for pipes nominal bore,m,16.65,1.0,19.4705,Item-specific,1,item-specific
MX3292,Material,Mass concrete; 150 mm deep bed for pipes nominal bore,m,18.03,1.0,21.0843,Item-specific,1,item-specific
MX3293,Material,Mass concrete; 150 mm deep bed for pipes nominal bore,m,20.82,1.0,24.3469,Item-specific,1,item-specific
MX3294,Material,Mass concrete; 150 mm deep bed for pipes nominal bore,m,22.21,1.0,25.9724,Item-specific,1,item-specific
MX3295,Material,Mass concrete; 150 mm deep bed for pipes nominal bore,m,24.92,1.0,29.1414,Item-specific,1,item-specific
MX3296,Material,Mass concrete; 150 mm deep bed for pipes nominal bore,m,29.14,1.0,34.0763,Item-specific,1,item-specific
MX3297,Material,Mass concrete; 150 mm deep bed for pipes nominal bore,m,36.03,1.0,42.1335,Item-specific,1,item-specific
MX3298,Material,Mass concrete; 150 mm deep bed for pipes nominal bore,m,40.2,1.0,47.0099,Item-specific,1,item-specific
MX3299,Material,Mass concrete; 150 mm deep bed for pipes nominal bore,m,47.15,1.0,55.1372,Item-specific,1,item-specific
MX3300,Material,Mass concrete; 150 mm deep bed for pipes nominal bore,m,55.44,1.0,64.8315,Item-specific,1,item-specific
MX3304,Material,Mass concrete; Haunches for pipes nominal bore,m,10.17,1.0,11.8928,Item-specific,1,item-specific
MX3305,Material,Mass concrete; Haunches for pipes nominal bore,m,15.96,1.0,18.6636,Item-specific,1,item-specific
MX3306,Material,Mass concrete; Haunches for pipes nominal bore,m,20.11,1.0,23.5166,Item-specific,1,item-specific
MX3307,Material,Mass concrete; Haunches for pipes nominal bore,m,26.61,1.0,31.1177,Item-specific,1,item-specific
MX3308,Material,Mass concrete; Haunches for pipes nominal bore,m,36.03,1.0,42.1335,Item-specific,1,item-specific
MX3309,Material,Mass concrete; Haunches for pipes nominal bore,m,55.79,1.0,65.2408,Item-specific,1,item-specific
MX3310,Material,Mass concrete; Haunches for pipes nominal bore,m,68.99,1.0,80.6769,Item-specific,1,item-specific
MX3311,Material,Mass concrete; Haunches for pipes nominal bore,m,94.41,1.0,110.4031,Item-specific,1,item-specific
MX3312,Material,Mass concrete; Haunches for pipes nominal bore,m,123.58,1.0,144.5145,Item-specific,1,item-specific
MX3316,Material,Imported sand; 100 mm thick bed for pipes nominal bore,m,7.97,1.0,9.3201,Item-specific,1,item-specific
MX3317,Material,Imported sand; 100 mm thick bed for pipes nominal bore,m,11.43,1.0,13.3662,Item-specific,1,item-specific
MX3318,Material,Imported sand; 100 mm thick bed for pipes nominal bore,m,18.31,1.0,21.4117,Item-specific,1,item-specific
MX3319,Material,Imported sand; 100 mm thick bed for pipes nominal bore,m,25.52,1.0,29.8431,Item-specific,1,item-specific
MX3321,Material,Imported sand; 150 mm thick bed for pipes nominal bore,m,9.68,1.0,11.3198,Item-specific,1,item-specific
MX3322,Material,Imported sand; 150 mm thick bed for pipes nominal bore,m,13.27,1.0,15.5179,Item-specific,1,item-specific
MX3323,Material,Imported sand; 150 mm thick bed for pipes nominal bore,m,20.47,1.0,23.9376,Item-specific,1,item-specific
MX3324,Material,Imported sand; 150 mm thick bed for pipes nominal bore,m,27.71,1.0,32.4041,Item-specific,1,item-specific
MX3325,Material,Imported sand; 150 mm thick bed for pipes nominal bore,m,40.46,1.0,47.3139,Item-specific,1,item-specific
MX3326,Material,Imported sand; 150 mm thick bed for pipes nominal bore,m,51.52,1.0,60.2475,Item-specific,1,item-specific
MX3327,Material,Imported sand; 150 mm thick bed for pipes nominal bore,m,83.23,1.0,97.3292,Item-specific,1,item-specific
MX3328,Material,Imported sand; 150 mm thick bed for pipes nominal bore,m,116.05,1.0,135.7089,Item-specific,1,item-specific
MX3329,Material,Imported sand; 150 mm thick bed for pipes nominal bore,m,161.58,1.0,188.9517,Item-specific,1,item-specific
MX3330,Material,Imported sand; 150 mm thick bed for pipes nominal bore,m,257.53,1.0,301.1556,Item-specific,1,item-specific
MX3332,Material,Imported granular material; 100 mm thick bed for pipes nominal bore,m,13.43,1.0,15.705,Item-specific,1,item-specific
MX3333,Material,Imported granular material; 100 mm thick bed for pipes nominal bore,m,19.19,1.0,22.4408,Item-specific,1,item-specific
MX3334,Material,Imported granular material; 100 mm thick bed for pipes nominal bore,m,30.77,1.0,35.9824,Item-specific,1,item-specific
MX3335,Material,Imported granular material; 100 mm thick bed for pipes nominal bore,m,42.95,1.0,50.2257,Item-specific,1,item-specific
MX3337,Material,Imported granular material; 150 mm thick bed for pipes nominal bore,m,16.26,1.0,19.0144,Item-specific,1,item-specific
MX3338,Material,Imported granular material; 150 mm thick bed for pipes nominal bore,m,22.35,1.0,26.1361,Item-specific,1,item-specific
MX3339,Material,Imported granular material; 150 mm thick bed for pipes nominal bore,m,34.4,1.0,40.2274,Item-specific,1,item-specific
MX3340,Material,Imported granular material; 150 mm thick bed for pipes nominal bore,m,46.8,1.0,54.7279,Item-specific,1,item-specific
MX3341,Material,Imported granular material; 150 mm thick bed for pipes nominal bore,m,68.24,1.0,79.7999,Item-specific,1,item-specific
MX3342,Material,Imported granular material; 150 mm thick bed for pipes nominal bore,m,87.07,1.0,101.8197,Item-specific,1,item-specific
MX3343,Material,Imported granular material; 150 mm thick bed for pipes nominal bore,m,139.98,1.0,163.6926,Item-specific,1,item-specific
MX3344,Material,Imported granular material; 150 mm thick bed for pipes nominal bore,m,195.82,1.0,228.9919,Item-specific,1,item-specific
MX3345,Material,Imported granular material; 150 mm thick bed for pipes nominal bore,m,272.53,1.0,318.6966,Item-specific,1,item-specific
MX3346,Material,Imported granular material; 150 mm thick bed for pipes nominal bore,m,434.51,1.0,508.116,Item-specific,1,item-specific
MX3348,Material,Mass concrete; 100 mm thick bed for pipes nominal bore,m,20.04,1.0,23.4348,Item-specific,1,item-specific
MX3349,Material,Mass concrete; 100 mm thick bed for pipes nominal bore,m,28.78,1.0,33.6553,Item-specific,1,item-specific
MX3350,Material,Mass concrete; 100 mm thick bed for pipes nominal bore,m,46.08,1.0,53.886,Item-specific,1,item-specific
MX3351,Material,Mass concrete; 100 mm thick bed for pipes nominal bore,m,64.28,1.0,75.169,Item-specific,1,item-specific
MX3353,Material,Mass concrete; 150 mm thick bed for pipes nominal bore,m,33.45,1.0,39.1164,Item-specific,1,item-specific
MX3354,Material,Mass concrete; 150 mm thick bed for pipes nominal bore,m,51.48,1.0,60.2007,Item-specific,1,item-specific
MX3355,Material,Mass concrete; 150 mm thick bed for pipes nominal bore,m,70.07,1.0,81.9399,Item-specific,1,item-specific
MX3356,Material,Mass concrete; 150 mm thick bed for pipes nominal bore,m,102.21,1.0,119.5244,Item-specific,1,item-specific
MX3357,Material,Mass concrete; 150 mm thick bed for pipes nominal bore,m,130.27,1.0,152.3377,Item-specific,1,item-specific
MX3358,Material,Mass concrete; 150 mm thick bed for pipes nominal bore,m,209.41,1.0,244.8841,Item-specific,1,item-specific
MX3359,Material,Mass concrete; 150 mm thick bed for pipes nominal bore,m,293,1.0,342.6342,Item-specific,1,item-specific
MX3360,Material,Mass concrete; 150 mm thick bed for pipes nominal bore,m,407.54,1.0,476.5773,Item-specific,1,item-specific
MX3361,Material,Mass concrete; 150 mm thick bed for pipes nominal bore,m,649.56,1.0,759.5955,Item-specific,1,item-specific
MX3364,Material,Mass concrete; Concrete stools or thrust blocks (nett volume of concrete excluding volume occupied by pipes),nr,16.59,1.0,19.4003,Item-specific,1,item-specific
MX3365,Material,Mass concrete; Concrete stools or thrust blocks (nett volume of concrete excluding volume occupied by pipes),nr,33.22,1.0,38.8475,Item-specific,1,item-specific
MX3366,Material,Mass concrete; Concrete stools or thrust blocks (nett volume of concrete excluding volume occupied by pipes),nr,83.19,1.0,97.2824,Item-specific,1,item-specific
MX3367,Material,Mass concrete; Concrete stools or thrust blocks (nett volume of concrete excluding volume occupied by pipes),nr,166.52,1.0,194.7285,Item-specific,1,item-specific
MX3369,Material,Mass concrete; Concrete stools or thrust blocks (continued),nr,333.35,1.0,389.8195,Item-specific,1,item-specific
MX3370,Material,Mass concrete; Concrete stools or thrust blocks (continued),nr,666.36,1.0,779.2414,Item-specific,1,item-specific
MX3438,Material,Mild steel,t,7872.83,1.0,9206.4874,Item-specific,1,item-specific
MX3439,Material,Mild steel,t,8411.56,1.0,9836.4783,Item-specific,1,item-specific
MX3441,Material,Ladders,m,144.47,1.0,168.9432,Item-specific,1,item-specific
MX3443,Material,Miscellaneous framing,m,349.51,1.0,408.717,Item-specific,1,item-specific
MX3444,Material,Miscellaneous framing,m,161.57,1.0,188.94,Item-specific,1,item-specific
MX3445,Material,Miscellaneous framing,m,290.16,1.0,339.3131,Item-specific,1,item-specific
MX3446,Material,Miscellaneous framing,m,230.79,1.0,269.8858,Item-specific,1,item-specific
MX3447,Material,Miscellaneous framing,m,122.27,1.0,142.9825,Item-specific,1,item-specific
MX3448,Material,Miscellaneous framing,m,2703.83,1.0,3161.8588,Item-specific,1,item-specific
MX3449,Material,Miscellaneous framing,m,923.26,1.0,1079.6602,Item-specific,1,item-specific
MX3450,Material,Miscellaneous framing,m,98.92,1.0,115.677,Item-specific,1,item-specific
MX3451,Material,Miscellaneous framing,m,422.05,1.0,493.5453,Item-specific,1,item-specific
MX3452,Material,Miscellaneous framing,m,217.62,1.0,254.4848,Item-specific,1,item-specific
MX3453,Material,Miscellaneous framing,m,138.48,1.0,161.9385,Item-specific,1,item-specific
MX3454,Material,Miscellaneous framing,m,197.86,1.0,231.3775,Item-specific,1,item-specific
MX3455,Material,Miscellaneous framing,m,659.49,1.0,771.2076,Item-specific,1,item-specific
MX3456,Material,Miscellaneous framing,m,68.57,1.0,80.1858,Item-specific,1,item-specific
MX3457,Material,Miscellaneous framing,m,191.26,1.0,223.6594,Item-specific,1,item-specific
MX3459,Material,Mild steel; galvanized; Handrails,m,170.19,1.0,199.0202,Item-specific,1,item-specific
MX3461,Material,Plate flooring,m2,458.91,1.0,536.6494,Item-specific,1,item-specific
MX3463,Material,"Mild steel; internally and externally acid dipped, rinse and hot dip galvanized, epoxy internal paint; Uncovered tanks",nr,1579.25,1.0,1846.7749,Item-specific,1,item-specific
MX3464,Material,"Mild steel; internally and externally acid dipped, rinse and hot dip galvanized, epoxy internal paint; Uncovered tanks",nr,15087.29,1.0,17643.0769,Item-specific,1,item-specific
MX3466,Material,Covered tanks,nr,2125.22,1.0,2485.2323,Item-specific,1,item-specific
MX3467,Material,Covered tanks,nr,13531.04,1.0,15823.1982,Item-specific,1,item-specific
MX3469,Material,"Corrugated steel plates to BS 1449 Pt 1, Gr H4, sealed and bolted; BS729 hot dip galvanized, epoxy internal and external",nr,58059.62,1.0,67894.9196,Item-specific,1,item-specific
MX3472,Material,"Galvanized steel troughed sheeting; 0.70 mm metal thickness, 75 mm deep corrugations; colour coating each side; fixing w",m2,56.22,1.0,65.7437,Item-specific,1,item-specific
MX3474,Material,Extra for,m2,27.2,1.0,31.8077,Item-specific,1,item-specific
MX3475,Material,Extra for,m2,101.49,1.0,118.6824,Item-specific,1,item-specific
MX3476,Material,Extra for,m2,47.84,1.0,55.9441,Item-specific,1,item-specific
MX3478,Material,Extra for,m2,27.2,1.0,31.8077,Item-specific,1,item-specific
MX3479,Material,Extra for,m2,101.49,1.0,118.6824,Item-specific,1,item-specific
MX3481,Material,Galvanized steel flashings; 0.90 mm metal thickness; bent to profile; fixing with plastic capped self-tapping screws to ,m,33.91,1.0,39.6544,Item-specific,1,item-specific
MX3482,Material,Galvanized steel flashings; 0.90 mm metal thickness; bent to profile; fixing with plastic capped self-tapping screws to ,m,49.36,1.0,57.7216,Item-specific,1,item-specific
MX3483,Material,Galvanized steel flashings; 0.90 mm metal thickness; bent to profile; fixing with plastic capped self-tapping screws to ,m,54.51,1.0,63.744,Item-specific,1,item-specific
MX3485,Material,"Aluminium profiled sheeting; 0.90 mm metal thickness, 75 mm deep corrugations; colour coating each side; fixing with pla",m2,61.84,1.0,72.3157,Item-specific,1,item-specific
MX3487,Material,Extra for,m2,38.93,1.0,45.5247,Item-specific,1,item-specific
MX3488,Material,Extra for,m2,113.22,1.0,132.3995,Item-specific,1,item-specific
MX3491,Material,"Aluminium profiled sheeting; 1.00 mm metal thickness, 75 mm deep corrugations; Cladding (continued)",m2,77.3,1.0,90.3946,Item-specific,1,item-specific
MX3493,Material,Extra for,m2,38.93,1.0,45.5247,Item-specific,1,item-specific
MX3494,Material,Extra for,m2,113.22,1.0,132.3995,Item-specific,1,item-specific
MX3496,Material,Aluminium flashings; 0.90 mm metal thickness; bent to profile; fixing with plastic capped self-tapping screws to steel p,m,34.32,1.0,40.1338,Item-specific,1,item-specific
MX3497,Material,Aluminium flashings; 0.90 mm metal thickness; bent to profile; fixing with plastic capped self-tapping screws to steel p,m,49.78,1.0,58.2127,Item-specific,1,item-specific
MX3498,Material,Aluminium flashings; 0.90 mm metal thickness; bent to profile; fixing with plastic capped self-tapping screws to steel p,m,55.72,1.0,65.159,Item-specific,1,item-specific
MX3500,Material,Flooring; Eurogrid; galvanized mild steel; Open grid flooring,m2,70.89,1.0,82.8988,Item-specific,1,item-specific
MX3501,Material,Flooring; Eurogrid; galvanized mild steel; Open grid flooring,m2,87.02,1.0,101.7612,Item-specific,1,item-specific
MX3502,Material,Flooring; Eurogrid; galvanized mild steel; Open grid flooring,m2,80.98,1.0,94.698,Item-specific,1,item-specific
MX3504,Material,Duct covers; Stelduct; galvanized mild steel; Duct covers; pedestrian duty,m,141.38,1.0,165.3298,Item-specific,1,item-specific
MX3505,Material,Duct covers; Stelduct; galvanized mild steel; Duct covers; pedestrian duty,m,141.74,1.0,165.7508,Item-specific,1,item-specific
MX3506,Material,Duct covers; Stelduct; galvanized mild steel; Duct covers; pedestrian duty,m,169.3,1.0,197.9794,Item-specific,1,item-specific
MX3508,Material,Duct covers; medium duty,m,706.91,1.0,826.6606,Item-specific,1,item-specific
MX3509,Material,Duct covers; medium duty,m,708.69,1.0,828.7421,Item-specific,1,item-specific
MX3510,Material,Duct covers; medium duty,m,677.21,1.0,791.9294,Item-specific,1,item-specific
MX3512,Material,Duct covers; heavy duty,m,282.76,1.0,330.6595,Item-specific,1,item-specific
MX3513,Material,Duct covers; heavy duty,m,354.35,1.0,414.3769,Item-specific,1,item-specific
MX3514,Material,Duct covers; heavy duty,m,423.25,1.0,494.9486,Item-specific,1,item-specific
MX3516,Material,Bridge bearings; Supply plain rubber bearings (3 m and 5 m lengths),m,67.73,1.0,79.2035,Item-specific,1,item-specific
MX3517,Material,Bridge bearings; Supply plain rubber bearings (3 m and 5 m lengths),m,81.3,1.0,95.0722,Item-specific,1,item-specific
MX3519,Material,Supply and place in position laminated elastomeric rubber bearing,nr,50.33,1.0,58.8559,Item-specific,1,item-specific
MX3520,Material,Supply and place in position laminated elastomeric rubber bearing,nr,55.16,1.0,64.5041,Item-specific,1,item-specific
MX3521,Material,Supply and place in position laminated elastomeric rubber bearing,nr,69.67,1.0,81.4721,Item-specific,1,item-specific
MX3522,Material,Supply and place in position laminated elastomeric rubber bearing,nr,104.51,1.0,122.214,Item-specific,1,item-specific
MX3523,Material,Supply and place in position laminated elastomeric rubber bearing,nr,131.58,1.0,153.8697,Item-specific,1,item-specific
MX3524,Material,Supply and place in position laminated elastomeric rubber bearing,nr,183.86,1.0,215.0059,Item-specific,1,item-specific
MX3525,Material,Supply and place in position laminated elastomeric rubber bearing,nr,96.77,1.0,113.1628,Item-specific,1,item-specific
MX3526,Material,Supply and place in position laminated elastomeric rubber bearing,nr,213.39,1.0,249.5383,Item-specific,1,item-specific
MX3527,Material,Supply and place in position laminated elastomeric rubber bearing,nr,112.24,1.0,131.2535,Item-specific,1,item-specific
MX3528,Material,Supply and place in position laminated elastomeric rubber bearing,nr,232.22,1.0,271.5581,Item-specific,1,item-specific
MX3530,Material,Adhesive fixings to laminated elastomeric rubber bearings,m2,38.35,1.0,44.8465,Item-specific,1,item-specific
MX3531,Material,Adhesive fixings to laminated elastomeric rubber bearings,m2,333.61,1.0,390.1235,Item-specific,1,item-specific
MX3532,Material,Adhesive fixings to laminated elastomeric rubber bearings,m2,26.76,1.0,31.2931,Item-specific,1,item-specific
MX3534,Material,Supply and install mechanical guides for laminated elastomeric rubber bearings,nr,1439.56,1.0,1683.4215,Item-specific,1,item-specific
MX3535,Material,Supply and install mechanical guides for laminated elastomeric rubber bearings,nr,1506.29,1.0,1761.4555,Item-specific,1,item-specific
MX3536,Material,Supply and install mechanical guides for laminated elastomeric rubber bearings,nr,1708.61,1.0,1998.0485,Item-specific,1,item-specific
MX3537,Material,Supply and install mechanical guides for laminated elastomeric rubber bearings,nr,1924.96,1.0,2251.0482,Item-specific,1,item-specific
MX3538,Material,Supply and install mechanical guides for laminated elastomeric rubber bearings,nr,1751.53,1.0,2048.2392,Item-specific,1,item-specific
MX3539,Material,Supply and install mechanical guides for laminated elastomeric rubber bearings,nr,2011.65,1.0,2352.4235,Item-specific,1,item-specific
MX3541,Material,Supply and install fixed pot bearings,nr,1820,1.0,2128.308,Item-specific,1,item-specific
MX3542,Material,Supply and install fixed pot bearings,nr,2009.73,1.0,2350.1783,Item-specific,1,item-specific
MX3544,Material,Supply and install free sliding pot bearings,nr,2265.39,1.0,2649.1471,Item-specific,1,item-specific
MX3545,Material,Supply and install free sliding pot bearings,nr,2888.6,1.0,3377.9288,Item-specific,1,item-specific
MX3547,Material,Supply and install guided sliding pot bearings,nr,2796.08,1.0,3269.736,Item-specific,1,item-specific
MX3548,Material,Supply and install guided sliding pot bearings,nr,3329.65,1.0,3893.6927,Item-specific,1,item-specific
MX3578,Material,Greenheart; 100 x 75 mm,m,11.26,1.0,13.1674,Item-specific,1,item-specific
MX3579,Material,Greenheart; 100 x 75 mm,m,11.26,1.0,13.1674,Item-specific,1,item-specific
MX3580,Material,Greenheart; 100 x 75 mm,m,11.26,1.0,13.1674,Item-specific,1,item-specific
MX3581,Material,Greenheart; 100 x 75 mm,m,11.83,1.0,13.834,Item-specific,1,item-specific
MX3583,Material,Greenheart; 150 x 75 mm,m,13.98,1.0,16.3482,Item-specific,1,item-specific
MX3584,Material,Greenheart; 150 x 75 mm,m,13.64,1.0,15.9506,Item-specific,1,item-specific
MX3585,Material,Greenheart; 150 x 75 mm,m,13.64,1.0,15.9506,Item-specific,1,item-specific
MX3586,Material,Greenheart; 150 x 75 mm,m,14.33,1.0,16.7575,Item-specific,1,item-specific
MX3588,Material,Greenheart; 200 x 100 mm,m,28.63,1.0,33.4799,Item-specific,1,item-specific
MX3589,Material,Greenheart; 200 x 100 mm,m,28.63,1.0,33.4799,Item-specific,1,item-specific
MX3590,Material,Greenheart; 200 x 100 mm,m,28.63,1.0,33.4799,Item-specific,1,item-specific
MX3591,Material,Greenheart; 200 x 100 mm,m,28.63,1.0,33.4799,Item-specific,1,item-specific
MX3592,Material,Greenheart; 200 x 100 mm,m,34.94,1.0,40.8588,Item-specific,1,item-specific
MX3594,Material,Greenheart; 200 x 200 mm,m,46.77,1.0,54.6928,Item-specific,1,item-specific
MX3595,Material,Greenheart; 200 x 200 mm,m,49.57,1.0,57.9672,Item-specific,1,item-specific
MX3596,Material,Greenheart; 200 x 200 mm,m,49.57,1.0,57.9672,Item-specific,1,item-specific
MX3597,Material,Greenheart; 200 x 200 mm,m,49.57,1.0,57.9672,Item-specific,1,item-specific
MX3598,Material,Greenheart; 200 x 200 mm,m,53.44,1.0,62.4927,Item-specific,1,item-specific
MX3600,Material,Greenheart; 225 x 100 mm,m,28.63,1.0,33.4799,Item-specific,1,item-specific
MX3601,Material,Greenheart; 225 x 100 mm,m,28.63,1.0,33.4799,Item-specific,1,item-specific
MX3602,Material,Greenheart; 225 x 100 mm,m,28.63,1.0,33.4799,Item-specific,1,item-specific
MX3603,Material,Greenheart; 225 x 100 mm,m,28.63,1.0,33.4799,Item-specific,1,item-specific
MX3604,Material,Greenheart; 225 x 100 mm,m,34.94,1.0,40.8588,Item-specific,1,item-specific
MX3606,Material,Greenheart; 300 x 100 mm,m,35.93,1.0,42.0165,Item-specific,1,item-specific
MX3607,Material,Greenheart; 300 x 100 mm,m,35.94,1.0,42.0282,Item-specific,1,item-specific
MX3608,Material,Greenheart; 300 x 100 mm,m,35.94,1.0,42.0282,Item-specific,1,item-specific
MX3609,Material,Greenheart; 300 x 100 mm,m,33.24,1.0,38.8709,Item-specific,1,item-specific
MX3610,Material,Greenheart; 300 x 100 mm,m,50.79,1.0,59.3938,Item-specific,1,item-specific
MX3612,Material,Greenheart; 300 x 200 mm,m,74.92,1.0,87.6114,Item-specific,1,item-specific
MX3613,Material,Greenheart; 300 x 200 mm,m,74.92,1.0,87.6114,Item-specific,1,item-specific
MX3614,Material,Greenheart; 300 x 200 mm,m,74.92,1.0,87.6114,Item-specific,1,item-specific
MX3615,Material,Greenheart; 300 x 200 mm,m,79.5,1.0,92.9673,Item-specific,1,item-specific
MX3616,Material,Greenheart; 300 x 200 mm,m,79.5,1.0,92.9673,Item-specific,1,item-specific
MX3618,Material,Greenheart; 300 x 300 mm,m,112.35,1.0,131.3821,Item-specific,1,item-specific
MX3619,Material,Greenheart; 300 x 300 mm,m,112.35,1.0,131.3821,Item-specific,1,item-specific
MX3620,Material,Greenheart; 300 x 300 mm,m,112.35,1.0,131.3821,Item-specific,1,item-specific
MX3621,Material,Greenheart; 300 x 300 mm,m,119.49,1.0,139.7316,Item-specific,1,item-specific
MX3622,Material,Greenheart; 300 x 300 mm,m,119.49,1.0,139.7316,Item-specific,1,item-specific
MX3624,Material,Greenheart; 450 x 450 mm,m,247.49,1.0,289.4148,Item-specific,1,item-specific
MX3625,Material,Greenheart; 450 x 450 mm,m,247.49,1.0,289.4148,Item-specific,1,item-specific
MX3626,Material,Greenheart; 450 x 450 mm,m,267.54,1.0,312.8613,Item-specific,1,item-specific
MX3627,Material,Greenheart; 450 x 450 mm,m,253.68,1.0,296.6534,Item-specific,1,item-specific
MX3628,Material,Greenheart; 450 x 450 mm,m,266.07,1.0,311.1423,Item-specific,1,item-specific
MX3631,Material,Softwood; stress graded SC3/4; 100 x 75 mm,m,6.27,1.0,7.3321,Item-specific,1,item-specific
MX3632,Material,Softwood; stress graded SC3/4; 100 x 75 mm,m,8.96,1.0,10.4778,Item-specific,1,item-specific
MX3634,Material,Softwood; 150 x 75 mm,m,12.41,1.0,14.5123,Item-specific,1,item-specific
MX3635,Material,Softwood; 150 x 75 mm,m,15.84,1.0,18.5233,Item-specific,1,item-specific
MX3637,Material,Softwood; 200 x 100 mm,m,23.1,1.0,27.0131,Item-specific,1,item-specific
MX3638,Material,Softwood; 200 x 100 mm,m,34.78,1.0,40.6717,Item-specific,1,item-specific
MX3640,Material,Softwood; 200 x 200 mm,m,69.38,1.0,81.133,Item-specific,1,item-specific
MX3641,Material,Softwood; 200 x 200 mm,m,87.44,1.0,102.2523,Item-specific,1,item-specific
MX3642,Material,Softwood; 200 x 200 mm,m,76.58,1.0,89.5527,Item-specific,1,item-specific
MX3644,Material,Softwood; 300 x 200 mm,m,116.94,1.0,136.7496,Item-specific,1,item-specific
MX3645,Material,Softwood; 300 x 200 mm,m,148,1.0,173.0712,Item-specific,1,item-specific
MX3646,Material,Softwood; 300 x 200 mm,m,118.39,1.0,138.4453,Item-specific,1,item-specific
MX3648,Material,Softwood; 300 x 300 mm,m,189.3,1.0,221.3674,Item-specific,1,item-specific
MX3650,Material,Softwood; 300 x 300 mm (continued),m,244.5,1.0,285.9183,Item-specific,1,item-specific
MX3651,Material,Softwood; 300 x 300 mm (continued),m,190.55,1.0,222.8292,Item-specific,1,item-specific
MX3653,Material,Softwood; 450 x 450 mm,m,541.26,1.0,632.9494,Item-specific,1,item-specific
MX3654,Material,Softwood; 450 x 450 mm,m,645.69,1.0,755.0699,Item-specific,1,item-specific
MX3655,Material,Softwood; 450 x 450 mm,m,534.69,1.0,625.2665,Item-specific,1,item-specific
MX3657,Material,Softwood; 600 x 600 mm,m,968.91,1.0,1133.0434,Item-specific,1,item-specific
MX3658,Material,Softwood; 600 x 600 mm,m,976.15,1.0,1141.5098,Item-specific,1,item-specific
MX3662,Material,Greenheart; wrought finish; Thickness 25-50 mm,m2,164.95,1.0,192.8925,Item-specific,1,item-specific
MX3664,Material,Thickness 50-75 mm,m2,187.54,1.0,219.3093,Item-specific,1,item-specific
MX3666,Material,Thickness 75-100 mm,m2,232.21,1.0,271.5464,Item-specific,1,item-specific
MX3669,Material,Douglas Fir; Thickness 25-50 mm,m2,63.8,1.0,74.6077,Item-specific,1,item-specific
MX3671,Material,Thickness 50-75 mm,m2,67.14,1.0,78.5135,Item-specific,1,item-specific
MX3673,Material,Thickness 75-100 mm,m2,74.21,1.0,86.7812,Item-specific,1,item-specific
MX3676,Material,Metalwork; Spikes; mild steel material rosehead,nr,1.88,1.0,2.1985,Item-specific,1,item-specific
MX3678,Material,"Metric mild steel bolts, nuts and washers",nr,0.31,1.0,0.3625,Item-specific,1,item-specific
MX3679,Material,"Metric mild steel bolts, nuts and washers",nr,0.33,1.0,0.3859,Item-specific,1,item-specific
MX3680,Material,"Metric mild steel bolts, nuts and washers",nr,0.39,1.0,0.4561,Item-specific,1,item-specific
MX3681,Material,"Metric mild steel bolts, nuts and washers",nr,0.42,1.0,0.4911,Item-specific,1,item-specific
MX3682,Material,"Metric mild steel bolts, nuts and washers",nr,0.62,1.0,0.725,Item-specific,1,item-specific
MX3683,Material,"Metric mild steel bolts, nuts and washers",nr,0.73,1.0,0.8537,Item-specific,1,item-specific
MX3684,Material,"Metric mild steel bolts, nuts and washers",nr,0.31,1.0,0.3625,Item-specific,1,item-specific
MX3685,Material,"Metric mild steel bolts, nuts and washers",nr,0.36,1.0,0.421,Item-specific,1,item-specific
MX3686,Material,"Metric mild steel bolts, nuts and washers",nr,0.44,1.0,0.5145,Item-specific,1,item-specific
MX3687,Material,"Metric mild steel bolts, nuts and washers",nr,0.5,1.0,0.5847,Item-specific,1,item-specific
MX3688,Material,"Metric mild steel bolts, nuts and washers",nr,0.78,1.0,0.9121,Item-specific,1,item-specific
MX3689,Material,"Metric mild steel bolts, nuts and washers",nr,0.93,1.0,1.0875,Item-specific,1,item-specific
MX3690,Material,"Metric mild steel bolts, nuts and washers",nr,0.63,1.0,0.7367,Item-specific,1,item-specific
MX3691,Material,"Metric mild steel bolts, nuts and washers",nr,0.69,1.0,0.8069,Item-specific,1,item-specific
MX3692,Material,"Metric mild steel bolts, nuts and washers",nr,0.77,1.0,0.9004,Item-specific,1,item-specific
MX3693,Material,"Metric mild steel bolts, nuts and washers",nr,0.89,1.0,1.0408,Item-specific,1,item-specific
MX3694,Material,"Metric mild steel bolts, nuts and washers",nr,0.92,1.0,1.0758,Item-specific,1,item-specific
MX3695,Material,"Metric mild steel bolts, nuts and washers",nr,1.49,1.0,1.7424,Item-specific,1,item-specific
MX3696,Material,"Metric mild steel bolts, nuts and washers",nr,2.46,1.0,2.8767,Item-specific,1,item-specific
MX3697,Material,"Metric mild steel bolts, nuts and washers",nr,0.73,1.0,0.8537,Item-specific,1,item-specific
MX3698,Material,"Metric mild steel bolts, nuts and washers",nr,0.8,1.0,0.9355,Item-specific,1,item-specific
MX3699,Material,"Metric mild steel bolts, nuts and washers",nr,0.88,1.0,1.0291,Item-specific,1,item-specific
MX3700,Material,"Metric mild steel bolts, nuts and washers",nr,1.03,1.0,1.2045,Item-specific,1,item-specific
MX3701,Material,"Metric mild steel bolts, nuts and washers",nr,1.13,1.0,1.3214,Item-specific,1,item-specific
MX3702,Material,"Metric mild steel bolts, nuts and washers",nr,1.48,1.0,1.7307,Item-specific,1,item-specific
MX3703,Material,"Metric mild steel bolts, nuts and washers",nr,2.07,1.0,2.4207,Item-specific,1,item-specific
MX3704,Material,"Metric mild steel bolts, nuts and washers",nr,3.13,1.0,3.6602,Item-specific,1,item-specific
MX3705,Material,"Metric mild steel bolts, nuts and washers",nr,3.19,1.0,3.7304,Item-specific,1,item-specific
MX3706,Material,"Metric mild steel bolts, nuts and washers",nr,1.34,1.0,1.567,Item-specific,1,item-specific
MX3707,Material,"Metric mild steel bolts, nuts and washers",nr,1.49,1.0,1.7424,Item-specific,1,item-specific
MX3708,Material,"Metric mild steel bolts, nuts and washers",nr,1.68,1.0,1.9646,Item-specific,1,item-specific
MX3709,Material,"Metric mild steel bolts, nuts and washers",nr,1.96,1.0,2.292,Item-specific,1,item-specific
MX3710,Material,"Metric mild steel bolts, nuts and washers",nr,2.19,1.0,2.561,Item-specific,1,item-specific
MX3711,Material,"Metric mild steel bolts, nuts and washers",nr,3.04,1.0,3.555,Item-specific,1,item-specific
MX3712,Material,"Metric mild steel bolts, nuts and washers",nr,4.38,1.0,5.122,Item-specific,1,item-specific
MX3713,Material,"Metric mild steel bolts, nuts and washers",nr,4.76,1.0,5.5663,Item-specific,1,item-specific
MX3714,Material,"Metric mild steel bolts, nuts and washers",nr,1.56,1.0,1.8243,Item-specific,1,item-specific
MX3715,Material,"Metric mild steel bolts, nuts and washers",nr,2.5,1.0,2.9235,Item-specific,1,item-specific
MX3716,Material,"Metric mild steel bolts, nuts and washers",nr,2.81,1.0,3.286,Item-specific,1,item-specific
MX3717,Material,"Metric mild steel bolts, nuts and washers",nr,3.43,1.0,4.011,Item-specific,1,item-specific
MX3718,Material,"Metric mild steel bolts, nuts and washers",nr,3.59,1.0,4.1981,Item-specific,1,item-specific
MX3719,Material,"Metric mild steel bolts, nuts and washers",nr,4.73,1.0,5.5313,Item-specific,1,item-specific
MX3720,Material,"Metric mild steel bolts, nuts and washers",nr,6.27,1.0,7.3321,Item-specific,1,item-specific
MX3721,Material,"Metric mild steel bolts, nuts and washers",nr,6.93,1.0,8.1039,Item-specific,1,item-specific
MX3722,Material,"Metric mild steel bolts, nuts and washers",nr,4.71,1.0,5.5079,Item-specific,1,item-specific
MX3723,Material,"Metric mild steel bolts, nuts and washers",nr,5.24,1.0,6.1277,Item-specific,1,item-specific
MX3724,Material,"Metric mild steel bolts, nuts and washers",nr,5.2,1.0,6.0809,Item-specific,1,item-specific
MX3725,Material,"Metric mild steel bolts, nuts and washers",nr,5.8,1.0,6.7825,Item-specific,1,item-specific
MX3726,Material,"Metric mild steel bolts, nuts and washers",nr,6.4,1.0,7.4842,Item-specific,1,item-specific
MX3727,Material,"Metric mild steel bolts, nuts and washers",nr,7.51,1.0,8.7822,Item-specific,1,item-specific
MX3728,Material,"Metric mild steel bolts, nuts and washers",nr,9.56,1.0,11.1795,Item-specific,1,item-specific
MX3729,Material,"Metric mild steel bolts, nuts and washers",nr,10.59,1.0,12.3839,Item-specific,1,item-specific
MX3730,Material,"Metric mild steel bolts, nuts and washers",nr,12.06,1.0,14.103,Item-specific,1,item-specific
MX3731,Material,"Metric mild steel bolts, nuts and washers",nr,13.16,1.0,15.3893,Item-specific,1,item-specific
MX3732,Material,"Metric mild steel bolts, nuts and washers",nr,13.75,1.0,16.0792,Item-specific,1,item-specific
MX3733,Material,"Metric mild steel bolts, nuts and washers",nr,15.24,1.0,17.8217,Item-specific,1,item-specific
MX3735,Material,"Carriage bolts, nuts and washer",nr,1.6,1.0,1.871,Item-specific,1,item-specific
MX3737,Material,"Carriage bolts, nuts and washer (continued)",nr,0.86,1.0,1.0057,Item-specific,1,item-specific
MX3738,Material,"Carriage bolts, nuts and washer (continued)",nr,0.92,1.0,1.0758,Item-specific,1,item-specific
MX3739,Material,"Carriage bolts, nuts and washer (continued)",nr,1.13,1.0,1.3214,Item-specific,1,item-specific
MX3740,Material,"Carriage bolts, nuts and washer (continued)",nr,1.43,1.0,1.6722,Item-specific,1,item-specific
MX3741,Material,"Carriage bolts, nuts and washer (continued)",nr,1.01,1.0,1.1811,Item-specific,1,item-specific
MX3742,Material,"Carriage bolts, nuts and washer (continued)",nr,1.07,1.0,1.2513,Item-specific,1,item-specific
MX3743,Material,"Carriage bolts, nuts and washer (continued)",nr,1.11,1.0,1.298,Item-specific,1,item-specific
MX3744,Material,"Carriage bolts, nuts and washer (continued)",nr,1.2,1.0,1.4033,Item-specific,1,item-specific
MX3745,Material,"Carriage bolts, nuts and washer (continued)",nr,1.23,1.0,1.4384,Item-specific,1,item-specific
MX3746,Material,"Carriage bolts, nuts and washer (continued)",nr,1.93,1.0,2.2569,Item-specific,1,item-specific
MX3747,Material,"Carriage bolts, nuts and washer (continued)",nr,1.26,1.0,1.4734,Item-specific,1,item-specific
MX3748,Material,"Carriage bolts, nuts and washer (continued)",nr,1.2,1.0,1.4033,Item-specific,1,item-specific
MX3749,Material,"Carriage bolts, nuts and washer (continued)",nr,1.24,1.0,1.4501,Item-specific,1,item-specific
MX3750,Material,"Carriage bolts, nuts and washer (continued)",nr,1.28,1.0,1.4968,Item-specific,1,item-specific
MX3751,Material,"Carriage bolts, nuts and washer (continued)",nr,1.57,1.0,1.836,Item-specific,1,item-specific
MX3752,Material,"Carriage bolts, nuts and washer (continued)",nr,2.13,1.0,2.4908,Item-specific,1,item-specific
MX3753,Material,"Carriage bolts, nuts and washer (continued)",nr,4.2,1.0,4.9115,Item-specific,1,item-specific
MX3754,Material,"Carriage bolts, nuts and washer (continued)",nr,4.55,1.0,5.3208,Item-specific,1,item-specific
MX3755,Material,"Carriage bolts, nuts and washer (continued)",nr,1.87,1.0,2.1868,Item-specific,1,item-specific
MX3756,Material,"Carriage bolts, nuts and washer (continued)",nr,2.34,1.0,2.7364,Item-specific,1,item-specific
MX3757,Material,"Carriage bolts, nuts and washer (continued)",nr,2.54,1.0,2.9703,Item-specific,1,item-specific
MX3758,Material,"Carriage bolts, nuts and washer (continued)",nr,2.64,1.0,3.0872,Item-specific,1,item-specific
MX3759,Material,"Carriage bolts, nuts and washer (continued)",nr,3.2,1.0,3.7421,Item-specific,1,item-specific
MX3760,Material,"Carriage bolts, nuts and washer (continued)",nr,3.97,1.0,4.6425,Item-specific,1,item-specific
MX3761,Material,"Carriage bolts, nuts and washer (continued)",nr,5.78,1.0,6.7591,Item-specific,1,item-specific
MX3762,Material,"Carriage bolts, nuts and washer (continued)",nr,6.14,1.0,7.1801,Item-specific,1,item-specific
MX3764,Material,Galvanized steel; Straps,nr,3.09,1.0,3.6134,Item-specific,1,item-specific
MX3765,Material,Galvanized steel; Straps,nr,4.07,1.0,4.7595,Item-specific,1,item-specific
MX3766,Material,Galvanized steel; Straps,nr,5.07,1.0,5.9289,Item-specific,1,item-specific
MX3767,Material,Galvanized steel; Straps,nr,6.1,1.0,7.1333,Item-specific,1,item-specific
MX3768,Material,Galvanized steel; Straps,nr,7.12,1.0,8.3261,Item-specific,1,item-specific
MX3769,Material,Galvanized steel; Straps,nr,8.14,1.0,9.5189,Item-specific,1,item-specific
MX3770,Material,Galvanized steel; Straps,nr,9.15,1.0,10.7,Item-specific,1,item-specific
MX3771,Material,Galvanized steel; Straps,nr,6.03,1.0,7.0515,Item-specific,1,item-specific
MX3772,Material,Galvanized steel; Straps,nr,8.07,1.0,9.4371,Item-specific,1,item-specific
MX3773,Material,Galvanized steel; Straps,nr,10.23,1.0,11.963,Item-specific,1,item-specific
MX3774,Material,Galvanized steel; Straps,nr,12.18,1.0,14.2433,Item-specific,1,item-specific
MX3775,Material,Galvanized steel; Straps,nr,14.27,1.0,16.6873,Item-specific,1,item-specific
MX3776,Material,Galvanized steel; Straps,nr,16.2,1.0,18.9443,Item-specific,1,item-specific
MX3777,Material,Galvanized steel; Straps,nr,18.21,1.0,21.2948,Item-specific,1,item-specific
MX3779,Material,"Timber connectors; round toothed plate, single sided for 10 mm or 12 mm bolts",nr,2.77,1.0,3.2392,Item-specific,1,item-specific
MX3780,Material,"Timber connectors; round toothed plate, single sided for 10 mm or 12 mm bolts",nr,2.92,1.0,3.4146,Item-specific,1,item-specific
MX3781,Material,"Timber connectors; round toothed plate, single sided for 10 mm or 12 mm bolts",nr,3.17,1.0,3.707,Item-specific,1,item-specific
MX3782,Material,"Timber connectors; round toothed plate, single sided for 10 mm or 12 mm bolts",nr,3.48,1.0,4.0695,Item-specific,1,item-specific
MX3784,Material,"Timber connectors; round toothed plate, double sided for 10 mm or 12 mm bolts",nr,2.81,1.0,3.286,Item-specific,1,item-specific
MX3785,Material,"Timber connectors; round toothed plate, double sided for 10 mm or 12 mm bolts",nr,3.09,1.0,3.6134,Item-specific,1,item-specific
MX3786,Material,"Timber connectors; round toothed plate, double sided for 10 mm or 12 mm bolts",nr,3.17,1.0,3.707,Item-specific,1,item-specific
MX3787,Material,"Timber connectors; round toothed plate, double sided for 10 mm or 12 mm bolts",nr,3.48,1.0,4.0695,Item-specific,1,item-specific
MX3789,Material,Split ring connectors,nr,4.2,1.0,4.9115,Item-specific,1,item-specific
MX3790,Material,Split ring connectors,nr,4.33,1.0,5.0635,Item-specific,1,item-specific
MX3791,Material,Split ring connectors,nr,11.34,1.0,13.261,Item-specific,1,item-specific
MX3793,Material,Shear plate connectors,nr,7,1.0,8.1858,Item-specific,1,item-specific
MX3794,Material,Shear plate connectors,nr,28.89,1.0,33.784,Item-specific,1,item-specific
MX3796,Material,Flitch plates,nr,10.5,1.0,12.2787,Item-specific,1,item-specific
MX3797,Material,Flitch plates,nr,20.75,1.0,24.265,Item-specific,1,item-specific
MX3798,Material,Flitch plates,nr,27.03,1.0,31.6089,Item-specific,1,item-specific
MX3800,Material,Stainless steel; Straps,nr,6.6,1.0,7.718,Item-specific,1,item-specific
MX3801,Material,Stainless steel; Straps,nr,9.04,1.0,10.5714,Item-specific,1,item-specific
MX3802,Material,Stainless steel; Straps,nr,5.07,1.0,5.9289,Item-specific,1,item-specific
MX3803,Material,Stainless steel; Straps,nr,6.1,1.0,7.1333,Item-specific,1,item-specific
MX3804,Material,Stainless steel; Straps,nr,7.12,1.0,8.3261,Item-specific,1,item-specific
MX3805,Material,Stainless steel; Straps,nr,8.14,1.0,9.5189,Item-specific,1,item-specific
MX3806,Material,Stainless steel; Straps,nr,9.15,1.0,10.7,Item-specific,1,item-specific
MX3807,Material,Stainless steel; Straps,nr,10.61,1.0,12.4073,Item-specific,1,item-specific
MX3808,Material,Stainless steel; Straps,nr,14.01,1.0,16.3833,Item-specific,1,item-specific
MX3809,Material,Stainless steel; Straps,nr,10.23,1.0,11.963,Item-specific,1,item-specific
MX3810,Material,Stainless steel; Straps,nr,12.18,1.0,14.2433,Item-specific,1,item-specific
MX3811,Material,Stainless steel; Straps,nr,14.27,1.0,16.6873,Item-specific,1,item-specific
MX3812,Material,Stainless steel; Straps,nr,16.2,1.0,18.9443,Item-specific,1,item-specific
MX3813,Material,Stainless steel; Straps,nr,18.21,1.0,21.2948,Item-specific,1,item-specific
MX3818,Material,Coach screws,nr,0.01,1.0,0.0117,Item-specific,1,item-specific
MX3819,Material,Coach screws,nr,0.01,1.0,0.0117,Item-specific,1,item-specific
MX3821,Material,"Timber connectors; round toothed plate, single sided for 10 mm or 12 mm bolts (stainless steel)",nr,4.2,1.0,4.9115,Item-specific,1,item-specific
MX3822,Material,"Timber connectors; round toothed plate, single sided for 10 mm or 12 mm bolts (stainless steel)",nr,4.37,1.0,5.1103,Item-specific,1,item-specific
MX3824,Material,"Stainless steel; Timber connectors; round toothed plate, single sided (continued)",nr,5,1.0,5.847,Item-specific,1,item-specific
MX3825,Material,"Stainless steel; Timber connectors; round toothed plate, single sided (continued)",nr,5.55,1.0,6.4902,Item-specific,1,item-specific
MX3827,Material,"Timber connectors; round toothed plate, double sided for 10 mm or 12 mm bolts (stainless steel)",nr,4.41,1.0,5.1571,Item-specific,1,item-specific
MX3828,Material,"Timber connectors; round toothed plate, double sided for 10 mm or 12 mm bolts (stainless steel)",nr,4.37,1.0,5.1103,Item-specific,1,item-specific
MX3829,Material,"Timber connectors; round toothed plate, double sided for 10 mm or 12 mm bolts (stainless steel)",nr,5,1.0,5.847,Item-specific,1,item-specific
MX3830,Material,"Timber connectors; round toothed plate, double sided for 10 mm or 12 mm bolts (stainless steel)",nr,5.55,1.0,6.4902,Item-specific,1,item-specific
MX3832,Material,Split ring connectors (stainless steel),nr,19.3,1.0,22.5694,Item-specific,1,item-specific
MX3833,Material,Split ring connectors (stainless steel),nr,37.78,1.0,44.1799,Item-specific,1,item-specific
MX3835,Material,Shear plate connectors (stainless steel),nr,0.75,1.0,0.877,Item-specific,1,item-specific
MX3836,Material,Shear plate connectors (stainless steel),nr,1.6,1.0,1.871,Item-specific,1,item-specific
MX4210,Material,Bored; lorry/crawler mounted rotary rig,m,3.19,1.0,3.7304,Item-specific,1,item-specific
MX4211,Material,Bored; lorry/crawler mounted rotary rig,m,74.01,1.0,86.5473,Item-specific,1,item-specific
MX4212,Material,Bored; lorry/crawler mounted rotary rig,m,78.96,1.0,92.3358,Item-specific,1,item-specific
MX4213,Material,Bored; lorry/crawler mounted rotary rig,nr,246.74,1.0,288.5378,Item-specific,1,item-specific
MX4214,Material,Bored; lorry/crawler mounted rotary rig,m,24.29,1.0,28.4047,Item-specific,1,item-specific
MX4215,Material,Bored; lorry/crawler mounted rotary rig,nr,35.34,1.0,41.3266,Item-specific,1,item-specific
MX4217,Material,Bored; continuous flight auger; Backfilling empty bore with selected excavated material,m,2.51,1.0,2.9352,Item-specific,1,item-specific
MX4218,Material,Bored; continuous flight auger; Backfilling empty bore with selected excavated material,m,3.43,1.0,4.011,Item-specific,1,item-specific
MX4219,Material,Bored; continuous flight auger; Backfilling empty bore with selected excavated material,m,3.75,1.0,4.3853,Item-specific,1,item-specific
MX4221,Material,Permanent casings; each length not exceeding 13 m,m,65.28,1.0,76.3384,Item-specific,1,item-specific
MX4222,Material,Permanent casings; each length not exceeding 13 m,m,88.82,1.0,103.8661,Item-specific,1,item-specific
MX4223,Material,Permanent casings; each length not exceeding 13 m,m,113.51,1.0,132.7386,Item-specific,1,item-specific
MX4225,Material,Permanent casings; each length exceeding 13 m,m,64.14,1.0,75.0053,Item-specific,1,item-specific
MX4226,Material,Permanent casings; each length exceeding 13 m,m,94.24,1.0,110.2043,Item-specific,1,item-specific
MX4227,Material,Permanent casings; each length exceeding 13 m,m,113.51,1.0,132.7386,Item-specific,1,item-specific
MX4229,Material,Enlarged bases,nr,226.99,1.0,265.4421,Item-specific,1,item-specific
MX4230,Material,Enlarged bases,nr,276.34,1.0,323.152,Item-specific,1,item-specific
MX4231,Material,Enlarged bases,nr,310.88,1.0,363.5431,Item-specific,1,item-specific
MX4233,Material,Bored; continuous flight auger; Cutting off surplus lengths,m,21.2,1.0,24.7913,Item-specific,1,item-specific
MX4234,Material,Bored; continuous flight auger; Cutting off surplus lengths,m,30.04,1.0,35.1288,Item-specific,1,item-specific
MX4235,Material,Bored; continuous flight auger; Cutting off surplus lengths,m,35.78,1.0,41.8411,Item-specific,1,item-specific
MX4237,Material,Preparing heads,nr,22.53,1.0,26.3466,Item-specific,1,item-specific
MX4238,Material,Preparing heads,nr,39.75,1.0,46.4836,Item-specific,1,item-specific
MX4239,Material,Preparing heads,nr,53.89,1.0,63.019,Item-specific,1,item-specific
MX4240,Material,Preparing heads,m3,2.64,1.0,3.0872,Item-specific,1,item-specific
MX4243,Material,Plain round mild steel bars to BS 4449; Bars; supplied in straight lengths,tonne,1016.98,1.0,1189.2564,Item-specific,1,item-specific
MX4244,Material,Plain round mild steel bars to BS 4449; Bars; supplied in straight lengths,tonne,1016.98,1.0,1189.2564,Item-specific,1,item-specific
MX4245,Material,Plain round mild steel bars to BS 4449; Bars; supplied in straight lengths,tonne,1016.95,1.0,1189.2213,Item-specific,1,item-specific
MX4246,Material,Plain round mild steel bars to BS 4449; Bars; supplied in straight lengths,tonne,1016.95,1.0,1189.2213,Item-specific,1,item-specific
MX4247,Material,Plain round mild steel bars to BS 4449; Bars; supplied in straight lengths,tonne,1016.95,1.0,1189.2213,Item-specific,1,item-specific
MX4248,Material,Plain round mild steel bars to BS 4449; Bars; supplied in straight lengths,tonne,1016.95,1.0,1189.2213,Item-specific,1,item-specific
MX4249,Material,Plain round mild steel bars to BS 4449; Bars; supplied in straight lengths,tonne,1016.95,1.0,1189.2213,Item-specific,1,item-specific
MX4250,Material,Plain round mild steel bars to BS 4449; Bars; supplied in straight lengths,tonne,1016.95,1.0,1189.2213,Item-specific,1,item-specific
MX4251,Material,Plain round mild steel bars to BS 4449; Bars; supplied in straight lengths,tonne,1016.95,1.0,1189.2213,Item-specific,1,item-specific
MX4253,Material,"Helical bars, nominal size",t,1076.92,1.0,1259.3502,Item-specific,1,item-specific
MX4254,Material,"Helical bars, nominal size",t,1076.92,1.0,1259.3502,Item-specific,1,item-specific
MX4255,Material,"Helical bars, nominal size",t,1076.27,1.0,1258.5901,Item-specific,1,item-specific
MX4256,Material,"Helical bars, nominal size",t,1076.92,1.0,1259.3502,Item-specific,1,item-specific
MX4258,Material,"Reinforcement; high tensile steel; Straight bars, nominal size",t,1150.73,1.0,1345.6637,Item-specific,1,item-specific
MX4259,Material,"Reinforcement; high tensile steel; Straight bars, nominal size",t,1150.72,1.0,1345.652,Item-specific,1,item-specific
MX4260,Material,"Reinforcement; high tensile steel; Straight bars, nominal size",t,1150.73,1.0,1345.6637,Item-specific,1,item-specific
MX4261,Material,"Reinforcement; high tensile steel; Straight bars, nominal size",t,1150.73,1.0,1345.6637,Item-specific,1,item-specific
MX4262,Material,"Reinforcement; high tensile steel; Straight bars, nominal size",t,1150.73,1.0,1345.6637,Item-specific,1,item-specific
MX4263,Material,"Reinforcement; high tensile steel; Straight bars, nominal size",t,1150.73,1.0,1345.6637,Item-specific,1,item-specific
MX4264,Material,"Reinforcement; high tensile steel; Straight bars, nominal size",t,1150.73,1.0,1345.6637,Item-specific,1,item-specific
MX4265,Material,"Reinforcement; high tensile steel; Straight bars, nominal size",t,1150.73,1.0,1345.6637,Item-specific,1,item-specific
MX4267,Material,"Helical bars, nominal size (high tensile steel)",t,1290.19,1.0,1508.7482,Item-specific,1,item-specific
MX4268,Material,"Helical bars, nominal size (high tensile steel)",t,1413.06,1.0,1652.4324,Item-specific,1,item-specific
MX4269,Material,"Helical bars, nominal size (high tensile steel)",t,1413.06,1.0,1652.4324,Item-specific,1,item-specific
MX4270,Material,"Helical bars, nominal size (high tensile steel)",t,1413.08,1.0,1652.4558,Item-specific,1,item-specific
MX4272,Material,Couplers; Lenton type A; threaded ends on reinforcing bars,nr,14.03,1.0,16.4067,Item-specific,1,item-specific
MX4273,Material,Couplers; Lenton type A; threaded ends on reinforcing bars,nr,16.58,1.0,19.3887,Item-specific,1,item-specific
MX4274,Material,Couplers; Lenton type A; threaded ends on reinforcing bars,nr,24.57,1.0,28.7322,Item-specific,1,item-specific
MX4275,Material,Couplers; Lenton type A; threaded ends on reinforcing bars,nr,33.9,1.0,39.6427,Item-specific,1,item-specific
MX4276,Material,Couplers; Lenton type A; threaded ends on reinforcing bars,nr,45.7,1.0,53.4416,Item-specific,1,item-specific
MX4277,Material,Couplers; Lenton type A; threaded ends on reinforcing bars,nr,63.5,1.0,74.2569,Item-specific,1,item-specific
MX4279,Material,Couplers; Lenton type B; threaded ends on reinforcing bars,nr,44.36,1.0,51.8746,Item-specific,1,item-specific
MX4280,Material,Couplers; Lenton type B; threaded ends on reinforcing bars,nr,51.59,1.0,60.3293,Item-specific,1,item-specific
MX4281,Material,Couplers; Lenton type B; threaded ends on reinforcing bars,nr,56.2,1.0,65.7203,Item-specific,1,item-specific
MX4282,Material,Couplers; Lenton type B; threaded ends on reinforcing bars,nr,65.99,1.0,77.1687,Item-specific,1,item-specific
MX4283,Material,Couplers; Lenton type B; threaded ends on reinforcing bars,nr,88.72,1.0,103.7492,Item-specific,1,item-specific
MX4284,Material,Couplers; Lenton type B; threaded ends on reinforcing bars,nr,130.86,1.0,153.0277,Item-specific,1,item-specific
MX4287,Material,General; Preparing heads,nr,29.91,1.0,34.9768,Item-specific,1,item-specific
MX4288,Material,General; Preparing heads,nr,40.88,1.0,47.8051,Item-specific,1,item-specific
MX4289,Material,General; Preparing heads,nr,63.31,1.0,74.0347,Item-specific,1,item-specific
MX4292,Material,Douglas Fir; Cutting off surplus lengths,nr,2.74,1.0,3.2042,Item-specific,1,item-specific
MX4293,Material,Douglas Fir; Cutting off surplus lengths,nr,4.72,1.0,5.5196,Item-specific,1,item-specific
MX4294,Material,Douglas Fir; Cutting off surplus lengths,nr,6.1,1.0,7.1333,Item-specific,1,item-specific
MX4295,Material,Douglas Fir; Cutting off surplus lengths,nr,11.92,1.0,13.9392,Item-specific,1,item-specific
MX4297,Material,Douglas Fir; Preparing heads,nr,2.74,1.0,3.2042,Item-specific,1,item-specific
MX4298,Material,Douglas Fir; Preparing heads,nr,4.72,1.0,5.5196,Item-specific,1,item-specific
MX4299,Material,Douglas Fir; Preparing heads,nr,6.1,1.0,7.1333,Item-specific,1,item-specific
MX4300,Material,Douglas Fir; Preparing heads,nr,11.92,1.0,13.9392,Item-specific,1,item-specific
MX4302,Material,Greenheart; Cutting off surplus lengths,nr,9.93,1.0,11.6121,Item-specific,1,item-specific
MX4303,Material,Greenheart; Cutting off surplus lengths,nr,9.93,1.0,11.6121,Item-specific,1,item-specific
MX4304,Material,Greenheart; Cutting off surplus lengths,nr,12.43,1.0,14.5356,Item-specific,1,item-specific
MX4305,Material,Greenheart; Cutting off surplus lengths,nr,22.37,1.0,26.1595,Item-specific,1,item-specific
MX4307,Material,Greenheart; Preparing heads,nr,9.93,1.0,11.6121,Item-specific,1,item-specific
MX4308,Material,Greenheart; Preparing heads,nr,9.93,1.0,11.6121,Item-specific,1,item-specific
MX4309,Material,Greenheart; Preparing heads,nr,12.43,1.0,14.5356,Item-specific,1,item-specific
MX4310,Material,Greenheart; Preparing heads,nr,22.37,1.0,26.1595,Item-specific,1,item-specific
MX4369,Material,Number of pile extensions; Cutting off surplus lengths,m,23.11,1.0,27.0248,Item-specific,1,item-specific
MX4370,Material,Number of pile extensions; Cutting off surplus lengths,m,23.57,1.0,27.5628,Item-specific,1,item-specific
MX4371,Material,Number of pile extensions; Cutting off surplus lengths,m,23.11,1.0,27.0248,Item-specific,1,item-specific
MX4372,Material,Number of pile extensions; Cutting off surplus lengths,m,23.11,1.0,27.0248,Item-specific,1,item-specific
MX4373,Material,Number of pile extensions; Cutting off surplus lengths,m,23.11,1.0,27.0248,Item-specific,1,item-specific
MX4375,Material,Extract piling and stacking on site,m2,36.38,1.0,42.5428,Item-specific,1,item-specific
MX4376,Material,Extract piling and stacking on site,m2,18.19,1.0,21.2714,Item-specific,1,item-specific
MX4377,Material,Extract piling and stacking on site,m2,18.19,1.0,21.2714,Item-specific,1,item-specific
MX4378,Material,Extract piling and stacking on site,m2,18.19,1.0,21.2714,Item-specific,1,item-specific
MX4379,Material,Extract piling and stacking on site,m2,18.19,1.0,21.2714,Item-specific,1,item-specific
MX4385,Material,Arcelor Mittal U section steel piles; Cutting off surplus lengths,m,23.11,1.0,27.0248,Item-specific,1,item-specific
MX4386,Material,Arcelor Mittal U section steel piles; Cutting off surplus lengths,m,23.57,1.0,27.5628,Item-specific,1,item-specific
MX4387,Material,Arcelor Mittal U section steel piles; Cutting off surplus lengths,m,23.11,1.0,27.0248,Item-specific,1,item-specific
MX4388,Material,Arcelor Mittal U section steel piles; Cutting off surplus lengths,m,23.11,1.0,27.0248,Item-specific,1,item-specific
MX4389,Material,Arcelor Mittal U section steel piles; Cutting off surplus lengths,m,23.11,1.0,27.0248,Item-specific,1,item-specific
MX4391,Material,Extract piling and stack on site,m2,18.19,1.0,21.2714,Item-specific,1,item-specific
MX4392,Material,Extract piling and stack on site,m2,18.19,1.0,21.2714,Item-specific,1,item-specific
MX4393,Material,Extract piling and stack on site,m2,18.19,1.0,21.2714,Item-specific,1,item-specific
MX4394,Material,Extract piling and stack on site,m2,18.19,1.0,21.2714,Item-specific,1,item-specific
MX4395,Material,Extract piling and stack on site,m2,18.19,1.0,21.2714,Item-specific,1,item-specific
MX4396,Material,Extract piling and stack on site,m2,18.19,1.0,21.2714,Item-specific,1,item-specific
MX4399,Material,General,hr,99.09,1.0,115.8758,Item-specific,1,item-specific
MX4583,Material,Type 1 Unbound Mixtures; Subbase; spread and graded,m3,96.98,1.0,113.4084,Item-specific,1,item-specific
MX4584,Material,Type 1 Unbound Mixtures; Subbase; spread and graded,m3,112.15,1.0,131.1482,Item-specific,1,item-specific
MX4585,Material,Type 1 Unbound Mixtures; Subbase; spread and graded,m3,121.84,1.0,142.4797,Item-specific,1,item-specific
MX4586,Material,Type 1 Unbound Mixtures; Subbase; spread and graded,m3,131.26,1.0,153.4954,Item-specific,1,item-specific
MX4588,Material,"Type 2 Unbound Mixtures; Subbase, spread and graded",m3,120.5,1.0,140.9127,Item-specific,1,item-specific
MX4589,Material,"Type 2 Unbound Mixtures; Subbase, spread and graded",m3,120.5,1.0,140.9127,Item-specific,1,item-specific
MX4590,Material,"Type 2 Unbound Mixtures; Subbase, spread and graded",m3,120.5,1.0,140.9127,Item-specific,1,item-specific
MX4591,Material,"Type 2 Unbound Mixtures; Subbase, spread and graded",m3,120.5,1.0,140.9127,Item-specific,1,item-specific
MX4593,Material,Type 3 (open graded) Unbound Mixtures; Subbase; spread and graded,m3,117.32,1.0,137.194,Item-specific,1,item-specific
MX4594,Material,Type 3 (open graded) Unbound Mixtures; Subbase; spread and graded,m3,117.32,1.0,137.194,Item-specific,1,item-specific
MX4595,Material,Type 3 (open graded) Unbound Mixtures; Subbase; spread and graded,m3,137.35,1.0,160.6171,Item-specific,1,item-specific
MX4596,Material,Type 3 (open graded) Unbound Mixtures; Subbase; spread and graded,m3,164.25,1.0,192.0739,Item-specific,1,item-specific
MX4598,Material,Category B (closed graded) Unbound Mixtures; Subbase; spread and graded,m3,115.53,1.0,135.1008,Item-specific,1,item-specific
MX4599,Material,Category B (closed graded) Unbound Mixtures; Subbase; spread and graded,m3,135.34,1.0,158.2666,Item-specific,1,item-specific
MX4600,Material,Category B (closed graded) Unbound Mixtures; Subbase; spread and graded,m3,135.34,1.0,158.2666,Item-specific,1,item-specific
MX4601,Material,Category B (closed graded) Unbound Mixtures; Subbase; spread and graded,m3,135.34,1.0,158.2666,Item-specific,1,item-specific
MX4603,Material,Type 4 (asphalt arisings) Unbound Mixtures; Subbase; spread and graded,m3,117.32,1.0,137.194,Item-specific,1,item-specific
MX4604,Material,Type 4 (asphalt arisings) Unbound Mixtures; Subbase; spread and graded,m3,93.86,1.0,109.7599,Item-specific,1,item-specific
MX4605,Material,Type 4 (asphalt arisings) Unbound Mixtures; Subbase; spread and graded,m3,105.59,1.0,123.4769,Item-specific,1,item-specific
MX4606,Material,Type 4 (asphalt arisings) Unbound Mixtures; Subbase; spread and graded,m3,117.32,1.0,137.194,Item-specific,1,item-specific
MX4611,Material,Cement Bound Granular Mixture 5 (CBGM 5) C3/4,m3,170.93,1.0,199.8855,Item-specific,1,item-specific
MX4612,Material,Cement Bound Granular Mixture 5 (CBGM 5) C3/4,m3,170.93,1.0,199.8855,Item-specific,1,item-specific
MX4613,Material,Cement Bound Granular Mixture 5 (CBGM 5) C3/4,m3,170.93,1.0,199.8855,Item-specific,1,item-specific
MX4615,Material,"Cement Bound Granular Mixture 5 (CBGM 5) C8/10; Subbase, laid, compacted",m3,182.05,1.0,212.8893,Item-specific,1,item-specific
MX4616,Material,"Cement Bound Granular Mixture 5 (CBGM 5) C8/10; Subbase, laid, compacted",m3,187.92,1.0,219.7536,Item-specific,1,item-specific
MX4618,Material,"Cement Bound Granular Mixture 5 (CBGM 5) C8/10; Subbase, laid, compacted (continued)",m3,193.79,1.0,226.618,Item-specific,1,item-specific
MX4620,Material,"Cement Bound Granular Mixture 1 (CBGM 1) C8/10; Base, laid, compacted",m3,188.3,1.0,220.198,Item-specific,1,item-specific
MX4621,Material,"Cement Bound Granular Mixture 1 (CBGM 1) C8/10; Base, laid, compacted",m3,194.37,1.0,227.2963,Item-specific,1,item-specific
MX4622,Material,"Cement Bound Granular Mixture 1 (CBGM 1) C8/10; Base, laid, compacted",m3,200.44,1.0,234.3945,Item-specific,1,item-specific
MX4624,Material,"Cement Bound Granular Mixture (CBGM 1) C12/16; Base, laid, compacted",m3,198.09,1.0,231.6464,Item-specific,1,item-specific
MX4625,Material,"Cement Bound Granular Mixture (CBGM 1) C12/16; Base, laid, compacted",m3,204.48,1.0,239.1189,Item-specific,1,item-specific
MX4627,Material,"Cement Bound Granular Mixture (CBGM 1) C15/20; Base, laid, compacted",m3,205.17,1.0,239.9258,Item-specific,1,item-specific
MX4629,Material,"Bituminous bound mixtures, asphalt concrete; Base Course AC 32 Dense Base 40/60 / 100/150 Des/Rec to PD 6691",m2,25.39,1.0,29.6911,Item-specific,1,item-specific
MX4630,Material,"Bituminous bound mixtures, asphalt concrete; Base Course AC 32 Dense Base 40/60 / 100/150 Des/Rec to PD 6691",m2,38.09,1.0,44.5424,Item-specific,1,item-specific
MX4631,Material,"Bituminous bound mixtures, asphalt concrete; Base Course AC 32 Dense Base 40/60 / 100/150 Des/Rec to PD 6691",m2,50.78,1.0,59.3821,Item-specific,1,item-specific
MX4633,Material,Binder course AC 20 Dense Base 40/60 / 100/150 Des/Rec to PD 6691,m2,16.53,1.0,19.3302,Item-specific,1,item-specific
MX4634,Material,Binder course AC 20 Dense Base 40/60 / 100/150 Des/Rec to PD 6691,m2,27.55,1.0,32.217,Item-specific,1,item-specific
MX4637,Material,Surface course AC 10 Close Surf 100/150 to PD 6691,m2,13.29,1.0,15.5413,Item-specific,1,item-specific
MX4641,Material,Surface course; SMA 10/14 Surf 40/60 to PD 6691,m2,13.05,1.0,15.2607,Item-specific,1,item-specific
MX4642,Material,Surface course; SMA 10/14 Surf 40/60 to PD 6691,m2,16.31,1.0,19.0729,Item-specific,1,item-specific
MX4644,Material,Thin Surface Course System,m2,11.47,1.0,13.413,Item-specific,1,item-specific
MX4645,Material,Thin Surface Course System,m2,15.3,1.0,17.8918,Item-specific,1,item-specific
MX4646,Material,Thin Surface Course System,m2,19.12,1.0,22.3589,Item-specific,1,item-specific
MX4648,Material,HRA 35/14 F Surf PMB Des TO PD 6691 WT. Class 2 with Pre Coated Chippings PSV 65,m2,26.76,1.0,31.2931,Item-specific,1,item-specific
MX4650,Material,Binder course; HRA 35/14 F Bin PMB Des TO PD 6691 WT. Class 2,m2,18.92,1.0,22.125,Item-specific,1,item-specific
MX4652,Material,Base and binder course; AC 14/20 EME2 Base/Bin,m2,33.39,1.0,39.0463,Item-specific,1,item-specific
MX4653,Material,Base and binder course; AC 14/20 EME2 Base/Bin,m2,50.09,1.0,58.5752,Item-specific,1,item-specific
MX4655,Material,Hot rolled asphalt surface course; HRA 35/14 F Surf 40/60 des to PD 6691 with pre-coated chippings,m2,26.76,1.0,31.2931,Item-specific,1,item-specific
MX4657,Material,Slurry surfacing; Slurry surfacing to BS EN 12273,m2,2.74,1.0,3.2042,Item-specific,1,item-specific
MX4658,Material,Slurry surfacing; Slurry surfacing to BS EN 12273,m2,4.3,1.0,5.0284,Item-specific,1,item-specific
MX4660,Material,Surface dressing; Surface dressing to BS EN 12271,m2,3.36,1.0,3.9292,Item-specific,1,item-specific
MX4664,Material,Bond coat; Bond coat to BS 594987,m2,0.78,1.0,0.9121,Item-specific,1,item-specific
MX4665,Material,Bond coat; Bond coat to BS 594987,m2,0.97,1.0,1.1343,Item-specific,1,item-specific
MX4666,Material,Bond coat; Bond coat to BS 594987,m2,1.36,1.0,1.5904,Item-specific,1,item-specific
MX4667,Material,Bond coat; Bond coat to BS 594987,m2,1.7,1.0,1.988,Item-specific,1,item-specific
MX4669,Material,"Excavation, Trimming and Reinstatement of Existing Surfaces; Trimming edges only of existing slabs, floors or similar su",m,59.49,1.0,69.5676,Item-specific,1,item-specific
MX4670,Material,"Excavation, Trimming and Reinstatement of Existing Surfaces; Trimming edges only of existing slabs, floors or similar su",m,145.16,1.0,169.7501,Item-specific,1,item-specific
MX4672,Material,"Cutting existing slabs, floors or similar surfaces (wet or dry); 8 mm cutting width",m,59.49,1.0,69.5676,Item-specific,1,item-specific
MX4673,Material,"Cutting existing slabs, floors or similar surfaces (wet or dry); 8 mm cutting width",m,145.16,1.0,169.7501,Item-specific,1,item-specific
MX4674,Material,"Cutting existing slabs, floors or similar surfaces (wet or dry); 8 mm cutting width",m,195.56,1.0,228.6879,Item-specific,1,item-specific
MX4688,Material,"Designed mix; grade C30, 20 mm aggregate; Dense base and binder course asphalt concrete (continued)",m2,21.63,1.0,25.2941,Item-specific,1,item-specific
MX4689,Material,"Designed mix; grade C30, 20 mm aggregate; Dense base and binder course asphalt concrete (continued)",m2,26.43,1.0,30.9072,Item-specific,1,item-specific
MX4690,Material,"Designed mix; grade C30, 20 mm aggregate; Dense base and binder course asphalt concrete (continued)",m2,31.24,1.0,36.5321,Item-specific,1,item-specific
MX4691,Material,"Designed mix; grade C30, 20 mm aggregate; Dense base and binder course asphalt concrete (continued)",m2,36.04,1.0,42.1452,Item-specific,1,item-specific
MX4693,Material,Joints in concrete pavement; Transverse Joints,m,2.4,1.0,2.8066,Item-specific,1,item-specific
MX4698,Material,Fabric; Steel fabric reinforcement to BS 4483,m2,5.87,1.0,6.8644,Item-specific,1,item-specific
MX4699,Material,Fabric; Steel fabric reinforcement to BS 4483,m2,9.25,1.0,10.817,Item-specific,1,item-specific
MX4700,Material,Fabric; Steel fabric reinforcement to BS 4483,m2,13.45,1.0,15.7284,Item-specific,1,item-specific
MX4701,Material,Fabric; Steel fabric reinforcement to BS 4483,m2,16.04,1.0,18.7572,Item-specific,1,item-specific
MX4702,Material,Fabric; Steel fabric reinforcement to BS 4483,m2,19.35,1.0,22.6279,Item-specific,1,item-specific
MX4704,Material,Mild steel bar reinforcement BS 4449; Bars; supplied in bent and cut lengths,t,1147.03,1.0,1341.3369,Item-specific,1,item-specific
MX4705,Material,Mild steel bar reinforcement BS 4449; Bars; supplied in bent and cut lengths,t,1147.03,1.0,1341.3369,Item-specific,1,item-specific
MX4706,Material,Mild steel bar reinforcement BS 4449; Bars; supplied in bent and cut lengths,t,1147.03,1.0,1341.3369,Item-specific,1,item-specific
MX4707,Material,Mild steel bar reinforcement BS 4449; Bars; supplied in bent and cut lengths,t,1147.03,1.0,1341.3369,Item-specific,1,item-specific
MX4708,Material,Mild steel bar reinforcement BS 4449; Bars; supplied in bent and cut lengths,t,1147.03,1.0,1341.3369,Item-specific,1,item-specific
MX4710,Material,High yield steel bar reinforcement BS 4449 or 4461; Bars; supplied in bent and cut lengths,t,1162.24,1.0,1359.1235,Item-specific,1,item-specific
MX4711,Material,High yield steel bar reinforcement BS 4449 or 4461; Bars; supplied in bent and cut lengths,t,1162.24,1.0,1359.1235,Item-specific,1,item-specific
MX4712,Material,High yield steel bar reinforcement BS 4449 or 4461; Bars; supplied in bent and cut lengths,t,1162.23,1.0,1359.1118,Item-specific,1,item-specific
MX4713,Material,High yield steel bar reinforcement BS 4449 or 4461; Bars; supplied in bent and cut lengths,t,1162.24,1.0,1359.1235,Item-specific,1,item-specific
MX4714,Material,High yield steel bar reinforcement BS 4449 or 4461; Bars; supplied in bent and cut lengths,t,1162.22,1.0,1359.1001,Item-specific,1,item-specific
MX4716,Material,Sheeting to prevent moisture loss; Polyethylene sheeting; lapped joints; horizontal below concrete pavements,m2,1.09,1.0,1.2746,Item-specific,1,item-specific
MX4717,Material,Sheeting to prevent moisture loss; Polyethylene sheeting; lapped joints; horizontal below concrete pavements,m2,2.78,1.0,3.2509,Item-specific,1,item-specific
MX4720,Material,Joints; Longitudinal joints,m,26.75,1.0,31.2814,Item-specific,1,item-specific
MX4721,Material,Joints; Longitudinal joints,m,31.43,1.0,36.7542,Item-specific,1,item-specific
MX4722,Material,Joints; Longitudinal joints,m,38.5,1.0,45.0219,Item-specific,1,item-specific
MX4725,Material,Expansion joints,m,52.63,1.0,61.5455,Item-specific,1,item-specific
MX4726,Material,Expansion joints,m,61.29,1.0,71.6725,Item-specific,1,item-specific
MX4727,Material,Expansion joints,m,69.93,1.0,81.7761,Item-specific,1,item-specific
MX4728,Material,Expansion joints,m,71.66,1.0,83.7992,Item-specific,1,item-specific
MX4730,Material,Contraction joints,m,30.7,1.0,35.9006,Item-specific,1,item-specific
MX4731,Material,Contraction joints,m,31.77,1.0,37.1518,Item-specific,1,item-specific
MX4732,Material,Contraction joints,m,34.48,1.0,40.3209,Item-specific,1,item-specific
MX4735,Material,Construction joints,m,20.28,1.0,23.7154,Item-specific,1,item-specific
MX4736,Material,Construction joints,m,24.39,1.0,28.5217,Item-specific,1,item-specific
MX4737,Material,Construction joints,m,23.7,1.0,27.7148,Item-specific,1,item-specific
MX4740,Material,Open joints with filler,m,5.26,1.0,6.151,Item-specific,1,item-specific
MX4741,Material,Open joints with filler,m,7.39,1.0,8.6419,Item-specific,1,item-specific
MX4743,Material,Joint sealants,m,5.83,1.0,6.8176,Item-specific,1,item-specific
MX4744,Material,Joint sealants,m,10,1.0,11.694,Item-specific,1,item-specific
MX4749,Material,Mass concrete,m,2.95,1.0,3.4497,Item-specific,1,item-specific
MX4750,Material,Mass concrete,m,6.74,1.0,7.8818,Item-specific,1,item-specific
MX4751,Material,Mass concrete,m,9.97,1.0,11.6589,Item-specific,1,item-specific
MX4752,Material,Mass concrete,m,0.72,1.0,0.842,Item-specific,1,item-specific
MX4755,Material,Precast concrete kerbs to BS 7263; Kerbs; bullnosed; splayed or half battered; straight or curved over 12 m radius,m,18.77,1.0,21.9496,Item-specific,1,item-specific
MX4756,Material,Precast concrete kerbs to BS 7263; Kerbs; bullnosed; splayed or half battered; straight or curved over 12 m radius,m,28.07,1.0,32.8251,Item-specific,1,item-specific
MX4759,Material,Kerbs; bullnosed; splayed or half battered; curved ne 12 m radius,m,18.77,1.0,21.9496,Item-specific,1,item-specific
MX4760,Material,Kerbs; bullnosed; splayed or half battered; curved ne 12 m radius,m,28.07,1.0,32.8251,Item-specific,1,item-specific
MX4762,Material,Quadrants,nr,25.08,1.0,29.3286,Item-specific,1,item-specific
MX4763,Material,Quadrants,nr,37.24,1.0,43.5485,Item-specific,1,item-specific
MX4766,Material,Drop kerbs,m,69.65,1.0,81.4487,Item-specific,1,item-specific
MX4773,Material,Tensions,m,5.53,1.0,6.4668,Item-specific,1,item-specific
MX4777,Material,Precast concrete drainage channels; Charcon Safeticurb; channels jointed with plastic rings and bedded; jointed and poin,m,87.93,1.0,102.8253,Item-specific,1,item-specific
MX4778,Material,Precast concrete drainage channels; Charcon Safeticurb; channels jointed with plastic rings and bedded; jointed and poin,m,190.64,1.0,222.9344,Item-specific,1,item-specific
MX4780,Material,Precast concrete Ellis Trief safety kerb; bedded jointed and pointed in cement mortar; Kerb; straight or curved over 12 ,m,126.31,1.0,147.7069,Item-specific,1,item-specific
MX4782,Material,Kerb; curved ne 12 m radius,m,146.89,1.0,171.7732,Item-specific,1,item-specific
MX4784,Material,Precast concrete combined kerb and drainage block Beany block system; bedded jointed and pointed in cement mortar; Kerb;,m,197.79,1.0,231.2956,Item-specific,1,item-specific
MX4785,Material,Precast concrete combined kerb and drainage block Beany block system; bedded jointed and pointed in cement mortar; Kerb;,m,302.06,1.0,353.229,Item-specific,1,item-specific
MX4787,Material,"Kerb; top block, standard base unit, standard cover plate and frame",m,197.79,1.0,231.2956,Item-specific,1,item-specific
MX4788,Material,"Kerb; top block, standard base unit, standard cover plate and frame",m,302.06,1.0,353.229,Item-specific,1,item-specific
MX4790,Material,"Kerb; top block, deep base unit, standard cover plate and frame",m,441.6,1.0,516.407,Item-specific,1,item-specific
MX4791,Material,"Kerb; top block, deep base unit, standard cover plate and frame",m,564.61,1.0,660.2549,Item-specific,1,item-specific
MX4792,Material,"Kerb; top block, deep base unit, standard cover plate and frame",m,47.88,1.0,55.9909,Item-specific,1,item-specific
MX4816,Material,To paved area; sloping not exceeding 10 deg to the horizontal,item,9.08,1.0,10.6182,Item-specific,1,item-specific
MX4817,Material,To paved area; sloping not exceeding 10 deg to the horizontal,item,13.62,1.0,15.9272,Item-specific,1,item-specific
MX4818,Material,To paved area; sloping not exceeding 10 deg to the horizontal,item,14.66,1.0,17.1434,Item-specific,1,item-specific
MX4819,Material,To paved area; sloping not exceeding 10 deg to the horizontal,item,21.99,1.0,25.7151,Item-specific,1,item-specific
MX4822,Material,Binder Course AC 20 Dense Bin 100/150 Rec to PD6691; Surface Course AC 6 Dense Surf 100/150 to PD6691; Paved area compri,m2,50.7,1.0,59.2886,Item-specific,1,item-specific
MX4823,Material,Binder Course AC 20 Dense Bin 100/150 Rec to PD6691; Surface Course AC 6 Dense Surf 100/150 to PD6691; Paved area compri,m2,18.61,1.0,21.7625,Item-specific,1,item-specific
MX4825,Material,Binder Course AC 20 Dense Bin 100/150 Rec to PD6691; Surface Course AC 6 Dense Surf 100/150 to PD6691; Paved area compri,m2,50.7,1.0,59.2886,Item-specific,1,item-specific
MX4826,Material,Binder Course AC 20 Dense Bin 100/150 Rec to PD6691; Surface Course AC 6 Dense Surf 100/150 to PD6691; Paved area compri,m2,18.61,1.0,21.7625,Item-specific,1,item-specific
MX4830,Material,Ennstone Johnston Golden gravel; graded 13 mm to fines; rolled wet; Paved area 50 mm thick; single layer,m2,30.42,1.0,35.5731,Item-specific,1,item-specific
MX4832,Material,Precast concrete flags; BS 7263; grey; bedding in cement mortar; Paved area; sloping not exceeding 10 deg to the horizon,m2,15.99,1.0,18.6987,Item-specific,1,item-specific
MX4833,Material,Precast concrete flags; BS 7263; grey; bedding in cement mortar; Paved area; sloping not exceeding 10 deg to the horizon,m2,15.93,1.0,18.6285,Item-specific,1,item-specific
MX4834,Material,Precast concrete flags; BS 7263; grey; bedding in cement mortar; Paved area; sloping not exceeding 10 deg to the horizon,m2,14.03,1.0,16.4067,Item-specific,1,item-specific
MX4835,Material,Precast concrete flags; BS 7263; grey; bedding in cement mortar; Paved area; sloping not exceeding 10 deg to the horizon,m2,13.83,1.0,16.1728,Item-specific,1,item-specific
MX4836,Material,Precast concrete flags; BS 7263; grey; bedding in cement mortar; Paved area; sloping not exceeding 10 deg to the horizon,m2,13.51,1.0,15.7986,Item-specific,1,item-specific
MX4840,Material,Precast concrete rectangular paving blocks; BS 6717; grey; Paved area; sloping not exceeding 10 deg to the horizontal (c,m2,35.98,1.0,42.075,Item-specific,1,item-specific
MX4841,Material,Precast concrete rectangular paving blocks; BS 6717; grey; Paved area; sloping not exceeding 10 deg to the horizontal (c,m2,44.86,1.0,52.4593,Item-specific,1,item-specific
MX4843,Material,Brick paviors; bedding on 20 mm thick mortar; excluding subbase; Paved area; sloping not exceeding 10 deg to the horizon,m2,35.98,1.0,42.075,Item-specific,1,item-specific
MX4845,Material,Granite setts; bedding on 25 mm cement mortar; excluding subbase; Paved area; sloping not exceeding 10 deg to the horizo,m2,79.75,1.0,93.2596,Item-specific,1,item-specific
MX4846,Material,Granite setts; bedding on 25 mm cement mortar; excluding subbase; Paved area; sloping not exceeding 10 deg to the horizo,m2,79.75,1.0,93.2596,Item-specific,1,item-specific
MX4848,Material,Cobble paving; 50-75 mm; bedding on 25 mm cement mortar; filling joints; excluding subbase; Paved area; sloping not exce,m2,26.15,1.0,30.5798,Item-specific,1,item-specific
MX4852,Material,"Signal pedestals; Installation of signal pedestals, loop detector unit pedestals, controller unit boxes and cable connec",nr,41.09,1.0,48.0506,Item-specific,1,item-specific
MX4853,Material,"Signal pedestals; Installation of signal pedestals, loop detector unit pedestals, controller unit boxes and cable connec",nr,18.26,1.0,21.3532,Item-specific,1,item-specific
MX4855,Material,"Excavate trench for traffic signal cable, depth ne 1.50 m; supports, backfilling",m,13.7,1.0,16.0208,Item-specific,1,item-specific
MX4856,Material,"Excavate trench for traffic signal cable, depth ne 1.50 m; supports, backfilling",m3,27.4,1.0,32.0416,Item-specific,1,item-specific
MX4858,Material,Saw cutting grooves in pavement for detector loops and feeder cables; seal with hot bitumen sealant after installation,m,20.09,1.0,23.4932,Item-specific,1,item-specific
MX4879,Material,Standard reflectorized traffic signs,nr,60.02,1.0,70.1874,Item-specific,1,item-specific
MX4880,Material,Standard reflectorized traffic signs,nr,1.59,1.0,1.8593,Item-specific,1,item-specific
MX4881,Material,Standard reflectorized traffic signs,nr,6.15,1.0,7.1918,Item-specific,1,item-specific
MX4882,Material,Standard reflectorized traffic signs,nr,140.02,1.0,163.7394,Item-specific,1,item-specific
MX4884,Material,Standard reflectorized traffic signs,nr,44.49,1.0,52.0266,Item-specific,1,item-specific
MX4885,Material,Standard reflectorized traffic signs,nr,68.82,1.0,80.4781,Item-specific,1,item-specific
MX4886,Material,Standard reflectorized traffic signs,nr,84,1.0,98.2296,Item-specific,1,item-specific
MX4888,Material,Standard reflectorized traffic signs,nr,131.95,1.0,154.3023,Item-specific,1,item-specific
MX4890,Material,Standard two post signs; 1200 x 400 mm,nr,250.82,1.0,293.3089,Item-specific,1,item-specific
MX4892,Material,Standard two post signs; 1200 x 400 mm,nr,88.97,1.0,104.0415,Item-specific,1,item-specific
MX4893,Material,Standard two post signs; 1200 x 400 mm,nr,137.64,1.0,160.9562,Item-specific,1,item-specific
MX4894,Material,Standard two post signs; 1200 x 400 mm,nr,168,1.0,196.4592,Item-specific,1,item-specific
MX4896,Material,Standard two post signs; 1200 x 400 mm,nr,203.95,1.0,238.4991,Item-specific,1,item-specific
MX4898,Material,Standard internally illuminated traffic signs; Bollard with integral mould-in translucent graphics (excluding trenching ,nr,646.94,1.0,756.5316,Item-specific,1,item-specific
MX4902,Material,Externally illuminated reflectorized traffic signs manufactured to order,nr,638.88,1.0,747.1063,Item-specific,1,item-specific
MX4903,Material,Externally illuminated reflectorized traffic signs manufactured to order,m2,958.33,1.0,1120.6711,Item-specific,1,item-specific
MX4905,Material,Internally illuminated traffic signs manufactured to order,nr,167.85,1.0,196.2838,Item-specific,1,item-specific
MX4906,Material,Internally illuminated traffic signs manufactured to order,nr,206.49,1.0,241.4694,Item-specific,1,item-specific
MX4907,Material,Internally illuminated traffic signs manufactured to order,nr,1056.48,1.0,1235.4477,Item-specific,1,item-specific
MX4909,Material,Signs on gantries; Externally illuminated reflectorized signs,nr,1539.5,1.0,1800.2913,Item-specific,1,item-specific
MX4910,Material,Signs on gantries; Externally illuminated reflectorized signs,nr,1577.52,1.0,1844.7519,Item-specific,1,item-specific
MX4911,Material,Signs on gantries; Externally illuminated reflectorized signs,nr,1727.99,1.0,2020.7115,Item-specific,1,item-specific
MX4913,Material,Internally illuminated sign with translucent optical reflective sheeting and remote light source,nr,1715.59,1.0,2006.2109,Item-specific,1,item-specific
MX4914,Material,Internally illuminated sign with translucent optical reflective sheeting and remote light source,nr,2272.91,1.0,2657.941,Item-specific,1,item-specific
MX4915,Material,Internally illuminated sign with translucent optical reflective sheeting and remote light source,nr,3502.25,1.0,4095.5311,Item-specific,1,item-specific
MX4917,Material,Existing signs; Take from store and re-erect,nr,62.38,1.0,72.9472,Item-specific,1,item-specific
MX4918,Material,Existing signs; Take from store and re-erect,nr,124.76,1.0,145.8943,Item-specific,1,item-specific
MX4920,Material,Surface markings; reflectorized white; Letters and shapes,nr,11.63,1.0,13.6001,Item-specific,1,item-specific
MX4921,Material,Surface markings; reflectorized white; Letters and shapes,nr,14.39,1.0,16.8277,Item-specific,1,item-specific
MX4922,Material,Surface markings; reflectorized white; Letters and shapes,nr,18.59,1.0,21.7391,Item-specific,1,item-specific
MX4923,Material,Surface markings; reflectorized white; Letters and shapes,nr,55.79,1.0,65.2408,Item-specific,1,item-specific
MX4924,Material,Surface markings; reflectorized white; Letters and shapes,nr,23.25,1.0,27.1885,Item-specific,1,item-specific
MX4925,Material,Surface markings; reflectorized white; Letters and shapes,nr,23.25,1.0,27.1885,Item-specific,1,item-specific
MX4926,Material,Surface markings; reflectorized white; Letters and shapes,nr,27.89,1.0,32.6146,Item-specific,1,item-specific
MX4927,Material,Surface markings; reflectorized white; Letters and shapes,nr,27.89,1.0,32.6146,Item-specific,1,item-specific
MX4928,Material,Surface markings; reflectorized white; Letters and shapes,nr,27.89,1.0,32.6146,Item-specific,1,item-specific
MX4929,Material,Surface markings; reflectorized white; Letters and shapes,nr,39.05,1.0,45.6651,Item-specific,1,item-specific
MX4930,Material,Surface markings; reflectorized white; Letters and shapes,nr,55.79,1.0,65.2408,Item-specific,1,item-specific
MX4931,Material,Surface markings; reflectorized white; Letters and shapes,nr,83.68,1.0,97.8554,Item-specific,1,item-specific
MX4932,Material,Surface markings; reflectorized white; Letters and shapes,nr,111.57,1.0,130.47,Item-specific,1,item-specific
MX4933,Material,Surface markings; reflectorized white; Letters and shapes,nr,7.19,1.0,8.408,Item-specific,1,item-specific
MX4934,Material,Surface markings; reflectorized white; Letters and shapes,nr,10.7,1.0,12.5126,Item-specific,1,item-specific
MX4935,Material,Surface markings; reflectorized white; Letters and shapes,nr,18.59,1.0,21.7391,Item-specific,1,item-specific
MX4937,Material,Continuous lines (reflectorized white),m,1.38,1.0,1.6138,Item-specific,1,item-specific
MX4938,Material,Continuous lines (reflectorized white),m,1.61,1.0,1.8827,Item-specific,1,item-specific
MX4940,Material,Intermittent lines (reflectorized white),m,0.73,1.0,0.8537,Item-specific,1,item-specific
MX4941,Material,Intermittent lines (reflectorized white),m,0.75,1.0,0.877,Item-specific,1,item-specific
MX4942,Material,Intermittent lines (reflectorized white),m,0.8,1.0,0.9355,Item-specific,1,item-specific
MX4943,Material,Intermittent lines (reflectorized white),m,0.82,1.0,0.9589,Item-specific,1,item-specific
MX4944,Material,Intermittent lines (reflectorized white),m,0.83,1.0,0.9706,Item-specific,1,item-specific
MX4945,Material,Intermittent lines (reflectorized white),m,1.05,1.0,1.2279,Item-specific,1,item-specific
MX4946,Material,Intermittent lines (reflectorized white),m,1.09,1.0,1.2746,Item-specific,1,item-specific
MX4947,Material,Intermittent lines (reflectorized white),m,1.34,1.0,1.567,Item-specific,1,item-specific
MX4948,Material,Intermittent lines (reflectorized white),m,1.34,1.0,1.567,Item-specific,1,item-specific
MX4949,Material,Intermittent lines (reflectorized white),m,1.34,1.0,1.567,Item-specific,1,item-specific
MX4951,Material,Surface markings; reflectorized yellow; Continuous lines,m,1.53,1.0,1.7892,Item-specific,1,item-specific
MX4952,Material,Surface markings; reflectorized yellow; Continuous lines,m,1.71,1.0,1.9997,Item-specific,1,item-specific
MX4954,Material,Intermittent lines (reflectorized yellow),nr,1.61,1.0,1.8827,Item-specific,1,item-specific
MX4958,Material,Vinyl strip markings (pedestrian crossings and similar locations),m,6.91,1.0,8.0806,Item-specific,1,item-specific
MX4959,Material,Vinyl strip markings (pedestrian crossings and similar locations),nr,12.07,1.0,14.1147,Item-specific,1,item-specific
MX4961,Material,Removal of existing reflectorized thermoplastic markings,m,1.22,1.0,1.4267,Item-specific,1,item-specific
MX4962,Material,Removal of existing reflectorized thermoplastic markings,m,1.8,1.0,2.1049,Item-specific,1,item-specific
MX4963,Material,Removal of existing reflectorized thermoplastic markings,m,2.42,1.0,2.8299,Item-specific,1,item-specific
MX4964,Material,Removal of existing reflectorized thermoplastic markings,nr,18.69,1.0,21.8561,Item-specific,1,item-specific
MX4965,Material,Removal of existing reflectorized thermoplastic markings,nr,73.2,1.0,85.6001,Item-specific,1,item-specific
MX4967,Material,Reflecting road studs; General,nr,0.91,1.0,1.0642,Item-specific,1,item-specific
MX4968,Material,Reflecting road studs; General,nr,2.06,1.0,2.409,Item-specific,1,item-specific
MX4969,Material,Reflecting road studs; General,nr,2.13,1.0,2.4908,Item-specific,1,item-specific
MX4970,Material,Reflecting road studs; General,nr,2.13,1.0,2.4908,Item-specific,1,item-specific
MX4971,Material,Reflecting road studs; General,nr,2.13,1.0,2.4908,Item-specific,1,item-specific
MX4972,Material,Reflecting road studs; General,nr,1.32,1.0,1.5436,Item-specific,1,item-specific
MX4974,Material,Removal of road studs,nr,0.44,1.0,0.5145,Item-specific,1,item-specific
MX4975,Material,Removal of road studs,nr,1.04,1.0,1.2162,Item-specific,1,item-specific
MX5035,Material,Spot replacement of sleepers; Timber sleeper,nr,47.25,1.0,55.2542,Item-specific,1,item-specific
MX5036,Material,Spot replacement of sleepers; Concrete sleeper,nr,90.36,1.0,105.667,Item-specific,1,item-specific
MX5040,Material,"Lifting, packing and slewing (continued)",m,249.6,1.0,291.8822,Item-specific,1,item-specific
MX5073,Material,Fittings,nr,4.26,1.0,4.9816,Item-specific,1,item-specific
MX5096,Material,Sundries,nr,110.46,1.0,129.1719,Item-specific,1,item-specific
MX5097,Material,Sundries,nr,126.81,1.0,148.2916,Item-specific,1,item-specific
MX5103,Material,"Bullhead rails; BS11 Delivered in standard 18.288 m lengths; Jointed with fishplates; Softwood sleepers; BS95R section, ",m,573.03,1.0,670.1013,Item-specific,1,item-specific
MX5104,Material,"Bullhead rails; BS11 Delivered in standard 18.288 m lengths; Jointed with fishplates; Softwood sleepers; BS95R section, ",m,572.99,1.0,670.0545,Item-specific,1,item-specific
MX5105,Material,"Bullhead rails; BS11 Delivered in standard 18.288 m lengths; Jointed with fishplates; Softwood sleepers; BS95R section, ",m,572.99,1.0,670.0545,Item-specific,1,item-specific
MX5108,Material,"Bullhead rails; BS11 Delivered in standard 18.288 m lengths; Jointed with fishplates; Concrete sleepers; BS95R section, ",m,644.29,1.0,753.4327,Item-specific,1,item-specific
MX5109,Material,"Bullhead rails; BS11 Delivered in standard 18.288 m lengths; Jointed with fishplates; Concrete sleepers; BS95R section, ",m,644.29,1.0,753.4327,Item-specific,1,item-specific
MX5110,Material,"Bullhead rails; BS11 Delivered in standard 18.288 m lengths; Jointed with fishplates; Concrete sleepers; BS95R section, ",m,644.29,1.0,753.4327,Item-specific,1,item-specific
MX5114,Material,"Bullhead rails; BS11 Delivered in standard 18.288 m lengths; Welded joints; Softwood sleepers; BS95R section, 47 kg/m; f",m,556.47,1.0,650.736,Item-specific,1,item-specific
MX5115,Material,"Bullhead rails; BS11 Delivered in standard 18.288 m lengths; Welded joints; Softwood sleepers; BS95R section, 47 kg/m; f",m,556.47,1.0,650.736,Item-specific,1,item-specific
MX5116,Material,"Bullhead rails; BS11 Delivered in standard 18.288 m lengths; Welded joints; Softwood sleepers; BS95R section, 47 kg/m; f",m,556.47,1.0,650.736,Item-specific,1,item-specific
MX5119,Material,"Bullhead rails; BS11 Delivered in standard 18.288 m lengths; Welded joints; Concrete sleepers; BS95R section, 47 kg/m; f",m,627.77,1.0,734.1142,Item-specific,1,item-specific
MX5120,Material,"Bullhead rails; BS11 Delivered in standard 18.288 m lengths; Welded joints; Concrete sleepers; BS95R section, 47 kg/m; f",m,627.77,1.0,734.1142,Item-specific,1,item-specific
MX5121,Material,"Bullhead rails; BS11 Delivered in standard 18.288 m lengths; Welded joints; Concrete sleepers; BS95R section, 47 kg/m; f",m,627.91,1.0,734.278,Item-specific,1,item-specific
MX5124,Material,Flat bottom rails; BS11 Delivered in standard 18.288 m lengths; Jointed with fishplates; Softwood sleepers; BS 113 'A' s,m,593.47,1.0,694.0038,Item-specific,1,item-specific
MX5125,Material,Flat bottom rails; BS11 Delivered in standard 18.288 m lengths; Jointed with fishplates; Softwood sleepers; BS 113 'A' s,m,610.15,1.0,713.5094,Item-specific,1,item-specific
MX5126,Material,Flat bottom rails; BS11 Delivered in standard 18.288 m lengths; Jointed with fishplates; Softwood sleepers; BS 113 'A' s,m,620.36,1.0,725.449,Item-specific,1,item-specific
MX5129,Material,Flat bottom rails; BS11 Delivered in standard 18.288 m lengths; Jointed with fishplates; Concrete sleepers; BS 113 'A' s,m,664.77,1.0,777.382,Item-specific,1,item-specific
MX5130,Material,Flat bottom rails; BS11 Delivered in standard 18.288 m lengths; Jointed with fishplates; Concrete sleepers; BS 113 'A' s,m,681.45,1.0,796.8876,Item-specific,1,item-specific
MX5131,Material,Flat bottom rails; BS11 Delivered in standard 18.288 m lengths; Jointed with fishplates; Concrete sleepers; BS 113 'A' s,m,691.66,1.0,808.8272,Item-specific,1,item-specific
MX5134,Material,"Flat bottom rails; BS11 Delivered in standard 18.288 m lengths; Welded joints; Softwood sleepers; BS 113 'A' section, 56",m,576.95,1.0,674.6853,Item-specific,1,item-specific
MX5135,Material,"Flat bottom rails; BS11 Delivered in standard 18.288 m lengths; Welded joints; Softwood sleepers; BS 113 'A' section, 56",m,593.63,1.0,694.1909,Item-specific,1,item-specific
MX5136,Material,"Flat bottom rails; BS11 Delivered in standard 18.288 m lengths; Welded joints; Softwood sleepers; BS 113 'A' section, 56",m,603.85,1.0,706.1422,Item-specific,1,item-specific
MX5139,Material,"Flat bottom rails; BS11 Delivered in standard 18.288 m lengths; Welded joints; Concrete sleepers; BS 113 'A' section, 56",m,648.25,1.0,758.0635,Item-specific,1,item-specific
MX5140,Material,"Flat bottom rails; BS11 Delivered in standard 18.288 m lengths; Welded joints; Concrete sleepers; BS 113 'A' section, 56",m,664.93,1.0,777.5691,Item-specific,1,item-specific
MX5141,Material,"Flat bottom rails; BS11 Delivered in standard 18.288 m lengths; Welded joints; Concrete sleepers; BS 113 'A' section, 56",m,675.15,1.0,789.5204,Item-specific,1,item-specific
MX5144,Material,Flat bottom rails; BS11 Delivered in standard 18.288 m lengths; Jointed with fishplates; Softwood sleepers; BS 113 'A' s,m,550.8,1.0,644.1055,Item-specific,1,item-specific
MX5145,Material,Flat bottom rails; BS11 Delivered in standard 18.288 m lengths; Jointed with fishplates; Softwood sleepers; BS 113 'A' s,m,562.75,1.0,658.0798,Item-specific,1,item-specific
MX5146,Material,Flat bottom rails; BS11 Delivered in standard 18.288 m lengths; Jointed with fishplates; Softwood sleepers; BS 113 'A' s,m,569.78,1.0,666.3007,Item-specific,1,item-specific
MX5149,Material,Flat bottom rails; BS11 Delivered in standard 18.288 m lengths; Jointed with fishplates; Concrete sleepers; BS 113 'A' s,m,622.1,1.0,727.4837,Item-specific,1,item-specific
MX5150,Material,Flat bottom rails; BS11 Delivered in standard 18.288 m lengths; Jointed with fishplates; Concrete sleepers; BS 113 'A' s,m,634.05,1.0,741.4581,Item-specific,1,item-specific
MX5151,Material,Flat bottom rails; BS11 Delivered in standard 18.288 m lengths; Jointed with fishplates; Concrete sleepers; BS 113 'A' s,m,641.08,1.0,749.679,Item-specific,1,item-specific
MX5154,Material,"Flat bottom rails; BS11 Delivered in standard 18.288 m lengths; Welded joints; Softwood sleepers; BS 113 'A' section, 40",m,534.28,1.0,624.787,Item-specific,1,item-specific
MX5155,Material,"Flat bottom rails; BS11 Delivered in standard 18.288 m lengths; Welded joints; Softwood sleepers; BS 113 'A' section, 40",m,546.24,1.0,638.7731,Item-specific,1,item-specific
MX5156,Material,"Flat bottom rails; BS11 Delivered in standard 18.288 m lengths; Welded joints; Softwood sleepers; BS 113 'A' section, 40",m,553.26,1.0,646.9822,Item-specific,1,item-specific
MX5159,Material,"Flat bottom rails; BS11 Delivered in standard 18.288 m lengths; Welded joints; Concrete sleepers; BS 113 'A' section, 40",m,605.58,1.0,708.1653,Item-specific,1,item-specific
MX5160,Material,"Flat bottom rails; BS11 Delivered in standard 18.288 m lengths; Welded joints; Concrete sleepers; BS 113 'A' section, 40",m,617.54,1.0,722.1513,Item-specific,1,item-specific
MX5161,Material,"Flat bottom rails; BS11 Delivered in standard 18.288 m lengths; Welded joints; Concrete sleepers; BS 113 'A' section, 40",m,624.56,1.0,730.3605,Item-specific,1,item-specific
MX5165,Material,"Prefabricated turnouts; Complete with closures, check rails, fittings, etc.",nr,25483.09,1.0,29799.9254,Item-specific,1,item-specific
MX5166,Material,"Prefabricated turnouts; Complete with closures, check rails, fittings, etc.",nr,27940.24,1.0,32673.3167,Item-specific,1,item-specific
MX5189,Material,Check and guard rails; BS 11; delivered in standard 18.288 m lengths; flange planed to allow 50 mm free wheel clearance,m,88.88,1.0,103.9363,Item-specific,1,item-specific
MX5190,Material,Check and guard rails; BS 11; delivered in standard 18.288 m lengths; flange planed to allow 50 mm free wheel clearance,m,84.54,1.0,98.8611,Item-specific,1,item-specific
MX5191,Material,Check and guard rails; BS 11; delivered in standard 18.288 m lengths; flange planed to allow 50 mm free wheel clearance,m,74.41,1.0,87.0151,Item-specific,1,item-specific
MX5384,Material,Common bricks in cement mortar designation (ii); Thickness 103 mm,m2,40.24,1.0,47.0567,Item-specific,1,item-specific
MX5385,Material,Common bricks in cement mortar designation (ii); Thickness 103 mm,m2,40.24,1.0,47.0567,Item-specific,1,item-specific
MX5386,Material,Common bricks in cement mortar designation (ii); Thickness 103 mm,m2,40.24,1.0,47.0567,Item-specific,1,item-specific
MX5387,Material,Common bricks in cement mortar designation (ii); Thickness 103 mm,m2,40.24,1.0,47.0567,Item-specific,1,item-specific
MX5388,Material,Common bricks in cement mortar designation (ii); Thickness 103 mm,m2,47.27,1.0,55.2775,Item-specific,1,item-specific
MX5389,Material,Common bricks in cement mortar designation (ii); Thickness 103 mm,m2,47.29,1.0,55.3009,Item-specific,1,item-specific
MX5390,Material,Common bricks in cement mortar designation (ii); Thickness 103 mm,m2,47.29,1.0,55.3009,Item-specific,1,item-specific
MX5400,Material,Thickness 328 mm,m2,122.82,1.0,143.6257,Item-specific,1,item-specific
MX5401,Material,Thickness 328 mm,m2,122.82,1.0,143.6257,Item-specific,1,item-specific
MX5402,Material,Thickness 328 mm,m2,122.82,1.0,143.6257,Item-specific,1,item-specific
MX5403,Material,Thickness 328 mm,m2,122.82,1.0,143.6257,Item-specific,1,item-specific
MX5404,Material,Thickness 328 mm,m2,129.85,1.0,151.8466,Item-specific,1,item-specific
MX5405,Material,Thickness 328 mm,m2,129.85,1.0,151.8466,Item-specific,1,item-specific
MX5406,Material,Thickness 328 mm,m2,129.85,1.0,151.8466,Item-specific,1,item-specific
MX5408,Material,Thickness 440 mm,m2,164.17,1.0,191.9804,Item-specific,1,item-specific
MX5409,Material,Thickness 440 mm,m2,164.17,1.0,191.9804,Item-specific,1,item-specific
MX5410,Material,Thickness 440 mm,m2,164.17,1.0,191.9804,Item-specific,1,item-specific
MX5411,Material,Thickness 440 mm,m2,164.17,1.0,191.9804,Item-specific,1,item-specific
MX5412,Material,Thickness 440 mm,m2,171.12,1.0,200.1077,Item-specific,1,item-specific
MX5413,Material,Thickness 440 mm,m2,171.2,1.0,200.2013,Item-specific,1,item-specific
MX5414,Material,Thickness 440 mm,m2,171.2,1.0,200.2013,Item-specific,1,item-specific
MX5416,Material,Thickness 890 mm,m2,329.81,1.0,385.6798,Item-specific,1,item-specific
MX5417,Material,Thickness 890 mm,m2,329.81,1.0,385.6798,Item-specific,1,item-specific
MX5418,Material,Thickness 890 mm,m2,329.81,1.0,385.6798,Item-specific,1,item-specific
MX5419,Material,Thickness 890 mm,m2,329.81,1.0,385.6798,Item-specific,1,item-specific
MX5420,Material,Thickness 890 mm,m2,336.85,1.0,393.9124,Item-specific,1,item-specific
MX5421,Material,Thickness 890 mm,m2,336.85,1.0,393.9124,Item-specific,1,item-specific
MX5422,Material,Thickness 890 mm,m2,336.85,1.0,393.9124,Item-specific,1,item-specific
MX5424,Material,Thickness exceeding 1 m,m2,369.19,1.0,431.7308,Item-specific,1,item-specific
MX5425,Material,Thickness exceeding 1 m,m2,369.19,1.0,431.7308,Item-specific,1,item-specific
MX5426,Material,Thickness exceeding 1 m,m2,369.19,1.0,431.7308,Item-specific,1,item-specific
MX5427,Material,Thickness exceeding 1 m,m2,369.19,1.0,431.7308,Item-specific,1,item-specific
MX5428,Material,Thickness exceeding 1 m,m2,376.22,1.0,439.9517,Item-specific,1,item-specific
MX5429,Material,Thickness exceeding 1 m,m2,376.22,1.0,439.9517,Item-specific,1,item-specific
MX5430,Material,Thickness exceeding 1 m,m2,376.22,1.0,439.9517,Item-specific,1,item-specific
MX5432,Material,Columns and piers,m,17.95,1.0,20.9907,Item-specific,1,item-specific
MX5433,Material,Columns and piers,m,36.23,1.0,42.3674,Item-specific,1,item-specific
MX5434,Material,Columns and piers,m,81.94,1.0,95.8206,Item-specific,1,item-specific
MX5435,Material,Columns and piers,m,293.32,1.0,343.0084,Item-specific,1,item-specific
MX5438,Material,Surface features (continued),m,9.03,1.0,10.5597,Item-specific,1,item-specific
MX5439,Material,Surface features (continued),m,8.81,1.0,10.3024,Item-specific,1,item-specific
MX5444,Material,Surface features (continued),m,8.7,1.0,10.1738,Item-specific,1,item-specific
MX5445,Material,Surface features (continued),m,17.95,1.0,20.9907,Item-specific,1,item-specific
MX5446,Material,Surface features (continued),m,40.47,1.0,47.3256,Item-specific,1,item-specific
MX5447,Material,Surface features (continued),m,36.79,1.0,43.0222,Item-specific,1,item-specific
MX5450,Material,Ancillaries,m2,41.57,1.0,48.612,Item-specific,1,item-specific
MX5451,Material,Ancillaries,nr,1.37,1.0,1.6021,Item-specific,1,item-specific
MX5452,Material,Ancillaries,nr,2.02,1.0,2.3622,Item-specific,1,item-specific
MX5453,Material,Ancillaries,nr,2.04,1.0,2.3856,Item-specific,1,item-specific
MX5454,Material,Ancillaries,nr,3.01,1.0,3.5199,Item-specific,1,item-specific
MX5455,Material,Ancillaries,nr,2.37,1.0,2.7715,Item-specific,1,item-specific
MX5456,Material,Ancillaries,nr,3.46,1.0,4.0461,Item-specific,1,item-specific
MX5459,Material,Facing bricks; in plasticized cement mortar designation (iii); Thickness 103 mm,m2,67.31,1.0,78.7123,Item-specific,1,item-specific
MX5460,Material,Facing bricks; in plasticized cement mortar designation (iii); Thickness 103 mm,m2,67.31,1.0,78.7123,Item-specific,1,item-specific
MX5461,Material,Facing bricks; in plasticized cement mortar designation (iii); Thickness 103 mm,m2,67.31,1.0,78.7123,Item-specific,1,item-specific
MX5462,Material,Facing bricks; in plasticized cement mortar designation (iii); Thickness 103 mm,m2,67.31,1.0,78.7123,Item-specific,1,item-specific
MX5463,Material,Facing bricks; in plasticized cement mortar designation (iii); Thickness 103 mm,m2,74.34,1.0,86.9332,Item-specific,1,item-specific
MX5464,Material,Facing bricks; in plasticized cement mortar designation (iii); Thickness 103 mm,m2,74.34,1.0,86.9332,Item-specific,1,item-specific
MX5465,Material,Facing bricks; in plasticized cement mortar designation (iii); Thickness 103 mm,m2,74.34,1.0,86.9332,Item-specific,1,item-specific
MX5467,Material,Thickness 215 mm,m2,135.4,1.0,158.3368,Item-specific,1,item-specific
MX5468,Material,Thickness 215 mm,m2,135.4,1.0,158.3368,Item-specific,1,item-specific
MX5469,Material,Thickness 215 mm,m2,135.4,1.0,158.3368,Item-specific,1,item-specific
MX5470,Material,Thickness 215 mm,m2,135.4,1.0,158.3368,Item-specific,1,item-specific
MX5471,Material,Thickness 215 mm,m2,135.4,1.0,158.3368,Item-specific,1,item-specific
MX5472,Material,Thickness 215 mm,m2,142.43,1.0,166.5576,Item-specific,1,item-specific
MX5473,Material,Thickness 215 mm,m2,142.43,1.0,166.5576,Item-specific,1,item-specific
MX5474,Material,Thickness 215 mm,m2,142.43,1.0,166.5576,Item-specific,1,item-specific
MX5476,Material,Thickness 328 mm,m2,204.04,1.0,238.6044,Item-specific,1,item-specific
MX5477,Material,Thickness 328 mm,m2,204.04,1.0,238.6044,Item-specific,1,item-specific
MX5478,Material,Thickness 328 mm,m2,204.04,1.0,238.6044,Item-specific,1,item-specific
MX5479,Material,Thickness 328 mm,m2,204.04,1.0,238.6044,Item-specific,1,item-specific
MX5480,Material,Thickness 328 mm,m2,211.07,1.0,246.8253,Item-specific,1,item-specific
MX5481,Material,Thickness 328 mm,m2,211.07,1.0,246.8253,Item-specific,1,item-specific
MX5482,Material,Thickness 328 mm,m2,211.07,1.0,246.8253,Item-specific,1,item-specific
MX5484,Material,Thickness 440 mm,m2,272.46,1.0,318.6147,Item-specific,1,item-specific
MX5485,Material,Thickness 440 mm,m2,272.46,1.0,318.6147,Item-specific,1,item-specific
MX5486,Material,Thickness 440 mm,m2,272.46,1.0,318.6147,Item-specific,1,item-specific
MX5487,Material,Thickness 440 mm,m2,279.49,1.0,326.8356,Item-specific,1,item-specific
MX5488,Material,Thickness 440 mm,m2,279.49,1.0,326.8356,Item-specific,1,item-specific
MX5489,Material,Thickness 440 mm,m2,279.49,1.0,326.8356,Item-specific,1,item-specific
MX5491,Material,Columns and piers,m,30.16,1.0,35.2691,Item-specific,1,item-specific
MX5492,Material,Columns and piers,m,60.6,1.0,70.8656,Item-specific,1,item-specific
MX5493,Material,Columns and piers,m,136.77,1.0,159.9388,Item-specific,1,item-specific
MX5495,Material,Surface features,m,14.12,1.0,16.5119,Item-specific,1,item-specific
MX5496,Material,Surface features,m,13.79,1.0,16.126,Item-specific,1,item-specific
MX5497,Material,Surface features,m,8.3,1.0,9.706,Item-specific,1,item-specific
MX5498,Material,Surface features,m,13.79,1.0,16.126,Item-specific,1,item-specific
MX5499,Material,Surface features,m,27.8,1.0,32.5093,Item-specific,1,item-specific
MX5500,Material,Surface features,m,33.67,1.0,39.3737,Item-specific,1,item-specific
MX5503,Material,Surface features,m,14.37,1.0,16.8043,Item-specific,1,item-specific
MX5505,Material,Surface features,m,14.37,1.0,16.8043,Item-specific,1,item-specific
MX5506,Material,Surface features,m,30.14,1.0,35.2457,Item-specific,1,item-specific
MX5507,Material,Surface features,m,67.88,1.0,79.3789,Item-specific,1,item-specific
MX5508,Material,Surface features,m,61.15,1.0,71.5088,Item-specific,1,item-specific
MX5511,Material,Ancillaries,m2,17.77,1.0,20.7802,Item-specific,1,item-specific
MX5512,Material,Ancillaries,nr,1.49,1.0,1.7424,Item-specific,1,item-specific
MX5513,Material,Ancillaries,nr,2.64,1.0,3.0872,Item-specific,1,item-specific
MX5525,Material,Columns and piers,m,8.35,1.0,9.7645,Item-specific,1,item-specific
MX5526,Material,Columns and piers,m,21,1.0,24.5574,Item-specific,1,item-specific
MX5530,Material,Ancillaries,nr,0.48,1.0,0.5613,Item-specific,1,item-specific
MX5531,Material,Ancillaries,nr,1.53,1.0,1.7892,Item-specific,1,item-specific
MX5532,Material,Ancillaries,nr,1.95,1.0,2.2803,Item-specific,1,item-specific
MX5533,Material,Ancillaries,nr,2.25,1.0,2.6311,Item-specific,1,item-specific
MX5534,Material,Ancillaries,nr,3.28,1.0,3.8356,Item-specific,1,item-specific
MX5535,Material,Ancillaries,nr,4.12,1.0,4.8179,Item-specific,1,item-specific
MX5536,Material,Ancillaries,nr,2.84,1.0,3.3211,Item-specific,1,item-specific
MX5537,Material,Ancillaries,nr,3.28,1.0,3.8356,Item-specific,1,item-specific
MX5538,Material,Ancillaries,nr,4.87,1.0,5.695,Item-specific,1,item-specific
MX5556,Material,Columns and piers,m,4.69,1.0,5.4845,Item-specific,1,item-specific
MX5557,Material,Columns and piers,m,16.83,1.0,19.681,Item-specific,1,item-specific
MX5559,Material,Ancillaries,nr,0.44,1.0,0.5145,Item-specific,1,item-specific
MX5560,Material,Ancillaries,nr,1.27,1.0,1.4851,Item-specific,1,item-specific
MX5561,Material,Ancillaries,nr,1.5,1.0,1.7541,Item-specific,1,item-specific
MX5562,Material,Ancillaries,nr,1.58,1.0,1.8477,Item-specific,1,item-specific
MX5563,Material,Ancillaries,nr,2.7,1.0,3.1574,Item-specific,1,item-specific
MX5564,Material,Ancillaries,nr,3.04,1.0,3.555,Item-specific,1,item-specific
MX5565,Material,Ancillaries,nr,1.95,1.0,2.2803,Item-specific,1,item-specific
MX5566,Material,Ancillaries,nr,2.75,1.0,3.2159,Item-specific,1,item-specific
MX5567,Material,Ancillaries,nr,3.61,1.0,4.2215,Item-specific,1,item-specific
MX5570,Material,Reconstituted stone masonry blocks; Bradstone 100 bed weathered Cotswold or North Cerney rough hewn rockfaced blocks; in,m2,83.21,1.0,97.3058,Item-specific,1,item-specific
MX5571,Material,Reconstituted stone masonry blocks; Bradstone 100 bed weathered Cotswold or North Cerney rough hewn rockfaced blocks; in,m2,83.21,1.0,97.3058,Item-specific,1,item-specific
MX5572,Material,Reconstituted stone masonry blocks; Bradstone 100 bed weathered Cotswold or North Cerney rough hewn rockfaced blocks; in,m2,83.25,1.0,97.3525,Item-specific,1,item-specific
MX5573,Material,Reconstituted stone masonry blocks; Bradstone 100 bed weathered Cotswold or North Cerney rough hewn rockfaced blocks; in,m2,83.25,1.0,97.3525,Item-specific,1,item-specific
MX5575,Material,Ancillaries,nr,0.83,1.0,0.9706,Item-specific,1,item-specific
MX5576,Material,Ancillaries,nr,8.67,1.0,10.1387,Item-specific,1,item-specific
MX5577,Material,Ancillaries,nr,10.88,1.0,12.7231,Item-specific,1,item-specific
MX5581,Material,Movement joints (continued),m,1,1.0,1.1694,Item-specific,1,item-specific
MX5582,Material,Movement joints (continued),m,1.5,1.0,1.7541,Item-specific,1,item-specific
MX5584,Material,Dritherm cavity insulation; Infills,m2,7.79,1.0,9.1096,Item-specific,1,item-specific
MX5585,Material,Dritherm cavity insulation; Infills,m2,10.69,1.0,12.5009,Item-specific,1,item-specific
MX5587,Material,Concrete; Infills,m2,7.61,1.0,8.8991,Item-specific,1,item-specific
MX5589,Material,Galvanized steel wall ties; Fixings and ties,m2,1.73,1.0,2.0231,Item-specific,1,item-specific
MX5591,Material,Stainless steel wall ties; Fixings and ties,m2,3.8,1.0,4.4437,Item-specific,1,item-specific
MX5609,Material,One coat iron oxide primer; Metal,m2,0.86,1.0,1.0057,Item-specific,1,item-specific
MX5610,Material,One coat iron oxide primer; Metal,m2,0.86,1.0,1.0057,Item-specific,1,item-specific
MX5611,Material,One coat iron oxide primer; Metal,m2,0.86,1.0,1.0057,Item-specific,1,item-specific
MX5612,Material,One coat iron oxide primer; Metal,m2,0.86,1.0,1.0057,Item-specific,1,item-specific
MX5613,Material,One coat iron oxide primer; Metal,m,0.26,1.0,0.304,Item-specific,1,item-specific
MX5614,Material,One coat iron oxide primer; Metal,m,0.57,1.0,0.6666,Item-specific,1,item-specific
MX5615,Material,One coat iron oxide primer; Metal,m2,0.86,1.0,1.0057,Item-specific,1,item-specific
MX5618,Material,One coat calcium plumbate primer; Metal,m2,3.4,1.0,3.976,Item-specific,1,item-specific
MX5619,Material,One coat calcium plumbate primer; Metal,m2,3.4,1.0,3.976,Item-specific,1,item-specific
MX5620,Material,One coat calcium plumbate primer; Metal,m2,3.4,1.0,3.976,Item-specific,1,item-specific
MX5621,Material,One coat calcium plumbate primer; Metal,m2,3.4,1.0,3.976,Item-specific,1,item-specific
MX5622,Material,One coat calcium plumbate primer; Metal,m,1.02,1.0,1.1928,Item-specific,1,item-specific
MX5623,Material,One coat calcium plumbate primer; Metal,m,2.21,1.0,2.5844,Item-specific,1,item-specific
MX5624,Material,One coat calcium plumbate primer; Metal,m2,3.4,1.0,3.976,Item-specific,1,item-specific
MX5626,Material,One coat acrylic wood primer; Timber,m2,1.38,1.0,1.6138,Item-specific,1,item-specific
MX5627,Material,One coat acrylic wood primer; Timber,m2,1.38,1.0,1.6138,Item-specific,1,item-specific
MX5628,Material,One coat acrylic wood primer; Timber,m2,1.38,1.0,1.6138,Item-specific,1,item-specific
MX5629,Material,One coat acrylic wood primer; Timber,m2,1.38,1.0,1.6138,Item-specific,1,item-specific
MX5630,Material,One coat acrylic wood primer; Timber,m,0.41,1.0,0.4795,Item-specific,1,item-specific
MX5631,Material,One coat acrylic wood primer; Timber,m,0.9,1.0,1.0525,Item-specific,1,item-specific
MX5634,Material,One coat calcium plumbate primer; one undercoat and one finishing coat of gloss paint; Metal,m2,5.1,1.0,5.9639,Item-specific,1,item-specific
MX5635,Material,One coat calcium plumbate primer; one undercoat and one finishing coat of gloss paint; Metal,m2,5.1,1.0,5.9639,Item-specific,1,item-specific
MX5636,Material,One coat calcium plumbate primer; one undercoat and one finishing coat of gloss paint; Metal,m2,5.1,1.0,5.9639,Item-specific,1,item-specific
MX5637,Material,One coat calcium plumbate primer; one undercoat and one finishing coat of gloss paint; Metal,m2,5.1,1.0,5.9639,Item-specific,1,item-specific
MX5638,Material,One coat calcium plumbate primer; one undercoat and one finishing coat of gloss paint; Metal,m,1.53,1.0,1.7892,Item-specific,1,item-specific
MX5639,Material,One coat calcium plumbate primer; one undercoat and one finishing coat of gloss paint; Metal,m,3.31,1.0,3.8707,Item-specific,1,item-specific
MX5640,Material,One coat calcium plumbate primer; one undercoat and one finishing coat of gloss paint; Metal,m2,5.1,1.0,5.9639,Item-specific,1,item-specific
MX5641,Material,One coat calcium plumbate primer; one undercoat and one finishing coat of gloss paint; Metal,m2,5.1,1.0,5.9639,Item-specific,1,item-specific
MX5643,Material,One coat acrylic wood primer; one undercoat and one finishing coat of gloss paint; Timber,m2,3.08,1.0,3.6018,Item-specific,1,item-specific
MX5644,Material,One coat acrylic wood primer; one undercoat and one finishing coat of gloss paint; Timber,m2,3.08,1.0,3.6018,Item-specific,1,item-specific
MX5645,Material,One coat acrylic wood primer; one undercoat and one finishing coat of gloss paint; Timber,m2,3.1,1.0,3.6251,Item-specific,1,item-specific
MX5646,Material,One coat acrylic wood primer; one undercoat and one finishing coat of gloss paint; Timber,m2,3.08,1.0,3.6018,Item-specific,1,item-specific
MX5648,Material,One coat acrylic wood primer; one undercoat and one finishing coat of gloss paint; Timber (continued),m,0.92,1.0,1.0758,Item-specific,1,item-specific
MX5649,Material,One coat acrylic wood primer; one undercoat and one finishing coat of gloss paint; Timber (continued),m,2,1.0,2.3388,Item-specific,1,item-specific
MX5651,Material,One coat calcium plumbate primer; two undercoats and one finishing coat of gloss paint; Metal,m2,5.96,1.0,6.9696,Item-specific,1,item-specific
MX5652,Material,One coat calcium plumbate primer; two undercoats and one finishing coat of gloss paint; Metal,m2,5.96,1.0,6.9696,Item-specific,1,item-specific
MX5653,Material,One coat calcium plumbate primer; two undercoats and one finishing coat of gloss paint; Metal,m2,5.96,1.0,6.9696,Item-specific,1,item-specific
MX5654,Material,One coat calcium plumbate primer; two undercoats and one finishing coat of gloss paint; Metal,m2,5.81,1.0,6.7942,Item-specific,1,item-specific
MX5655,Material,One coat calcium plumbate primer; two undercoats and one finishing coat of gloss paint; Metal,m,1.79,1.0,2.0932,Item-specific,1,item-specific
MX5656,Material,One coat calcium plumbate primer; two undercoats and one finishing coat of gloss paint; Metal,m,3.87,1.0,4.5256,Item-specific,1,item-specific
MX5658,Material,One coat acrylic wood primer; two undercoats and one finishing coat of gloss paint; Timber,m2,3.94,1.0,4.6074,Item-specific,1,item-specific
MX5659,Material,One coat acrylic wood primer; two undercoats and one finishing coat of gloss paint; Timber,m2,3.94,1.0,4.6074,Item-specific,1,item-specific
MX5660,Material,One coat acrylic wood primer; two undercoats and one finishing coat of gloss paint; Timber,m2,3.96,1.0,4.6308,Item-specific,1,item-specific
MX5661,Material,One coat acrylic wood primer; two undercoats and one finishing coat of gloss paint; Timber,m2,3.94,1.0,4.6074,Item-specific,1,item-specific
MX5662,Material,One coat acrylic wood primer; two undercoats and one finishing coat of gloss paint; Timber,m,1.18,1.0,1.3799,Item-specific,1,item-specific
MX5663,Material,One coat acrylic wood primer; two undercoats and one finishing coat of gloss paint; Timber,m,2.56,1.0,2.9937,Item-specific,1,item-specific
MX5665,Material,One coat alkali resisting primer; two undercoats and one finishing coat of gloss paint; Smooth concrete,m2,4.35,1.0,5.0869,Item-specific,1,item-specific
MX5666,Material,One coat alkali resisting primer; two undercoats and one finishing coat of gloss paint; Smooth concrete,m2,4.35,1.0,5.0869,Item-specific,1,item-specific
MX5667,Material,One coat alkali resisting primer; two undercoats and one finishing coat of gloss paint; Smooth concrete,m2,4.38,1.0,5.122,Item-specific,1,item-specific
MX5668,Material,One coat alkali resisting primer; two undercoats and one finishing coat of gloss paint; Smooth concrete,m2,4.35,1.0,5.0869,Item-specific,1,item-specific
MX5669,Material,One coat alkali resisting primer; two undercoats and one finishing coat of gloss paint; Smooth concrete,m,1.3,1.0,1.5202,Item-specific,1,item-specific
MX5670,Material,One coat alkali resisting primer; two undercoats and one finishing coat of gloss paint; Smooth concrete,m,2.82,1.0,3.2977,Item-specific,1,item-specific
MX5672,Material,Brickwork and rough concrete,m2,4.43,1.0,5.1804,Item-specific,1,item-specific
MX5673,Material,Brickwork and rough concrete,m2,4.48,1.0,5.2389,Item-specific,1,item-specific
MX5674,Material,Brickwork and rough concrete,m2,4.62,1.0,5.4026,Item-specific,1,item-specific
MX5675,Material,Brickwork and rough concrete,m2,4.62,1.0,5.4026,Item-specific,1,item-specific
MX5676,Material,Brickwork and rough concrete,m,1.39,1.0,1.6255,Item-specific,1,item-specific
MX5677,Material,Brickwork and rough concrete,m,2.97,1.0,3.4731,Item-specific,1,item-specific
MX5679,Material,Blockwork,m2,4.62,1.0,5.4026,Item-specific,1,item-specific
MX5680,Material,Blockwork,m2,4.62,1.0,5.4026,Item-specific,1,item-specific
MX5681,Material,Blockwork,m,1.39,1.0,1.6255,Item-specific,1,item-specific
MX5682,Material,Blockwork,m,3,1.0,3.5082,Item-specific,1,item-specific
MX5684,Material,Two coats anti-condensation paint; Metal,m2,7.92,1.0,9.2616,Item-specific,1,item-specific
MX5685,Material,Two coats anti-condensation paint; Metal,m2,7.92,1.0,9.2616,Item-specific,1,item-specific
MX5686,Material,Two coats anti-condensation paint; Metal,m2,7.92,1.0,9.2616,Item-specific,1,item-specific
MX5687,Material,Two coats anti-condensation paint; Metal,m2,7.92,1.0,9.2616,Item-specific,1,item-specific
MX5688,Material,Two coats anti-condensation paint; Metal,m,2.38,1.0,2.7832,Item-specific,1,item-specific
MX5689,Material,Two coats anti-condensation paint; Metal,m,5.15,1.0,6.0224,Item-specific,1,item-specific
MX5690,Material,Two coats anti-condensation paint; Metal,m2,7.92,1.0,9.2616,Item-specific,1,item-specific
MX5693,Material,"One thinned coat, two coats vinyl emulsion paint; Smooth concrete",m2,2.23,1.0,2.6078,Item-specific,1,item-specific
MX5694,Material,"One thinned coat, two coats vinyl emulsion paint; Smooth concrete",m2,2.23,1.0,2.6078,Item-specific,1,item-specific
MX5695,Material,"One thinned coat, two coats vinyl emulsion paint; Smooth concrete",m2,2.23,1.0,2.6078,Item-specific,1,item-specific
MX5696,Material,"One thinned coat, two coats vinyl emulsion paint; Smooth concrete",m2,2.23,1.0,2.6078,Item-specific,1,item-specific
MX5697,Material,"One thinned coat, two coats vinyl emulsion paint; Smooth concrete",m,0.67,1.0,0.7835,Item-specific,1,item-specific
MX5698,Material,"One thinned coat, two coats vinyl emulsion paint; Smooth concrete",m,1.45,1.0,1.6956,Item-specific,1,item-specific
MX5700,Material,Brickwork and rough concrete,m2,2.29,1.0,2.6779,Item-specific,1,item-specific
MX5701,Material,Brickwork and rough concrete,m2,2.29,1.0,2.6779,Item-specific,1,item-specific
MX5702,Material,Brickwork and rough concrete,m2,2.29,1.0,2.6779,Item-specific,1,item-specific
MX5703,Material,Brickwork and rough concrete,m2,2.29,1.0,2.6779,Item-specific,1,item-specific
MX5704,Material,Brickwork and rough concrete,m,0.69,1.0,0.8069,Item-specific,1,item-specific
MX5705,Material,Brickwork and rough concrete,m,1.58,1.0,1.8477,Item-specific,1,item-specific
MX5707,Material,Blockwork,m2,2.35,1.0,2.7481,Item-specific,1,item-specific
MX5708,Material,Blockwork,m2,2.35,1.0,2.7481,Item-specific,1,item-specific
MX5709,Material,Blockwork,m,0.7,1.0,0.8186,Item-specific,1,item-specific
MX5710,Material,Blockwork,m,1.53,1.0,1.7892,Item-specific,1,item-specific
MX5713,Material,Two coats masonry paint; Smooth concrete,m2,1.43,1.0,1.6722,Item-specific,1,item-specific
MX5714,Material,Two coats masonry paint; Smooth concrete,m2,1.43,1.0,1.6722,Item-specific,1,item-specific
MX5715,Material,Two coats masonry paint; Smooth concrete,m2,1.43,1.0,1.6722,Item-specific,1,item-specific
MX5716,Material,Two coats masonry paint; Smooth concrete,m2,1.43,1.0,1.6722,Item-specific,1,item-specific
MX5717,Material,Two coats masonry paint; Smooth concrete,m,0.43,1.0,0.5028,Item-specific,1,item-specific
MX5718,Material,Two coats masonry paint; Smooth concrete,m,0.93,1.0,1.0875,Item-specific,1,item-specific
MX5720,Material,Brickwork and rough concrete,m2,1.64,1.0,1.9178,Item-specific,1,item-specific
MX5721,Material,Brickwork and rough concrete,m2,1.64,1.0,1.9178,Item-specific,1,item-specific
MX5722,Material,Brickwork and rough concrete,m2,1.64,1.0,1.9178,Item-specific,1,item-specific
MX5723,Material,Brickwork and rough concrete,m2,1.64,1.0,1.9178,Item-specific,1,item-specific
MX5724,Material,Brickwork and rough concrete,m,0.49,1.0,0.573,Item-specific,1,item-specific
MX5787,Material,Waterproof sheeting; 0.3 mm polythene sheet,m,0.6,1.0,0.7016,Item-specific,1,item-specific
MX5788,Material,Waterproof sheeting; 0.3 mm polythene sheet,m,1.21,1.0,1.415,Item-specific,1,item-specific
MX5789,Material,Waterproof sheeting; 0.3 mm polythene sheet,m2,1.84,1.0,2.1517,Item-specific,1,item-specific
MX5790,Material,Waterproof sheeting; 0.3 mm polythene sheet,m2,1.84,1.0,2.1517,Item-specific,1,item-specific
MX5793,Material,"Asphalt; 13 mm Mastic asphalt to BS 6925, Type T 1097; two coats; on concrete surface",m2,17.23,1.0,20.1488,Item-specific,1,item-specific
MX5794,Material,"Asphalt; 13 mm Mastic asphalt to BS 6925, Type T 1097; two coats; on concrete surface",m2,17.23,1.0,20.1488,Item-specific,1,item-specific
MX5795,Material,"Asphalt; 13 mm Mastic asphalt to BS 6925, Type T 1097; two coats; on concrete surface",m2,17.23,1.0,20.1488,Item-specific,1,item-specific
MX5796,Material,"Asphalt; 13 mm Mastic asphalt to BS 6925, Type T 1097; two coats; on concrete surface",m2,17.23,1.0,20.1488,Item-specific,1,item-specific
MX5797,Material,"Asphalt; 13 mm Mastic asphalt to BS 6925, Type T 1097; two coats; on concrete surface",m2,17.23,1.0,20.1488,Item-specific,1,item-specific
MX5798,Material,"Asphalt; 13 mm Mastic asphalt to BS 6925, Type T 1097; two coats; on concrete surface",m,5.19,1.0,6.0692,Item-specific,1,item-specific
MX5799,Material,"Asphalt; 13 mm Mastic asphalt to BS 6925, Type T 1097; two coats; on concrete surface",m,17.23,1.0,20.1488,Item-specific,1,item-specific
MX5801,Material,"20 mm Mastic asphalt to BS 6925, Type T 1097; two coats; on concrete surface",m2,26.52,1.0,31.0125,Item-specific,1,item-specific
MX5802,Material,"20 mm Mastic asphalt to BS 6925, Type T 1097; two coats; on concrete surface",m2,26.52,1.0,31.0125,Item-specific,1,item-specific
MX5803,Material,"20 mm Mastic asphalt to BS 6925, Type T 1097; two coats; on concrete surface",m2,26.52,1.0,31.0125,Item-specific,1,item-specific
MX5804,Material,"20 mm Mastic asphalt to BS 6925, Type T 1097; two coats; on concrete surface",m2,26.51,1.0,31.0008,Item-specific,1,item-specific
MX5805,Material,"20 mm Mastic asphalt to BS 6925, Type T 1097; two coats; on concrete surface",m2,26.52,1.0,31.0125,Item-specific,1,item-specific
MX5806,Material,"20 mm Mastic asphalt to BS 6925, Type T 1097; two coats; on concrete surface",m,7.95,1.0,9.2967,Item-specific,1,item-specific
MX5807,Material,"20 mm Mastic asphalt to BS 6925, Type T 1097; two coats; on concrete surface",m,26.52,1.0,31.0125,Item-specific,1,item-specific
MX5809,Material,"13 mm Mastic asphalt to BS 6925, Type T 1097; two coats; on brickwork surface; raking joints to form key",m2,26.63,1.0,31.1411,Item-specific,1,item-specific
MX860,Material,Excavation of material below the Final Surface and replacement of with,m3,123.57,1.0,144.5028,Item-specific,1,item-specific
MX861,Material,Excavation of material below the Final Surface and replacement of with,m3,149.81,1.0,175.1878,Item-specific,1,item-specific
MX863,Material,Miscellaneous,m2,15.45,1.0,18.0672,Item-specific,1,item-specific
MX864,Material,Miscellaneous,m2,20.19,1.0,23.6102,Item-specific,1,item-specific
MX875,Material,Imported topsoil DfT specified type 5B; Filling,m3,102.89,1.0,120.3196,Item-specific,1,item-specific
MX876,Material,Imported topsoil DfT specified type 5B; Filling,m3,102.89,1.0,120.3196,Item-specific,1,item-specific
MX877,Material,Imported topsoil DfT specified type 5B; Filling,m2,15.43,1.0,18.0438,Item-specific,1,item-specific
MX878,Material,Imported topsoil DfT specified type 5B; Filling,m2,25.72,1.0,30.077,Item-specific,1,item-specific
MX879,Material,Imported topsoil DfT specified type 5B; Filling,m2,41.16,1.0,48.1325,Item-specific,1,item-specific
MX880,Material,Imported topsoil DfT specified type 5B; Filling,m2,61.73,1.0,72.1871,Item-specific,1,item-specific
MX899,Material,Imported natural material other than topsoil or rock; subsoil; Filling,m3,107.1,1.0,125.2427,Item-specific,1,item-specific
MX900,Material,Imported natural material other than topsoil or rock; subsoil; Filling,m3,107.1,1.0,125.2427,Item-specific,1,item-specific
MX901,Material,Imported natural material other than topsoil or rock; subsoil; Filling,m3,107.1,1.0,125.2427,Item-specific,1,item-specific
MX902,Material,Imported natural material other than topsoil or rock; subsoil; Filling,m2,16.06,1.0,18.7806,Item-specific,1,item-specific
MX903,Material,Imported natural material other than topsoil or rock; subsoil; Filling,m2,26.77,1.0,31.3048,Item-specific,1,item-specific
MX904,Material,Imported natural material other than topsoil or rock; subsoil; Filling,m2,42.84,1.0,50.0971,Item-specific,1,item-specific
MX905,Material,Imported natural material other than topsoil or rock; subsoil; Filling,m2,64.26,1.0,75.1456,Item-specific,1,item-specific
MX907,Material,Imported natural material other than topsoil or rock; granular graded material; Filling,m3,129.36,1.0,151.2736,Item-specific,1,item-specific
MX908,Material,Imported natural material other than topsoil or rock; granular graded material; Filling,m3,129.36,1.0,151.2736,Item-specific,1,item-specific
MX909,Material,Imported natural material other than topsoil or rock; granular graded material; Filling,m3,129.36,1.0,151.2736,Item-specific,1,item-specific
MX910,Material,Imported natural material other than topsoil or rock; granular graded material; Filling,m2,19.4,1.0,22.6864,Item-specific,1,item-specific
MX911,Material,Imported natural material other than topsoil or rock; granular graded material; Filling,m2,32.34,1.0,37.8184,Item-specific,1,item-specific
MX912,Material,Imported natural material other than topsoil or rock; granular graded material; Filling,m2,51.74,1.0,60.5048,Item-specific,1,item-specific
MX913,Material,Imported natural material other than topsoil or rock; granular graded material; Filling,m2,77.61,1.0,90.7571,Item-specific,1,item-specific
MX915,Material,Imported natural material other than topsoil or rock; granular selected material; Filling,m3,111.42,1.0,130.2945,Item-specific,1,item-specific
MX916,Material,Imported natural material other than topsoil or rock; granular selected material; Filling,m3,111.42,1.0,130.2945,Item-specific,1,item-specific
MX917,Material,Imported natural material other than topsoil or rock; granular selected material; Filling,m3,111.42,1.0,130.2945,Item-specific,1,item-specific
MX918,Material,Imported natural material other than topsoil or rock; granular selected material; Filling,m2,16.71,1.0,19.5407,Item-specific,1,item-specific
MX919,Material,Imported natural material other than topsoil or rock; granular selected material; Filling,m2,27.86,1.0,32.5795,Item-specific,1,item-specific
MX920,Material,Imported natural material other than topsoil or rock; granular selected material; Filling,m2,44.57,1.0,52.1202,Item-specific,1,item-specific
MX921,Material,Imported natural material other than topsoil or rock; granular selected material; Filling,m2,66.85,1.0,78.1744,Item-specific,1,item-specific
MX931,Material,Imported rock; Filling,m3,245.4,1.0,286.9708,Item-specific,1,item-specific
MX932,Material,Imported rock; Filling,m3,245.4,1.0,286.9708,Item-specific,1,item-specific
MX933,Material,Imported rock; Filling,m3,245.4,1.0,286.9708,Item-specific,1,item-specific
MX934,Material,Imported rock; Filling,m2,36.81,1.0,43.0456,Item-specific,1,item-specific
MX935,Material,Imported rock; Filling,m2,61.35,1.0,71.7427,Item-specific,1,item-specific
MX936,Material,Imported rock; Filling,m2,98.16,1.0,114.7883,Item-specific,1,item-specific
MX937,Material,Imported rock; Filling,m2,147.24,1.0,172.1825,Item-specific,1,item-specific
MX939,Material,High energy impaction general fill,m3,285.81,1.0,334.2262,Item-specific,1,item-specific
MX940,Material,High energy impaction general fill,m3,142.9,1.0,167.1073,Item-specific,1,item-specific
MX941,Material,High energy impaction general fill,m2,28.58,1.0,33.4215,Item-specific,1,item-specific
MX942,Material,High energy impaction general fill,m2,42.87,1.0,50.1322,Item-specific,1,item-specific
MX943,Material,High energy impaction general fill,m2,46.44,1.0,54.3069,Item-specific,1,item-specific
MX944,Material,High energy impaction general fill,m2,71.45,1.0,83.5536,Item-specific,1,item-specific
MX975,Material,"For use over weak soils with moderate traffic intensities e.g. car parks, light access roads; Tensar SS20 Polypropylene ",m2,2.86,1.0,3.3445,Item-specific,1,item-specific
MX976,Material,"For use over weak soils with moderate traffic intensities e.g. car parks, light access roads; Tensar SS20 Polypropylene ",m2,2.86,1.0,3.3445,Item-specific,1,item-specific
MX978,Material,For use over weak soils with high traffic intensities and/or high axle loadings; Tensar SS30 Polypropylene Geogrid,m2,2.92,1.0,3.4146,Item-specific,1,item-specific
MX979,Material,For use over weak soils with high traffic intensities and/or high axle loadings; Tensar SS30 Polypropylene Geogrid,m2,2.92,1.0,3.4146,Item-specific,1,item-specific
MX981,Material,"For use over very weak soils e.g. alluvium, marsh or peat or firmer soil subject to exceptionally high axle loadings; Te",m2,5.13,1.0,5.999,Item-specific,1,item-specific
MX982,Material,"For use over very weak soils e.g. alluvium, marsh or peat or firmer soil subject to exceptionally high axle loadings; Te",m2,5.13,1.0,5.999,Item-specific,1,item-specific
MX984,Material,For trafficked areas where fill comprises aggregate exceeding 100 mm; Tensar SSLA20 Polypropylene Geogrid,m2,5.3,1.0,6.1978,Item-specific,1,item-specific
MX985,Material,For trafficked areas where fill comprises aggregate exceeding 100 mm; Tensar SSLA20 Polypropylene Geogrid,m2,5.3,1.0,6.1978,Item-specific,1,item-specific
MX987,Material,Stabilization and separation of granular fill from soft sub grade to prevent intermixing: Terram 1000,m2,0.88,1.0,1.0291,Item-specific,1,item-specific
MX988,Material,Stabilization and separation of granular fill from soft sub grade to prevent intermixing: Terram 1000,m2,0.88,1.0,1.0291,Item-specific,1,item-specific
MX990,Material,Stabilization and separation of granular fill from soft sub grade to prevent intermixing: Terram 2000,m2,2.11,1.0,2.4674,Item-specific,1,item-specific
MX991,Material,Stabilization and separation of granular fill from soft sub grade to prevent intermixing: Terram 2000,m2,2.11,1.0,2.4674,Item-specific,1,item-specific
MX993,Material,"Geotextiles; reinforcement applications for asphalt pavements; For roads, hardstandings and airfield pavements; Tensar A",m2,4.77,1.0,5.578,Item-specific,1,item-specific
MX994,Material,"Geotextiles; reinforcement applications for asphalt pavements; For roads, hardstandings and airfield pavements; Tensar A",m2,4.77,1.0,5.578,Item-specific,1,item-specific
MX997,Material,Paragrid 30/155; 330 g/m2,m2,2.98,1.0,3.4848,Item-specific,1,item-specific
MX998,Material,Paragrid 30/155; 330 g/m2,m2,2.98,1.0,3.4848,Item-specific,1,item-specific
SX148,Sub-contract,General,item,16858.03,1.1195,22069.577,Item-specific,1,item-specific
SX149,Sub-contract,General,nr,87.91,1.1195,115.0868,Item-specific,1,item-specific
SX151,Sub-contract,Depth; 150 mm nominal dia. of base,m,35.16,1.1195,46.0295,Item-specific,1,item-specific
SX152,Sub-contract,Depth; 150 mm nominal dia. of base,m,35.16,1.1195,46.0295,Item-specific,1,item-specific
SX153,Sub-contract,Depth; 150 mm nominal dia. of base,m,43.95,1.1195,57.5368,Item-specific,1,item-specific
SX154,Sub-contract,Depth; 150 mm nominal dia. of base,m,56.24,1.1195,73.6262,Item-specific,1,item-specific
SX155,Sub-contract,Depth; 150 mm nominal dia. of base,m,9.1,1.1195,11.9132,Item-specific,1,item-specific
SX156,Sub-contract,Depth; 150 mm nominal dia. of base,m,12.73,1.1195,16.6654,Item-specific,1,item-specific
SX157,Sub-contract,Depth; 150 mm nominal dia. of base,m,18.21,1.1195,23.8395,Item-specific,1,item-specific
SX158,Sub-contract,Depth; 150 mm nominal dia. of base,hour,87.93,1.1195,115.113,Item-specific,1,item-specific
SX159,Sub-contract,Depth; 150 mm nominal dia. of base,hour,87.93,1.1195,115.113,Item-specific,1,item-specific
SX162,Sub-contract,Establishment of standard plant and equipment and removal on completion,item,42145.07,1.1195,55173.936,Item-specific,1,item-specific
SX163,Sub-contract,Setting up at each borehole position,nr,17.58,1.1195,23.0147,Item-specific,1,item-specific
SX165,Sub-contract,Depth without core recovery; nominal minimum core dia. 100 mm,m,99.82,1.1195,130.6787,Item-specific,1,item-specific
SX166,Sub-contract,Depth without core recovery; nominal minimum core dia. 100 mm,m,99.82,1.1195,130.6787,Item-specific,1,item-specific
SX167,Sub-contract,Depth without core recovery; nominal minimum core dia. 100 mm,m,110.47,1.1195,144.6211,Item-specific,1,item-specific
SX168,Sub-contract,Depth without core recovery; nominal minimum core dia. 100 mm,m,110.47,1.1195,144.6211,Item-specific,1,item-specific
SX170,Sub-contract,Depth with core recovery; nominal minimum core dia. 75 mm,m,163.71,1.1195,214.3198,Item-specific,1,item-specific
SX171,Sub-contract,Depth with core recovery; nominal minimum core dia. 75 mm,m,165.04,1.1195,216.061,Item-specific,1,item-specific
SX172,Sub-contract,Depth with core recovery; nominal minimum core dia. 75 mm,m,192.99,1.1195,252.6516,Item-specific,1,item-specific
SX173,Sub-contract,Depth with core recovery; nominal minimum core dia. 75 mm,m,263.53,1.1195,344.9985,Item-specific,1,item-specific
SX174,Sub-contract,Depth with core recovery; nominal minimum core dia. 75 mm,m,15.97,1.1195,20.907,Item-specific,1,item-specific
SX177,Sub-contract,General; From the surface or from trial pits and trenches,nr,28.59,1.1195,37.4284,Item-specific,1,item-specific
SX178,Sub-contract,General; From the surface or from trial pits and trenches,nr,4.48,1.1195,5.865,Item-specific,1,item-specific
SX179,Sub-contract,General; From the surface or from trial pits and trenches,nr,17.83,1.1195,23.342,Item-specific,1,item-specific
SX180,Sub-contract,General; From the surface or from trial pits and trenches,nr,7.93,1.1195,10.3815,Item-specific,1,item-specific
SX182,Sub-contract,From boreholes,nr,28.17,1.1195,36.8786,Item-specific,1,item-specific
SX183,Sub-contract,From boreholes,nr,4.36,1.1195,5.7079,Item-specific,1,item-specific
SX184,Sub-contract,From boreholes,nr,6.82,1.1195,8.9284,Item-specific,1,item-specific
SX185,Sub-contract,From boreholes,nr,6.94,1.1195,9.0855,Item-specific,1,item-specific
SX186,Sub-contract,From boreholes,nr,44,1.1195,57.6023,Item-specific,1,item-specific
SX187,Sub-contract,From boreholes,nr,44,1.1195,57.6023,Item-specific,1,item-specific
SX188,Sub-contract,From boreholes,nr,7.03,1.1195,9.2033,Item-specific,1,item-specific
SX191,Sub-contract,General; Pressure head,m,73.85,1.1195,96.6802,Item-specific,1,item-specific
SX192,Sub-contract,General; Pressure head,m,117.37,1.1195,153.6541,Item-specific,1,item-specific
SX193,Sub-contract,General; Pressure head,nr,191.22,1.1195,250.3344,Item-specific,1,item-specific
SX194,Sub-contract,General; Pressure head,nr,79.12,1.1195,103.5794,Item-specific,1,item-specific
SX197,Sub-contract,General; Classification,nr,7.43,1.1195,9.7269,Item-specific,1,item-specific
SX198,Sub-contract,General; Classification,nr,10.71,1.1195,14.0209,Item-specific,1,item-specific
SX199,Sub-contract,General; Classification,nr,44.67,1.1195,58.4794,Item-specific,1,item-specific
SX200,Sub-contract,General; Classification,nr,59.55,1.1195,77.9595,Item-specific,1,item-specific
SX202,Sub-contract,Chemical content,nr,47.65,1.1195,62.3807,Item-specific,1,item-specific
SX203,Sub-contract,Chemical content,nr,32.74,1.1195,42.8614,Item-specific,1,item-specific
SX204,Sub-contract,Chemical content,nr,10.43,1.1195,13.6544,Item-specific,1,item-specific
SX205,Sub-contract,Chemical content,nr,372.31,1.1195,487.4071,Item-specific,1,item-specific
SX206,Sub-contract,Chemical content,nr,260.6,1.1195,341.1627,Item-specific,1,item-specific
SX207,Sub-contract,Chemical content,nr,215.95,1.1195,282.7095,Item-specific,1,item-specific
SX208,Sub-contract,Chemical content,nr,193.6,1.1195,253.4501,Item-specific,1,item-specific
SX209,Sub-contract,Chemical content,nr,163.81,1.1195,214.4508,Item-specific,1,item-specific
SX210,Sub-contract,Chemical content,nr,163.81,1.1195,214.4508,Item-specific,1,item-specific
SX212,Sub-contract,Compaction,nr,193.59,1.1195,253.4371,Item-specific,1,item-specific
SX213,Sub-contract,Compaction,nr,193.6,1.1195,253.4501,Item-specific,1,item-specific
SX214,Sub-contract,Compaction,nr,215.95,1.1195,282.7095,Item-specific,1,item-specific
SX216,Sub-contract,Permeability,nr,89.36,1.1195,116.985,Item-specific,1,item-specific
SX219,Sub-contract,Soil strength (continued),nr,44.67,1.1195,58.4794,Item-specific,1,item-specific
SX220,Sub-contract,Soil strength (continued),nr,55.84,1.1195,73.1026,Item-specific,1,item-specific
SX221,Sub-contract,Soil strength (continued),nr,65.53,1.1195,85.7882,Item-specific,1,item-specific
SX223,Sub-contract,Rock strength,nr,96.23,1.1195,125.9789,Item-specific,1,item-specific
SX226,Sub-contract,General,hr,61.31,1.1195,80.2636,Item-specific,1,item-specific
SX227,Sub-contract,General,hr,84.1,1.1195,110.099,Item-specific,1,item-specific
SX229,Sub-contract,Engineer or geologist,hr,84.1,1.1195,110.099,Item-specific,1,item-specific
SX230,Sub-contract,Engineer or geologist,hr,104.28,1.1195,136.5175,Item-specific,1,item-specific
SX231,Sub-contract,Engineer or geologist,hr,139.71,1.1195,182.9004,Item-specific,1,item-specific
SX233,Sub-contract,Visits to the Site,nr,61.31,1.1195,80.2636,Item-specific,1,item-specific
SX234,Sub-contract,Visits to the Site,nr,84.1,1.1195,110.099,Item-specific,1,item-specific
SX235,Sub-contract,Visits to the Site,nr,104.28,1.1195,136.5175,Item-specific,1,item-specific
SX236,Sub-contract,Visits to the Site,nr,139.71,1.1195,182.9004,Item-specific,1,item-specific
SX237,Sub-contract,Visits to the Site,nr,117.19,1.1195,153.4185,Item-specific,1,item-specific
SX238,Sub-contract,Visits to the Site,nr,116.65,1.1195,152.7116,Item-specific,1,item-specific
SX239,Sub-contract,Visits to the Site,nr,151.92,1.1195,198.8851,Item-specific,1,item-specific
SX240,Sub-contract,Visits to the Site,nr,151.92,1.1195,198.8851,Item-specific,1,item-specific
SX245,Sub-contract,Establishment of standard drilling plant and equipment and removal on completion,item,16128.32,1.1195,21114.2821,Item-specific,1,item-specific
SX246,Sub-contract,Rate per hole,nr,161.28,1.1195,211.1386,Item-specific,1,item-specific
SX247,Sub-contract,Standing time,hour,351.73,1.1195,460.465,Item-specific,1,item-specific
SX248,Sub-contract,Multiple water pressure tests,nr,10.76,1.1195,14.0864,Item-specific,1,item-specific
SX250,Sub-contract,Drilling through material other than rock or artificial hard material; vertically downwards,m,30.76,1.1195,40.2692,Item-specific,1,item-specific
SX251,Sub-contract,Drilling through material other than rock or artificial hard material; vertically downwards,m,35.61,1.1195,46.6186,Item-specific,1,item-specific
SX252,Sub-contract,Drilling through material other than rock or artificial hard material; vertically downwards,m,42.19,1.1195,55.2328,Item-specific,1,item-specific
SX253,Sub-contract,Drilling through material other than rock or artificial hard material; vertically downwards,m,51.61,1.1195,67.5649,Item-specific,1,item-specific
SX255,Sub-contract,Downwards at an angle 0-45 deg to the vertical,m,30.76,1.1195,40.2692,Item-specific,1,item-specific
SX256,Sub-contract,Downwards at an angle 0-45 deg to the vertical,m,35.61,1.1195,46.6186,Item-specific,1,item-specific
SX257,Sub-contract,Downwards at an angle 0-45 deg to the vertical,m,42.19,1.1195,55.2328,Item-specific,1,item-specific
SX258,Sub-contract,Downwards at an angle 0-45 deg to the vertical,m,51.61,1.1195,67.5649,Item-specific,1,item-specific
SX260,Sub-contract,Horizontally or downwards at an angle less than 45 deg to the horizontal,m,30.76,1.1195,40.2692,Item-specific,1,item-specific
SX261,Sub-contract,Horizontally or downwards at an angle less than 45 deg to the horizontal,m,35.61,1.1195,46.6186,Item-specific,1,item-specific
SX262,Sub-contract,Horizontally or downwards at an angle less than 45 deg to the horizontal,m,42.19,1.1195,55.2328,Item-specific,1,item-specific
SX263,Sub-contract,Horizontally or downwards at an angle less than 45 deg to the horizontal,m,51.61,1.1195,67.5649,Item-specific,1,item-specific
SX265,Sub-contract,Upwards at an angle 0-45 deg to the horizontal,m,50.67,1.1195,66.3343,Item-specific,1,item-specific
SX266,Sub-contract,Upwards at an angle 0-45 deg to the horizontal,m,61.63,1.1195,80.6825,Item-specific,1,item-specific
SX267,Sub-contract,Upwards at an angle 0-45 deg to the horizontal,m,65.73,1.1195,86.05,Item-specific,1,item-specific
SX268,Sub-contract,Upwards at an angle 0-45 deg to the horizontal,m,70.12,1.1195,91.7971,Item-specific,1,item-specific
SX270,Sub-contract,Upwards at an angle less than 45 deg to the vertical,m,50.67,1.1195,66.3343,Item-specific,1,item-specific
SX271,Sub-contract,Upwards at an angle less than 45 deg to the vertical,m,61.63,1.1195,80.6825,Item-specific,1,item-specific
SX272,Sub-contract,Upwards at an angle less than 45 deg to the vertical,m,65.73,1.1195,86.05,Item-specific,1,item-specific
SX273,Sub-contract,Upwards at an angle less than 45 deg to the vertical,m,70.12,1.1195,91.7971,Item-specific,1,item-specific
SX275,Sub-contract,Drilling through rock or artificial hard material; vertically downwards,m,32.94,1.1195,43.1232,Item-specific,1,item-specific
SX276,Sub-contract,Drilling through rock or artificial hard material; vertically downwards,m,40.44,1.1195,52.9418,Item-specific,1,item-specific
SX277,Sub-contract,Drilling through rock or artificial hard material; vertically downwards,m,49.21,1.1195,64.4229,Item-specific,1,item-specific
SX278,Sub-contract,Drilling through rock or artificial hard material; vertically downwards,m,61.51,1.1195,80.5254,Item-specific,1,item-specific
SX280,Sub-contract,Drilling through rock or artificial hard material; downwards at an angle 0-45 deg to the vertical,m,32.94,1.1195,43.1232,Item-specific,1,item-specific
SX281,Sub-contract,Drilling through rock or artificial hard material; downwards at an angle 0-45 deg to the vertical,m,40.44,1.1195,52.9418,Item-specific,1,item-specific
SX282,Sub-contract,Drilling through rock or artificial hard material; downwards at an angle 0-45 deg to the vertical,m,49.21,1.1195,64.4229,Item-specific,1,item-specific
SX283,Sub-contract,Drilling through rock or artificial hard material; downwards at an angle 0-45 deg to the vertical,m,61.51,1.1195,80.5254,Item-specific,1,item-specific
SX285,Sub-contract,Drilling through rock or artificial hard material; horizontally or downwards at an angle less than 45 deg to the horizon,m,32.94,1.1195,43.1232,Item-specific,1,item-specific
SX286,Sub-contract,Drilling through rock or artificial hard material; horizontally or downwards at an angle less than 45 deg to the horizon,m,40.44,1.1195,52.9418,Item-specific,1,item-specific
SX287,Sub-contract,Drilling through rock or artificial hard material; horizontally or downwards at an angle less than 45 deg to the horizon,m,49.21,1.1195,64.4229,Item-specific,1,item-specific
SX288,Sub-contract,Drilling through rock or artificial hard material; horizontally or downwards at an angle less than 45 deg to the horizon,m,61.51,1.1195,80.5254,Item-specific,1,item-specific
SX290,Sub-contract,Drilling through rock or artificial hard material; upwards at an angle 0-45 deg to the horizontal,m,36.98,1.1195,48.4121,Item-specific,1,item-specific
SX291,Sub-contract,Drilling through rock or artificial hard material; upwards at an angle 0-45 deg to the horizontal,m,70.12,1.1195,91.7971,Item-specific,1,item-specific
SX292,Sub-contract,Drilling through rock or artificial hard material; upwards at an angle 0-45 deg to the horizontal,m,79.7,1.1195,104.3387,Item-specific,1,item-specific
SX293,Sub-contract,Drilling through rock or artificial hard material; upwards at an angle 0-45 deg to the horizontal,m,89.43,1.1195,117.0767,Item-specific,1,item-specific
SX296,Sub-contract,Drilling through rock or artificial hard material; upwards at an angle less than 45 deg to the horizontal (continued),m,36.98,1.1195,48.4121,Item-specific,1,item-specific
SX297,Sub-contract,Drilling through rock or artificial hard material; upwards at an angle less than 45 deg to the horizontal (continued),m,70.12,1.1195,91.7971,Item-specific,1,item-specific
SX298,Sub-contract,Drilling through rock or artificial hard material; upwards at an angle less than 45 deg to the horizontal (continued),m,79.7,1.1195,104.3387,Item-specific,1,item-specific
SX299,Sub-contract,Drilling through rock or artificial hard material; upwards at an angle less than 45 deg to the horizontal (continued),m,89.43,1.1195,117.0767,Item-specific,1,item-specific
SX303,Sub-contract,Materials,t,200.69,1.1195,262.732,Item-specific,1,item-specific
SX304,Sub-contract,Materials,t,204.34,1.1195,267.5103,Item-specific,1,item-specific
SX305,Sub-contract,Materials,t,296.65,1.1195,388.3574,Item-specific,1,item-specific
SX306,Sub-contract,Materials,t,28.77,1.1195,37.6641,Item-specific,1,item-specific
SX307,Sub-contract,Materials,t,37.73,1.1195,49.394,Item-specific,1,item-specific
SX308,Sub-contract,Materials,t,37.73,1.1195,49.394,Item-specific,1,item-specific
SX309,Sub-contract,Materials,t,259.11,1.1195,339.2121,Item-specific,1,item-specific
SX311,Sub-contract,Injection,item,18125.94,1.1195,23729.4529,Item-specific,1,item-specific
SX312,Sub-contract,Injection,hr,351.73,1.1195,460.465,Item-specific,1,item-specific
SX313,Sub-contract,Injection,nr,109.4,1.1195,143.2203,Item-specific,1,item-specific
SX314,Sub-contract,Injection,t,185.95,1.1195,243.4352,Item-specific,1,item-specific
SX315,Sub-contract,Injection,t,114.33,1.1195,149.6744,Item-specific,1,item-specific
SX319,Sub-contract,Establishment of standard plant and equipment including bentonite storage tanks and removal on completion,item,549099.11,1.1195,718849.4209,Item-specific,1,item-specific
SX320,Sub-contract,Standing time,hour,1406.91,1.1195,1841.8468,Item-specific,1,item-specific
SX321,Sub-contract,"Excavation, disposal of soil and placing of concrete",m3,713.14,1.1195,933.6025,Item-specific,1,item-specific
SX322,Sub-contract,Provide and place reinforcement cages,tonne,1215.52,1.1195,1591.2899,Item-specific,1,item-specific
SX323,Sub-contract,Excavate/chisel in hard material/rock,hour,1579.31,1.1195,2067.5431,Item-specific,1,item-specific
SX324,Sub-contract,Waterproofed joints,m,10.54,1.1195,13.7984,Item-specific,1,item-specific
SX325,Sub-contract,Guide walls (twin),m,861.57,1.1195,1127.9186,Item-specific,1,item-specific
SX329,Sub-contract,Establishment of standard plant and equipment and removal on completion,item,18125.94,1.1195,23729.4529,Item-specific,1,item-specific
SX330,Sub-contract,Standing time,hour,351.73,1.1195,460.465,Item-specific,1,item-specific
SX332,Sub-contract,Ground anchorages; temporary or permanent,m,62.32,1.1195,81.5858,Item-specific,1,item-specific
SX333,Sub-contract,Ground anchorages; temporary or permanent,m,88.02,1.1195,115.2308,Item-specific,1,item-specific
SX334,Sub-contract,Ground anchorages; temporary or permanent,m,181.09,1.1195,237.0728,Item-specific,1,item-specific
SX336,Sub-contract,Temporary tendons,m,47.76,1.1195,62.5247,Item-specific,1,item-specific
SX337,Sub-contract,Temporary tendons,m,69.12,1.1195,90.488,Item-specific,1,item-specific
SX3376,Sub-contract,Members for Frames; Columns,t,1864.45,1.1195,2440.8322,Item-specific,1,item-specific
SX3377,Sub-contract,Members for Frames; Columns,t,2272.56,1.1195,2975.1067,Item-specific,1,item-specific
SX3378,Sub-contract,Members for Frames; Columns,t,2159.61,1.1195,2827.239,Item-specific,1,item-specific
SX338,Sub-contract,Temporary tendons,m,91.75,1.1195,120.1139,Item-specific,1,item-specific
SX3380,Sub-contract,Beams,t,1734.95,1.1195,2271.2982,Item-specific,1,item-specific
SX3381,Sub-contract,Beams,t,2175.62,1.1195,2848.1983,Item-specific,1,item-specific
SX3382,Sub-contract,Beams,t,2108.7,1.1195,2760.5905,Item-specific,1,item-specific
SX3383,Sub-contract,Beams,t,3490.09,1.1195,4569.0279,Item-specific,1,item-specific
SX3384,Sub-contract,Beams,t,2253.65,1.1195,2950.3508,Item-specific,1,item-specific
SX3386,Sub-contract,Portal frames,t,2617.68,1.1195,3426.9182,Item-specific,1,item-specific
SX3388,Sub-contract,"Trestles, towers and built-up columns",t,2894.01,1.1195,3788.6738,Item-specific,1,item-specific
SX3390,Sub-contract,Trusses and built-up girders,t,2908.54,1.1195,3807.6957,Item-specific,1,item-specific
SX3391,Sub-contract,Trusses and built-up girders,t,3635.69,1.1195,4759.6392,Item-specific,1,item-specific
SX3393,Sub-contract,Bracings,t,2480.99,1.1195,3247.9714,Item-specific,1,item-specific
SX3394,Sub-contract,Bracings,t,2837.3,1.1195,3714.4323,Item-specific,1,item-specific
SX3396,Sub-contract,Purlins and cladding rails,t,1715.47,1.1195,2245.7961,Item-specific,1,item-specific
SX3398,Sub-contract,Cold rolled purlins and rails,t,3507.82,1.1195,4592.2391,Item-specific,1,item-specific
SX3399,Sub-contract,Cold rolled purlins and rails,t,3562.96,1.1195,4664.4252,Item-specific,1,item-specific
SX340,Sub-contract,Permanent tendons,m,47.76,1.1195,62.5247,Item-specific,1,item-specific
SX3402,Sub-contract,Erection of Frames,t,839.29,1.1195,1098.7509,Item-specific,1,item-specific
SX3403,Sub-contract,Erection of Frames,t,839.29,1.1195,1098.7509,Item-specific,1,item-specific
SX3407,Sub-contract,Surface Treatment to Frames,m2,4.37,1.1195,5.721,Item-specific,1,item-specific
SX3408,Sub-contract,Surface Treatment to Frames,m2,21.83,1.1195,28.5786,Item-specific,1,item-specific
SX341,Sub-contract,Permanent tendons,m,69.12,1.1195,90.488,Item-specific,1,item-specific
SX3410,Sub-contract,Painting,m2,7.26,1.1195,9.5044,Item-specific,1,item-specific
SX3411,Sub-contract,Painting,m2,7.26,1.1195,9.5044,Item-specific,1,item-specific
SX3412,Sub-contract,Painting,m2,21.83,1.1195,28.5786,Item-specific,1,item-specific
SX342,Sub-contract,Permanent tendons,m,146.79,1.1195,192.1691,Item-specific,1,item-specific
SX346,Sub-contract,Establishment of standard plant and equipment and removal on completion,item,10875.57,1.1195,14237.6796,Item-specific,1,item-specific
SX347,Sub-contract,Standing time,hour,351.73,1.1195,460.465,Item-specific,1,item-specific
SX348,Sub-contract,Set up installation equipment at each drain position Install drains maximum depth 10-15 m,nr,2.76,1.1195,3.6132,Item-specific,1,item-specific
SX349,Sub-contract,Install drains maximum depth over 15 m,m,2.57,1.1195,3.3645,Item-specific,1,item-specific
SX351,Sub-contract,establishment of standard drilling plant and equipment and removal on completion,item,3688.02,1.1195,4828.1467,Item-specific,1,item-specific
SX352,Sub-contract,set up at each drain position,nr,8.94,1.1195,11.7037,Item-specific,1,item-specific
SX353,Sub-contract,drilling for vertical band drains up to a maximum depth of 3 m,m,19.4,1.1195,25.3974,Item-specific,1,item-specific
SX361,Sub-contract,Plant mobilization,m,7249.14,1.1195,9490.1631,Item-specific,1,item-specific
SX365,Sub-contract,Construct stone columns to a depth ne 4 m,m,489.89,1.1195,641.3362,Item-specific,1,item-specific
SX367,Sub-contract,Plate bearing test,nr,761.83,1.1195,997.3446,Item-specific,1,item-specific
SX368,Sub-contract,Plate bearing test,nr,15236.55,1.1195,19946.8273,Item-specific,1,item-specific
SX370,Sub-contract,Vibro flotation,m,2436.35,1.1195,3189.5313,Item-specific,1,item-specific
SX371,Sub-contract,Vibro flotation,m,3070.38,1.1195,4019.5674,Item-specific,1,item-specific
SX372,Sub-contract,Vibro flotation,m,4283.89,1.1195,5608.2259,Item-specific,1,item-specific
SX373,Sub-contract,Vibro flotation,m,6924.55,1.1195,9065.2282,Item-specific,1,item-specific
SX378,Sub-contract,DYNAMIC COMPACTION,item,19700.58,1.1195,25790.8823,Item-specific,1,item-specific
SX379,Sub-contract,DYNAMIC COMPACTION,m2,3.09,1.1195,4.0453,Item-specific,1,item-specific
SX380,Sub-contract,DYNAMIC COMPACTION,m2,15.04,1.1195,19.6895,Item-specific,1,item-specific
SX381,Sub-contract,DYNAMIC COMPACTION,m2,6.61,1.1195,8.6534,Item-specific,1,item-specific
SX382,Sub-contract,DYNAMIC COMPACTION,nr,14108.16,1.1195,18469.6031,Item-specific,1,item-specific
SX385,Sub-contract,CONSOLIDATION OF ABANDONED MINE WORKINGS,item,665.39,1.1195,871.0909,Item-specific,1,item-specific
SX3852,Sub-contract,Add to the above rates where tipping charges apply (excluding Landfill Tax),m3,69.91,1.1195,91.5222,Item-specific,1,item-specific
SX3853,Sub-contract,Add to the above rates where tipping charges apply (excluding Landfill Tax),m3,209.67,1.1195,274.4881,Item-specific,1,item-specific
SX3854,Sub-contract,Add to the above rates where tipping charges apply (excluding Landfill Tax),m3,221.35,1.1195,289.7789,Item-specific,1,item-specific
SX3855,Sub-contract,Add to the above rates where tipping charges apply (excluding Landfill Tax),m3,279.56,1.1195,365.9841,Item-specific,1,item-specific
SX3856,Sub-contract,Add to the above rates where tipping charges apply (excluding Landfill Tax),m3,349.51,1.1195,457.5587,Item-specific,1,item-specific
SX3858,Sub-contract,Add to the above rates where Landfill Tax applies,m3,6.08,1.1195,7.9596,Item-specific,1,item-specific
SX3859,Sub-contract,Add to the above rates where Landfill Tax applies,m3,189.23,1.1195,247.7292,Item-specific,1,item-specific
SX3864,Sub-contract,Dia.: 300 mm,nr,431.32,1.1195,564.6597,Item-specific,1,item-specific
SX3865,Sub-contract,Dia.: 300 mm,m,19.64,1.1195,25.7116,Item-specific,1,item-specific
SX3866,Sub-contract,Dia.: 300 mm,m,60.82,1.1195,79.6221,Item-specific,1,item-specific
SX3867,Sub-contract,Dia.: 300 mm,m,60.82,1.1195,79.6221,Item-specific,1,item-specific
SX3868,Sub-contract,Dia.: 300 mm,m,60.82,1.1195,79.6221,Item-specific,1,item-specific
SX387,Sub-contract,Drilling bore holes,nr,58.67,1.1195,76.8074,Item-specific,1,item-specific
SX3870,Sub-contract,Dia.: 450 mm,nr,431.32,1.1195,564.6597,Item-specific,1,item-specific
SX3871,Sub-contract,Dia.: 450 mm,m,24.32,1.1195,31.8384,Item-specific,1,item-specific
SX3872,Sub-contract,Dia.: 450 mm,m,76.07,1.1195,99.5865,Item-specific,1,item-specific
SX3873,Sub-contract,Dia.: 450 mm,m,76.09,1.1195,99.6127,Item-specific,1,item-specific
SX3874,Sub-contract,Dia.: 450 mm,m,76.09,1.1195,99.6127,Item-specific,1,item-specific
SX3876,Sub-contract,Dia.: 600 mm,nr,431.32,1.1195,564.6597,Item-specific,1,item-specific
SX3877,Sub-contract,Dia.: 600 mm,m,62.29,1.1195,81.5465,Item-specific,1,item-specific
SX3878,Sub-contract,Dia.: 600 mm,m,135.02,1.1195,176.7605,Item-specific,1,item-specific
SX388,Sub-contract,Drilling bore holes,m,16.31,1.1195,21.3521,Item-specific,1,item-specific
SX3880,Sub-contract,"Concrete 35 N/mm2, 20 mm aggregate; installed by lorry/crawler-mounted rotary rig; Dia.: 600 mm (continued)",m,135.7,1.1195,177.6507,Item-specific,1,item-specific
SX3881,Sub-contract,"Concrete 35 N/mm2, 20 mm aggregate; installed by lorry/crawler-mounted rotary rig; Dia.: 600 mm (continued)",m,135.7,1.1195,177.6507,Item-specific,1,item-specific
SX3886,Sub-contract,Dia.: 300 mm,nr,496.8,1.1195,650.3824,Item-specific,1,item-specific
SX3887,Sub-contract,Dia.: 300 mm,m,25.53,1.1195,33.4224,Item-specific,1,item-specific
SX3888,Sub-contract,Dia.: 300 mm,nr,30.41,1.1195,39.811,Item-specific,1,item-specific
SX3889,Sub-contract,Dia.: 300 mm,nr,24.33,1.1195,31.8515,Item-specific,1,item-specific
SX389,Sub-contract,Drilling bore holes,m,28.52,1.1195,37.3368,Item-specific,1,item-specific
SX3890,Sub-contract,Dia.: 300 mm,nr,24.33,1.1195,31.8515,Item-specific,1,item-specific
SX3892,Sub-contract,Dia.: 450 mm,nr,496.8,1.1195,650.3824,Item-specific,1,item-specific
SX3893,Sub-contract,Dia.: 450 mm,m,48.65,1.1195,63.6898,Item-specific,1,item-specific
SX3894,Sub-contract,Dia.: 450 mm,nr,30.43,1.1195,39.8372,Item-specific,1,item-specific
SX3895,Sub-contract,Dia.: 450 mm,nr,30.43,1.1195,39.8372,Item-specific,1,item-specific
SX3896,Sub-contract,Dia.: 450 mm,nr,38.04,1.1195,49.7998,Item-specific,1,item-specific
SX3898,Sub-contract,Dia.: 600 mm,nr,496.8,1.1195,650.3824,Item-specific,1,item-specific
SX3899,Sub-contract,Dia.: 600 mm,m,74.74,1.1195,97.8454,Item-specific,1,item-specific
SX390,Sub-contract,Drilling bore holes,m,24.43,1.1195,31.9824,Item-specific,1,item-specific
SX3900,Sub-contract,Dia.: 600 mm,nr,40.51,1.1195,53.0334,Item-specific,1,item-specific
SX3901,Sub-contract,Dia.: 600 mm,nr,38,1.1195,49.7474,Item-specific,1,item-specific
SX3902,Sub-contract,Dia.: 600 mm,nr,33.92,1.1195,44.4061,Item-specific,1,item-specific
SX391,Sub-contract,Drilling bore holes,hr,163,1.1195,213.3904,Item-specific,1,item-specific
SX3910,Sub-contract,Dia. 430 mm; drive shell and form pile,nr,359,1.1195,469.9824,Item-specific,1,item-specific
SX3911,Sub-contract,Dia. 430 mm; drive shell and form pile,m,37.59,1.1195,49.2107,Item-specific,1,item-specific
SX3912,Sub-contract,Dia. 430 mm; drive shell and form pile,m,9.43,1.1195,12.3452,Item-specific,1,item-specific
SX3913,Sub-contract,Dia. 430 mm; drive shell and form pile,m,5.42,1.1195,7.0956,Item-specific,1,item-specific
SX3918,Sub-contract,Dia. 620 mm,nr,212.7,1.1195,278.4548,Item-specific,1,item-specific
SX3919,Sub-contract,Dia. 620 mm,m,245.87,1.1195,321.8791,Item-specific,1,item-specific
SX3920,Sub-contract,Dia. 620 mm,m,15.52,1.1195,20.3179,Item-specific,1,item-specific
SX3922,Sub-contract,Dia. 1180 mm,nr,212.7,1.1195,278.4548,Item-specific,1,item-specific
SX3923,Sub-contract,Dia. 1180 mm,m,269.52,1.1195,352.8403,Item-specific,1,item-specific
SX3924,Sub-contract,Dia. 1180 mm,m,24.52,1.1195,32.1002,Item-specific,1,item-specific
SX3926,Sub-contract,Dia. 1500 mm,nr,212.7,1.1195,278.4548,Item-specific,1,item-specific
SX3927,Sub-contract,Dia. 1500 mm,m,363.14,1.1195,475.4023,Item-specific,1,item-specific
SX3928,Sub-contract,Dia. 1500 mm,m,38.82,1.1195,50.8209,Item-specific,1,item-specific
SX393,Sub-contract,Grouting drilled bore holes,m,32.02,1.1195,41.9188,Item-specific,1,item-specific
SX394,Sub-contract,Grouting drilled bore holes,t,128.15,1.1195,167.7667,Item-specific,1,item-specific
SX3940,Sub-contract,Cross-sectional area: 0.05-0.1 m2; 235 x 235 mm,nr,555.35,1.1195,727.0327,Item-specific,1,item-specific
SX3941,Sub-contract,Cross-sectional area: 0.05-0.1 m2; 235 x 235 mm,nr,736.39,1.1195,964.04,Item-specific,1,item-specific
SX3942,Sub-contract,Cross-sectional area: 0.05-0.1 m2; 235 x 235 mm,nr,917.43,1.1195,1201.0473,Item-specific,1,item-specific
SX3943,Sub-contract,Cross-sectional area: 0.05-0.1 m2; 235 x 235 mm,nr,1098.47,1.1195,1438.0546,Item-specific,1,item-specific
SX3944,Sub-contract,Cross-sectional area: 0.05-0.1 m2; 235 x 235 mm,nr,102.18,1.1195,133.7683,Item-specific,1,item-specific
SX3945,Sub-contract,Cross-sectional area: 0.05-0.1 m2; 235 x 235 mm,m,4.67,1.1195,6.1137,Item-specific,1,item-specific
SX3947,Sub-contract,Cross-sectional area: 0.05-0.1 m2; 275 x 275 mm,nr,618.22,1.1195,809.3386,Item-specific,1,item-specific
SX3948,Sub-contract,Cross-sectional area: 0.05-0.1 m2; 275 x 275 mm,nr,830.7,1.1195,1087.5053,Item-specific,1,item-specific
SX3949,Sub-contract,Cross-sectional area: 0.05-0.1 m2; 275 x 275 mm,nr,1043.17,1.1195,1365.659,Item-specific,1,item-specific
SX395,Sub-contract,Grouting drilled bore holes,t,150.63,1.1195,197.1963,Item-specific,1,item-specific
SX3950,Sub-contract,Cross-sectional area: 0.05-0.1 m2; 275 x 275 mm,nr,1255.64,1.1195,1643.8127,Item-specific,1,item-specific
SX3951,Sub-contract,Cross-sectional area: 0.05-0.1 m2; 275 x 275 mm,nr,106.6,1.1195,139.5547,Item-specific,1,item-specific
SX3952,Sub-contract,Cross-sectional area: 0.05-0.1 m2; 275 x 275 mm,m,4.92,1.1195,6.441,Item-specific,1,item-specific
SX3954,Sub-contract,Cross-sectional area: 0.1-0.15 m2; 350 x 350 mm,nr,953.35,1.1195,1248.0718,Item-specific,1,item-specific
SX3955,Sub-contract,Cross-sectional area: 0.1-0.15 m2; 350 x 350 mm,nr,1288.25,1.1195,1686.5039,Item-specific,1,item-specific
SX3956,Sub-contract,Cross-sectional area: 0.1-0.15 m2; 350 x 350 mm,nr,1623.15,1.1195,2124.9359,Item-specific,1,item-specific
SX3957,Sub-contract,Cross-sectional area: 0.1-0.15 m2; 350 x 350 mm,nr,1958.04,1.1195,2563.3549,Item-specific,1,item-specific
SX3958,Sub-contract,Cross-sectional area: 0.1-0.15 m2; 350 x 350 mm,nr,2292.94,1.1195,3001.787,Item-specific,1,item-specific
SX3959,Sub-contract,Cross-sectional area: 0.1-0.15 m2; 350 x 350 mm,nr,204.31,1.1195,267.4711,Item-specific,1,item-specific
SX396,Sub-contract,Grouting drilled bore holes,hour,269.89,1.1195,353.3247,Item-specific,1,item-specific
SX3960,Sub-contract,Cross-sectional area: 0.1-0.15 m2; 350 x 350 mm,m,6.99,1.1195,9.1509,Item-specific,1,item-specific
SX3968,Sub-contract,Cross-sectional area: 0.05-0.1 m2; 225 x 225 mm,nr,912.29,1.1195,1194.3183,Item-specific,1,item-specific
SX3969,Sub-contract,Cross-sectional area: 0.05-0.1 m2; 225 x 225 mm,nr,1231.39,1.1195,1612.066,Item-specific,1,item-specific
SX3970,Sub-contract,Cross-sectional area: 0.05-0.1 m2; 225 x 225 mm,nr,1550.48,1.1195,2029.8005,Item-specific,1,item-specific
SX3971,Sub-contract,Cross-sectional area: 0.05-0.1 m2; 225 x 225 mm,m,6.45,1.1195,8.444,Item-specific,1,item-specific
SX3973,Sub-contract,Cross-sectional area: 0.05-0.1 m2; 300 x 300 mm,nr,1461.79,1.1195,1913.6926,Item-specific,1,item-specific
SX3974,Sub-contract,Cross-sectional area: 0.05-0.1 m2; 300 x 300 mm,nr,1918.07,1.1195,2511.0285,Item-specific,1,item-specific
SX3975,Sub-contract,Cross-sectional area: 0.05-0.1 m2; 300 x 300 mm,nr,2374.35,1.1195,3108.3644,Item-specific,1,item-specific
SX3976,Sub-contract,Cross-sectional area: 0.05-0.1 m2; 300 x 300 mm,m,11.13,1.1195,14.5708,Item-specific,1,item-specific
SX3978,Sub-contract,Cross-sectional area: 0.1-0.15 m2; 350 x 350 mm,nr,2028.56,1.1195,2655.6757,Item-specific,1,item-specific
SX3979,Sub-contract,Cross-sectional area: 0.1-0.15 m2; 350 x 350 mm,nr,2815.81,1.1195,3686.2988,Item-specific,1,item-specific
SX398,Sub-contract,Provide materials for grouting,t,200.69,1.1195,262.732,Item-specific,1,item-specific
SX3980,Sub-contract,Cross-sectional area: 0.1-0.15 m2; 350 x 350 mm,nr,2957.58,1.1195,3871.896,Item-specific,1,item-specific
SX3981,Sub-contract,Cross-sectional area: 0.1-0.15 m2; 350 x 350 mm,m,7.41,1.1195,9.7008,Item-specific,1,item-specific
SX3983,Sub-contract,Cross-sectional area: 0.15-0.25 m2; 450 x 450 mm,nr,2338.76,1.1195,3061.772,Item-specific,1,item-specific
SX3984,Sub-contract,Cross-sectional area: 0.15-0.25 m2; 450 x 450 mm,nr,3830.56,1.1195,5014.752,Item-specific,1,item-specific
SX3985,Sub-contract,Cross-sectional area: 0.15-0.25 m2; 450 x 450 mm,nr,4866.21,1.1195,6370.5662,Item-specific,1,item-specific
SX3986,Sub-contract,Cross-sectional area: 0.15-0.25 m2; 450 x 450 mm,nr,6178.78,1.1195,8088.9084,Item-specific,1,item-specific
SX3987,Sub-contract,Cross-sectional area: 0.15-0.25 m2; 450 x 450 mm,m,9.05,1.1195,11.8477,Item-specific,1,item-specific
SX399,Sub-contract,Provide materials for grouting,t,204.34,1.1195,267.5103,Item-specific,1,item-specific
SX3991,Sub-contract,Cross-sectional area: 0.05-0.1 m2; 225 x 225 mm,nr,1513.19,1.1195,1980.9826,Item-specific,1,item-specific
SX3992,Sub-contract,Cross-sectional area: 0.05-0.1 m2; 225 x 225 mm,nr,1810,1.1195,2369.5494,Item-specific,1,item-specific
SX3993,Sub-contract,Cross-sectional area: 0.05-0.1 m2; 225 x 225 mm,nr,2106.8,1.1195,2758.1031,Item-specific,1,item-specific
SX3994,Sub-contract,Cross-sectional area: 0.05-0.1 m2; 225 x 225 mm,m,5.37,1.1195,7.0301,Item-specific,1,item-specific
SX3996,Sub-contract,Cross-sectional area: 0.05-0.1 m2; 300 x 300 mm,nr,1954.13,1.1195,2558.2362,Item-specific,1,item-specific
SX3997,Sub-contract,Cross-sectional area: 0.05-0.1 m2; 300 x 300 mm,nr,2462.93,1.1195,3224.3283,Item-specific,1,item-specific
SX3998,Sub-contract,Cross-sectional area: 0.05-0.1 m2; 300 x 300 mm,nr,3229.93,1.1195,4228.4412,Item-specific,1,item-specific
SX3999,Sub-contract,Cross-sectional area: 0.05-0.1 m2; 300 x 300 mm,m,9.28,1.1195,12.1488,Item-specific,1,item-specific
SX400,Sub-contract,Provide materials for grouting,t,28.77,1.1195,37.6641,Item-specific,1,item-specific
SX4001,Sub-contract,Cross-sectional area: 0.1-0.15 m2; 350 x 350 mm,nr,2714.68,1.1195,3553.9051,Item-specific,1,item-specific
SX4002,Sub-contract,Cross-sectional area: 0.1-0.15 m2; 350 x 350 mm,nr,2876.78,1.1195,3766.1173,Item-specific,1,item-specific
SX4003,Sub-contract,Cross-sectional area: 0.1-0.15 m2; 350 x 350 mm,nr,3167.97,1.1195,4147.3267,Item-specific,1,item-specific
SX4004,Sub-contract,Cross-sectional area: 0.1-0.15 m2; 350 x 350 mm,m,7.41,1.1195,9.7008,Item-specific,1,item-specific
SX4006,Sub-contract,Cross-sectional area: 0.15-0.25 m2; 450 x 450 mm,nr,3268.84,1.1195,4279.38,Item-specific,1,item-specific
SX4007,Sub-contract,Cross-sectional area: 0.15-0.25 m2; 450 x 450 mm,nr,4413.79,1.1195,5778.2836,Item-specific,1,item-specific
SX4009,Sub-contract,Greenheart; Cross-sectional area: 0.15-0.25 m2; 450 x 450 mm (continued),nr,5558.74,1.1195,7277.1872,Item-specific,1,item-specific
SX401,Sub-contract,Provide materials for grouting,t,37.73,1.1195,49.394,Item-specific,1,item-specific
SX4010,Sub-contract,Greenheart; Cross-sectional area: 0.15-0.25 m2; 450 x 450 mm (continued),nr,6703.7,1.1195,8776.1039,Item-specific,1,item-specific
SX4011,Sub-contract,Greenheart; Cross-sectional area: 0.15-0.25 m2; 450 x 450 mm (continued),m,9.05,1.1195,11.8477,Item-specific,1,item-specific
SX4018,Sub-contract,Mass 45 kg/m; 203 x 203 mm,nr,8635.73,1.1195,11305.4081,Item-specific,1,item-specific
SX4019,Sub-contract,Mass 45 kg/m; 203 x 203 mm,nr,8635.74,1.1195,11305.4212,Item-specific,1,item-specific
SX402,Sub-contract,Provide materials for grouting,t,314.46,1.1195,411.6732,Item-specific,1,item-specific
SX4020,Sub-contract,Mass 45 kg/m; 203 x 203 mm,nr,8635.73,1.1195,11305.4081,Item-specific,1,item-specific
SX4021,Sub-contract,Mass 45 kg/m; 203 x 203 mm,m,6.23,1.1195,8.156,Item-specific,1,item-specific
SX4022,Sub-contract,Mass 45 kg/m; 203 x 203 mm,m,10.25,1.1195,13.4187,Item-specific,1,item-specific
SX4024,Sub-contract,Mass 54 kg/m; 203 x 203 mm,nr,8635.73,1.1195,11305.4081,Item-specific,1,item-specific
SX4025,Sub-contract,Mass 54 kg/m; 203 x 203 mm,nr,8635.73,1.1195,11305.4081,Item-specific,1,item-specific
SX4026,Sub-contract,Mass 54 kg/m; 203 x 203 mm,nr,7213.9,1.1195,9444.0289,Item-specific,1,item-specific
SX4027,Sub-contract,Mass 54 kg/m; 203 x 203 mm,m,5.19,1.1195,6.7945,Item-specific,1,item-specific
SX4028,Sub-contract,Mass 54 kg/m; 203 x 203 mm,m,8.54,1.1195,11.1801,Item-specific,1,item-specific
SX403,Sub-contract,Provide materials for grouting,t,259.11,1.1195,339.2121,Item-specific,1,item-specific
SX4030,Sub-contract,Mass 63 kg/m; 254 x 254 mm,nr,7213.9,1.1195,9444.0289,Item-specific,1,item-specific
SX4031,Sub-contract,Mass 63 kg/m; 254 x 254 mm,nr,7213.9,1.1195,9444.0289,Item-specific,1,item-specific
SX4032,Sub-contract,Mass 63 kg/m; 254 x 254 mm,nr,7213.91,1.1195,9444.0419,Item-specific,1,item-specific
SX4033,Sub-contract,Mass 63 kg/m; 254 x 254 mm,m,5.8,1.1195,7.593,Item-specific,1,item-specific
SX4034,Sub-contract,Mass 63 kg/m; 254 x 254 mm,m,8.89,1.1195,11.6383,Item-specific,1,item-specific
SX4036,Sub-contract,Mass 71 kg/m; 254 x 254 mm,nr,7213.9,1.1195,9444.0289,Item-specific,1,item-specific
SX4037,Sub-contract,Mass 71 kg/m; 254 x 254 mm,nr,7213.9,1.1195,9444.0289,Item-specific,1,item-specific
SX4038,Sub-contract,Mass 71 kg/m; 254 x 254 mm,nr,7213.9,1.1195,9444.0289,Item-specific,1,item-specific
SX4039,Sub-contract,Mass 71 kg/m; 254 x 254 mm,m,5.8,1.1195,7.593,Item-specific,1,item-specific
SX404,Sub-contract,Provide materials for grouting,t,296.65,1.1195,388.3574,Item-specific,1,item-specific
SX4040,Sub-contract,Mass 71 kg/m; 254 x 254 mm,m,8.89,1.1195,11.6383,Item-specific,1,item-specific
SX4042,Sub-contract,Mass 85 kg/m; 254 x 254 mm,nr,7213.9,1.1195,9444.0289,Item-specific,1,item-specific
SX4043,Sub-contract,Mass 85 kg/m; 254 x 254 mm,nr,7213.9,1.1195,9444.0289,Item-specific,1,item-specific
SX4044,Sub-contract,Mass 85 kg/m; 254 x 254 mm,nr,7213.9,1.1195,9444.0289,Item-specific,1,item-specific
SX4045,Sub-contract,Mass 85 kg/m; 254 x 254 mm,m,5.8,1.1195,7.593,Item-specific,1,item-specific
SX4046,Sub-contract,Mass 85 kg/m; 254 x 254 mm,m,8.89,1.1195,11.6383,Item-specific,1,item-specific
SX4048,Sub-contract,Mass 79 kg/m; 305 x 305 mm,nr,8635.73,1.1195,11305.4081,Item-specific,1,item-specific
SX4049,Sub-contract,Mass 79 kg/m; 305 x 305 mm,nr,8635.73,1.1195,11305.4081,Item-specific,1,item-specific
SX4050,Sub-contract,Mass 79 kg/m; 305 x 305 mm,nr,8635.73,1.1195,11305.4081,Item-specific,1,item-specific
SX4051,Sub-contract,Mass 79 kg/m; 305 x 305 mm,m,6.96,1.1195,9.1116,Item-specific,1,item-specific
SX4052,Sub-contract,Mass 79 kg/m; 305 x 305 mm,m,10.66,1.1195,13.9555,Item-specific,1,item-specific
SX4054,Sub-contract,Mass 95 kg/m; 305 x 305 mm,nr,8635.73,1.1195,11305.4081,Item-specific,1,item-specific
SX4055,Sub-contract,Mass 95 kg/m; 305 x 305 mm,nr,8635.73,1.1195,11305.4081,Item-specific,1,item-specific
SX4056,Sub-contract,Mass 95 kg/m; 305 x 305 mm,nr,8635.73,1.1195,11305.4081,Item-specific,1,item-specific
SX4057,Sub-contract,Mass 95 kg/m; 305 x 305 mm,m,7.49,1.1195,9.8055,Item-specific,1,item-specific
SX4058,Sub-contract,Mass 95 kg/m; 305 x 305 mm,m,11.22,1.1195,14.6886,Item-specific,1,item-specific
SX406,Sub-contract,"Capping to old shafts or similar; reinforced concrete grade C20P, 20 mm aggregate; thickness",m3,312.93,1.1195,409.6702,Item-specific,1,item-specific
SX4060,Sub-contract,Mass 110 kg/m; 305 x 305 mm,nr,7213.9,1.1195,9444.0289,Item-specific,1,item-specific
SX4061,Sub-contract,Mass 110 kg/m; 305 x 305 mm,nr,7213.9,1.1195,9444.0289,Item-specific,1,item-specific
SX4062,Sub-contract,Mass 110 kg/m; 305 x 305 mm,nr,7213.91,1.1195,9444.0419,Item-specific,1,item-specific
SX4063,Sub-contract,Mass 110 kg/m; 305 x 305 mm,m,6.24,1.1195,8.1691,Item-specific,1,item-specific
SX4064,Sub-contract,Mass 110 kg/m; 305 x 305 mm,m,9.35,1.1195,12.2405,Item-specific,1,item-specific
SX4066,Sub-contract,Mass 126 kg/m; 305 x 305 mm,nr,7213.9,1.1195,9444.0289,Item-specific,1,item-specific
SX4067,Sub-contract,Mass 126 kg/m; 305 x 305 mm,nr,7213.9,1.1195,9444.0289,Item-specific,1,item-specific
SX4068,Sub-contract,Mass 126 kg/m; 305 x 305 mm,nr,7213.9,1.1195,9444.0289,Item-specific,1,item-specific
SX4069,Sub-contract,Mass 126 kg/m; 305 x 305 mm,m,6.63,1.1195,8.6796,Item-specific,1,item-specific
SX407,Sub-contract,"Capping to old shafts or similar; reinforced concrete grade C20P, 20 mm aggregate; thickness",m3,304,1.1195,397.9796,Item-specific,1,item-specific
SX4070,Sub-contract,Mass 126 kg/m; 305 x 305 mm,m,10.22,1.1195,13.3794,Item-specific,1,item-specific
SX4072,Sub-contract,Mass 149 kg/m; 305 x 305 mm,nr,7213.9,1.1195,9444.0289,Item-specific,1,item-specific
SX4073,Sub-contract,Mass 149 kg/m; 305 x 305 mm,nr,7213.9,1.1195,9444.0289,Item-specific,1,item-specific
SX4074,Sub-contract,Mass 149 kg/m; 305 x 305 mm,nr,7213.9,1.1195,9444.0289,Item-specific,1,item-specific
SX4075,Sub-contract,Mass 149 kg/m; 305 x 305 mm,m,6.63,1.1195,8.6796,Item-specific,1,item-specific
SX4076,Sub-contract,Mass 149 kg/m; 305 x 305 mm,m,10.22,1.1195,13.3794,Item-specific,1,item-specific
SX4078,Sub-contract,Mass 186 kg/m; 305 x 305 mm,nr,7213.9,1.1195,9444.0289,Item-specific,1,item-specific
SX4079,Sub-contract,Mass 186 kg/m; 305 x 305 mm,nr,7213.91,1.1195,9444.0419,Item-specific,1,item-specific
SX408,Sub-contract,"Capping to old shafts or similar; reinforced concrete grade C20P, 20 mm aggregate; thickness",m3,295.05,1.1195,386.2627,Item-specific,1,item-specific
SX4080,Sub-contract,Mass 186 kg/m; 305 x 305 mm,nr,7213.9,1.1195,9444.0289,Item-specific,1,item-specific
SX4081,Sub-contract,Mass 186 kg/m; 305 x 305 mm,m,7.76,1.1195,10.159,Item-specific,1,item-specific
SX4082,Sub-contract,Mass 186 kg/m; 305 x 305 mm,m,11,1.1195,14.4006,Item-specific,1,item-specific
SX4084,Sub-contract,Mass 223 kg/m; 305 x 305 mm,nr,7213.9,1.1195,9444.0289,Item-specific,1,item-specific
SX4085,Sub-contract,Mass 223 kg/m; 305 x 305 mm,nr,7213.9,1.1195,9444.0289,Item-specific,1,item-specific
SX4086,Sub-contract,Mass 223 kg/m; 305 x 305 mm,nr,7213.9,1.1195,9444.0289,Item-specific,1,item-specific
SX4087,Sub-contract,Mass 223 kg/m; 305 x 305 mm,m,8.22,1.1195,10.7612,Item-specific,1,item-specific
SX4088,Sub-contract,Mass 223 kg/m; 305 x 305 mm,m,11.36,1.1195,14.8719,Item-specific,1,item-specific
SX409,Sub-contract,"Capping to old shafts or similar; reinforced concrete grade C20P, 20 mm aggregate; thickness",m3,241.4,1.1195,316.0272,Item-specific,1,item-specific
SX4091,Sub-contract,Mass 109 kg/m; 356 x 368 mm (continued),nr,7213.9,1.1195,9444.0289,Item-specific,1,item-specific
SX4092,Sub-contract,Mass 109 kg/m; 356 x 368 mm (continued),nr,7213.9,1.1195,9444.0289,Item-specific,1,item-specific
SX4093,Sub-contract,Mass 109 kg/m; 356 x 368 mm (continued),nr,7213.9,1.1195,9444.0289,Item-specific,1,item-specific
SX4094,Sub-contract,Mass 109 kg/m; 356 x 368 mm (continued),m,6.24,1.1195,8.1691,Item-specific,1,item-specific
SX4095,Sub-contract,Mass 109 kg/m; 356 x 368 mm (continued),m,9.35,1.1195,12.2405,Item-specific,1,item-specific
SX4097,Sub-contract,Mass 133 kg/m; 356 x 368 mm,nr,7213.9,1.1195,9444.0289,Item-specific,1,item-specific
SX4098,Sub-contract,Mass 133 kg/m; 356 x 368 mm,nr,7213.9,1.1195,9444.0289,Item-specific,1,item-specific
SX4099,Sub-contract,Mass 133 kg/m; 356 x 368 mm,nr,7213.9,1.1195,9444.0289,Item-specific,1,item-specific
SX4100,Sub-contract,Mass 133 kg/m; 356 x 368 mm,m,6.63,1.1195,8.6796,Item-specific,1,item-specific
SX4101,Sub-contract,Mass 133 kg/m; 356 x 368 mm,m,10.22,1.1195,13.3794,Item-specific,1,item-specific
SX4103,Sub-contract,Mass 152 kg/m; 356 x 368 mm,nr,7213.9,1.1195,9444.0289,Item-specific,1,item-specific
SX4104,Sub-contract,Mass 152 kg/m; 356 x 368 mm,nr,7213.9,1.1195,9444.0289,Item-specific,1,item-specific
SX4105,Sub-contract,Mass 152 kg/m; 356 x 368 mm,nr,7213.9,1.1195,9444.0289,Item-specific,1,item-specific
SX4106,Sub-contract,Mass 152 kg/m; 356 x 368 mm,m,7.45,1.1195,9.7531,Item-specific,1,item-specific
SX4107,Sub-contract,Mass 152 kg/m; 356 x 368 mm,m,10.38,1.1195,13.5889,Item-specific,1,item-specific
SX4109,Sub-contract,Mass 174 kg/m; 356 x 368 mm,nr,7213.91,1.1195,9444.0419,Item-specific,1,item-specific
SX411,Sub-contract,Mild steel bars BS4449; supplied in bent and cut lengths,t,1593.98,1.1195,2086.7482,Item-specific,1,item-specific
SX4110,Sub-contract,Mass 174 kg/m; 356 x 368 mm,nr,7213.9,1.1195,9444.0289,Item-specific,1,item-specific
SX4111,Sub-contract,Mass 174 kg/m; 356 x 368 mm,nr,7213.9,1.1195,9444.0289,Item-specific,1,item-specific
SX4112,Sub-contract,Mass 174 kg/m; 356 x 368 mm,m,7.45,1.1195,9.7531,Item-specific,1,item-specific
SX4113,Sub-contract,Mass 174 kg/m; 356 x 368 mm,m,10.38,1.1195,13.5889,Item-specific,1,item-specific
SX412,Sub-contract,Mild steel bars BS4449; supplied in bent and cut lengths,t,1594,1.1195,2086.7744,Item-specific,1,item-specific
SX4122,Sub-contract,"Provision of all plant, equipment and labour including transport to and from the site and establishing and dismantling f",item,11453.72,1.1195,14994.5608,Item-specific,1,item-specific
SX4123,Sub-contract,"Provision of all plant, equipment and labour including transport to and from the site and establishing and dismantling f",item,3083.69,1.1195,4036.9921,Item-specific,1,item-specific
SX4124,Sub-contract,"Provision of all plant, equipment and labour including transport to and from the site and establishing and dismantling f",hr,615.52,1.1195,805.8039,Item-specific,1,item-specific
SX4126,Sub-contract,"Section modulus 800-1200 cm3/m; section reference AZ 12; mass 98.7 kg/m2, sectional modulus 1200 cm3/m; EN 10248 grade S",m,166.87,1.1195,218.4567,Item-specific,1,item-specific
SX4127,Sub-contract,"Section modulus 800-1200 cm3/m; section reference AZ 12; mass 98.7 kg/m2, sectional modulus 1200 cm3/m; EN 10248 grade S",m,262.42,1.1195,343.5454,Item-specific,1,item-specific
SX4128,Sub-contract,"Section modulus 800-1200 cm3/m; section reference AZ 12; mass 98.7 kg/m2, sectional modulus 1200 cm3/m; EN 10248 grade S",m2,73.86,1.1195,96.6933,Item-specific,1,item-specific
SX4129,Sub-contract,"Section modulus 800-1200 cm3/m; section reference AZ 12; mass 98.7 kg/m2, sectional modulus 1200 cm3/m; EN 10248 grade S",m2,167.17,1.1195,218.8495,Item-specific,1,item-specific
SX413,Sub-contract,Mild steel bars BS4449; supplied in bent and cut lengths,t,1594,1.1195,2086.7744,Item-specific,1,item-specific
SX4130,Sub-contract,"Section modulus 800-1200 cm3/m; section reference AZ 12; mass 98.7 kg/m2, sectional modulus 1200 cm3/m; EN 10248 grade S",m2,157.32,1.1195,205.9544,Item-specific,1,item-specific
SX4131,Sub-contract,"Section modulus 800-1200 cm3/m; section reference AZ 12; mass 98.7 kg/m2, sectional modulus 1200 cm3/m; EN 10248 grade S",m2,167.64,1.1195,219.4648,Item-specific,1,item-specific
SX4133,Sub-contract,Section modulus 1200-2000 cm3/m; section reference AZ 17; mass 108.6 kg/m2; sectional modulus 1665 cm3/m; EN 10248 grade,m,177.99,1.1195,233.0144,Item-specific,1,item-specific
SX4134,Sub-contract,Section modulus 1200-2000 cm3/m; section reference AZ 17; mass 108.6 kg/m2; sectional modulus 1665 cm3/m; EN 10248 grade,m,262.42,1.1195,343.5454,Item-specific,1,item-specific
SX4135,Sub-contract,Section modulus 1200-2000 cm3/m; section reference AZ 17; mass 108.6 kg/m2; sectional modulus 1665 cm3/m; EN 10248 grade,m2,73.56,1.1195,96.3006,Item-specific,1,item-specific
SX4136,Sub-contract,Section modulus 1200-2000 cm3/m; section reference AZ 17; mass 108.6 kg/m2; sectional modulus 1665 cm3/m; EN 10248 grade,m2,195.03,1.1195,255.3222,Item-specific,1,item-specific
SX4137,Sub-contract,Section modulus 1200-2000 cm3/m; section reference AZ 17; mass 108.6 kg/m2; sectional modulus 1665 cm3/m; EN 10248 grade,m2,145.22,1.1195,190.1138,Item-specific,1,item-specific
SX4138,Sub-contract,Section modulus 1200-2000 cm3/m; section reference AZ 17; mass 108.6 kg/m2; sectional modulus 1665 cm3/m; EN 10248 grade,m2,154.74,1.1195,202.5768,Item-specific,1,item-specific
SX414,Sub-contract,Mild steel bars BS4449; supplied in bent and cut lengths,t,1594,1.1195,2086.7744,Item-specific,1,item-specific
SX4140,Sub-contract,Section modulus 2000-3000 cm3/m; section reference AZ 26; mass 155.2 kg/m2; sectional modulus 2600 cm3/m; EN 10248 grade,m2,59.59,1.1195,78.0118,Item-specific,1,item-specific
SX4141,Sub-contract,Section modulus 2000-3000 cm3/m; section reference AZ 26; mass 155.2 kg/m2; sectional modulus 2600 cm3/m; EN 10248 grade,m2,113.4,1.1195,148.4569,Item-specific,1,item-specific
SX4142,Sub-contract,Section modulus 2000-3000 cm3/m; section reference AZ 26; mass 155.2 kg/m2; sectional modulus 2600 cm3/m; EN 10248 grade,m2,114.95,1.1195,150.486,Item-specific,1,item-specific
SX4144,Sub-contract,Section modulus 3000-4000 cm3/m; section reference AZ 36; mass 194.0 kg/m2; sectional modulus 3600 cm3/m; EN 10248 grade,m2,60.57,1.1195,79.2948,Item-specific,1,item-specific
SX4145,Sub-contract,Section modulus 3000-4000 cm3/m; section reference AZ 36; mass 194.0 kg/m2; sectional modulus 3600 cm3/m; EN 10248 grade,m2,226.8,1.1195,296.9137,Item-specific,1,item-specific
SX4146,Sub-contract,Section modulus 3000-4000 cm3/m; section reference AZ 36; mass 194.0 kg/m2; sectional modulus 3600 cm3/m; EN 10248 grade,m2,229.9,1.1195,300.972,Item-specific,1,item-specific
SX4148,Sub-contract,Straight section modulus ne 500 cm3/m; section reference AS 500-12 mass 149 kg/m2; sectional modulus 51 cm3/m; EN 10248 ,m2,45.26,1.1195,59.2518,Item-specific,1,item-specific
SX4149,Sub-contract,Straight section modulus ne 500 cm3/m; section reference AS 500-12 mass 149 kg/m2; sectional modulus 51 cm3/m; EN 10248 ,m2,249.48,1.1195,326.6051,Item-specific,1,item-specific
SX415,Sub-contract,Mild steel bars BS4449; supplied in bent and cut lengths,t,1594,1.1195,2086.7744,Item-specific,1,item-specific
SX4150,Sub-contract,Straight section modulus ne 500 cm3/m; section reference AS 500-12 mass 149 kg/m2; sectional modulus 51 cm3/m; EN 10248 ,m2,264.39,1.1195,346.1244,Item-specific,1,item-specific
SX4152,Sub-contract,One coat black tar vinyl (PC1) protective treatment applied all surfaces at shop to minimum dry film thickness up to 150,m2,26.18,1.1195,34.2734,Item-specific,1,item-specific
SX4153,Sub-contract,One coat black tar vinyl (PC1) protective treatment applied all surfaces at shop to minimum dry film thickness up to 150,m2,17.1,1.1195,22.3864,Item-specific,1,item-specific
SX4154,Sub-contract,One coat black tar vinyl (PC1) protective treatment applied all surfaces at shop to minimum dry film thickness up to 150,m2,18.62,1.1195,24.3762,Item-specific,1,item-specific
SX4155,Sub-contract,One coat black tar vinyl (PC1) protective treatment applied all surfaces at shop to minimum dry film thickness up to 150,m2,19.84,1.1195,25.9734,Item-specific,1,item-specific
SX4156,Sub-contract,One coat black tar vinyl (PC1) protective treatment applied all surfaces at shop to minimum dry film thickness up to 150,m2,32.44,1.1195,42.4686,Item-specific,1,item-specific
SX4158,Sub-contract,One coat black high build isocyanate cured epoxy pitch (PC2) protective treatment applied all surfaces at shop to minimu,m2,26.18,1.1195,34.2734,Item-specific,1,item-specific
SX4159,Sub-contract,One coat black high build isocyanate cured epoxy pitch (PC2) protective treatment applied all surfaces at shop to minimu,m2,17.1,1.1195,22.3864,Item-specific,1,item-specific
SX416,Sub-contract,Mild steel bars BS4449; supplied in bent and cut lengths,t,1594,1.1195,2086.7744,Item-specific,1,item-specific
SX4160,Sub-contract,One coat black high build isocyanate cured epoxy pitch (PC2) protective treatment applied all surfaces at shop to minimu,m2,18.62,1.1195,24.3762,Item-specific,1,item-specific
SX4161,Sub-contract,One coat black high build isocyanate cured epoxy pitch (PC2) protective treatment applied all surfaces at shop to minimu,m2,19.84,1.1195,25.9734,Item-specific,1,item-specific
SX4162,Sub-contract,One coat black high build isocyanate cured epoxy pitch (PC2) protective treatment applied all surfaces at shop to minimu,m2,32.44,1.1195,42.4686,Item-specific,1,item-specific
SX4165,Sub-contract,Arcelor Mittal U section steel piles; EN 10248 grade S270GP steel,item,11453.72,1.1195,14994.5608,Item-specific,1,item-specific
SX4166,Sub-contract,Arcelor Mittal U section steel piles; EN 10248 grade S270GP steel,item,3083.69,1.1195,4036.9921,Item-specific,1,item-specific
SX4167,Sub-contract,Arcelor Mittal U section steel piles; EN 10248 grade S270GP steel,hr,543.73,1.1195,711.8205,Item-specific,1,item-specific
SX4169,Sub-contract,Section modulus 500-800 cm3/m; section reference PU 6; mass 76.0 kg/m2; sectional modulus 600 cm3/m,m2,77.66,1.1195,101.6681,Item-specific,1,item-specific
SX4170,Sub-contract,Section modulus 500-800 cm3/m; section reference PU 6; mass 76.0 kg/m2; sectional modulus 600 cm3/m,m2,113.4,1.1195,148.4569,Item-specific,1,item-specific
SX4171,Sub-contract,Section modulus 500-800 cm3/m; section reference PU 6; mass 76.0 kg/m2; sectional modulus 600 cm3/m,m2,114.95,1.1195,150.486,Item-specific,1,item-specific
SX4173,Sub-contract,Section modulus 800-1200 cm3/m; section reference PU 8; mass 90.9 kg/m2; sectional modulus 830 cm3/m,m2,69.87,1.1195,91.4698,Item-specific,1,item-specific
SX4174,Sub-contract,Section modulus 800-1200 cm3/m; section reference PU 8; mass 90.9 kg/m2; sectional modulus 830 cm3/m,m2,113.4,1.1195,148.4569,Item-specific,1,item-specific
SX4175,Sub-contract,Section modulus 800-1200 cm3/m; section reference PU 8; mass 90.9 kg/m2; sectional modulus 830 cm3/m,m2,114.95,1.1195,150.486,Item-specific,1,item-specific
SX4176,Sub-contract,Section modulus 800-1200 cm3/m; section reference PU 8; mass 90.9 kg/m2; sectional modulus 830 cm3/m,m2,114.95,1.1195,150.486,Item-specific,1,item-specific
SX4178,Sub-contract,Section modulus 1200-2000 cm3/m; section reference PU 12; mass 110.1 kg/m2; sectional modulus 1200 cm3/m,m2,59.81,1.1195,78.2999,Item-specific,1,item-specific
SX4179,Sub-contract,Section modulus 1200-2000 cm3/m; section reference PU 12; mass 110.1 kg/m2; sectional modulus 1200 cm3/m,m2,113.4,1.1195,148.4569,Item-specific,1,item-specific
SX418,Sub-contract,High yield steel bars BS4449 or 4461; supplied in bent and cut lengths,t,1593.98,1.1195,2086.7482,Item-specific,1,item-specific
SX4180,Sub-contract,Section modulus 1200-2000 cm3/m; section reference PU 12; mass 110.1 kg/m2; sectional modulus 1200 cm3/m,m2,114.95,1.1195,150.486,Item-specific,1,item-specific
SX4182,Sub-contract,Section modulus 1200-2000 cm3/m; section reference PU 18; mass 128.2 kg/m2; sectional modulus 1800 cm3/m,m2,54.38,1.1195,71.1912,Item-specific,1,item-specific
SX4183,Sub-contract,Section modulus 1200-2000 cm3/m; section reference PU 18; mass 128.2 kg/m2; sectional modulus 1800 cm3/m,m2,113.4,1.1195,148.4569,Item-specific,1,item-specific
SX4184,Sub-contract,Section modulus 1200-2000 cm3/m; section reference PU 18; mass 128.2 kg/m2; sectional modulus 1800 cm3/m,m2,114.95,1.1195,150.486,Item-specific,1,item-specific
SX4186,Sub-contract,Section modulus 2000-3000 cm3/m; section reference PU 22; mass 143.6 kg/m2; sectional modulus 2200 cm3/m,m2,48.94,1.1195,64.0695,Item-specific,1,item-specific
SX4187,Sub-contract,Section modulus 2000-3000 cm3/m; section reference PU 22; mass 143.6 kg/m2; sectional modulus 2200 cm3/m,m2,113.4,1.1195,148.4569,Item-specific,1,item-specific
SX4188,Sub-contract,Section modulus 2000-3000 cm3/m; section reference PU 22; mass 143.6 kg/m2; sectional modulus 2200 cm3/m,m2,114.95,1.1195,150.486,Item-specific,1,item-specific
SX419,Sub-contract,High yield steel bars BS4449 or 4461; supplied in bent and cut lengths,t,1594,1.1195,2086.7744,Item-specific,1,item-specific
SX4190,Sub-contract,Section modulus 3000-4000 cm3/m; section reference PU 32; mass 190.2 kg/m2; sectional modulus 3200 cm3/m,m2,42.6,1.1195,55.7695,Item-specific,1,item-specific
SX4191,Sub-contract,Section modulus 3000-4000 cm3/m; section reference PU 32; mass 190.2 kg/m2; sectional modulus 3200 cm3/m,m2,113.4,1.1195,148.4569,Item-specific,1,item-specific
SX4192,Sub-contract,Section modulus 3000-4000 cm3/m; section reference PU 32; mass 190.2 kg/m2; sectional modulus 3200 cm3/m,m2,114.95,1.1195,150.486,Item-specific,1,item-specific
SX4194,Sub-contract,One coat black tar vinyl (PC1) protective treatment applied all surfaces at shop to minimum dry film thickness up to 150,m2,24.29,1.1195,31.7991,Item-specific,1,item-specific
SX4195,Sub-contract,One coat black tar vinyl (PC1) protective treatment applied all surfaces at shop to minimum dry film thickness up to 150,m2,16.4,1.1195,21.47,Item-specific,1,item-specific
SX4196,Sub-contract,One coat black tar vinyl (PC1) protective treatment applied all surfaces at shop to minimum dry film thickness up to 150,m2,16.4,1.1195,21.47,Item-specific,1,item-specific
SX4197,Sub-contract,One coat black tar vinyl (PC1) protective treatment applied all surfaces at shop to minimum dry film thickness up to 150,m2,27.77,1.1195,36.3549,Item-specific,1,item-specific
SX4198,Sub-contract,One coat black tar vinyl (PC1) protective treatment applied all surfaces at shop to minimum dry film thickness up to 150,m2,28.8,1.1195,37.7033,Item-specific,1,item-specific
SX4199,Sub-contract,One coat black tar vinyl (PC1) protective treatment applied all surfaces at shop to minimum dry film thickness up to 150,m2,29.21,1.1195,38.2401,Item-specific,1,item-specific
SX420,Sub-contract,High yield steel bars BS4449 or 4461; supplied in bent and cut lengths,t,1594,1.1195,2086.7744,Item-specific,1,item-specific
SX4201,Sub-contract,One coat black high build isocyanate cured epoxy pitch (PC2) protective treatment applied all surfaces at shop to minimu,m2,24.29,1.1195,31.7991,Item-specific,1,item-specific
SX4202,Sub-contract,One coat black high build isocyanate cured epoxy pitch (PC2) protective treatment applied all surfaces at shop to minimu,m2,16.4,1.1195,21.47,Item-specific,1,item-specific
SX4203,Sub-contract,One coat black high build isocyanate cured epoxy pitch (PC2) protective treatment applied all surfaces at shop to minimu,m2,16.4,1.1195,21.47,Item-specific,1,item-specific
SX4204,Sub-contract,One coat black high build isocyanate cured epoxy pitch (PC2) protective treatment applied all surfaces at shop to minimu,m2,27.77,1.1195,36.3549,Item-specific,1,item-specific
SX4205,Sub-contract,One coat black high build isocyanate cured epoxy pitch (PC2) protective treatment applied all surfaces at shop to minimu,m2,28.8,1.1195,37.7033,Item-specific,1,item-specific
SX4206,Sub-contract,One coat black high build isocyanate cured epoxy pitch (PC2) protective treatment applied all surfaces at shop to minimu,m2,29.21,1.1195,38.2401,Item-specific,1,item-specific
SX421,Sub-contract,High yield steel bars BS4449 or 4461; supplied in bent and cut lengths,t,1594,1.1195,2086.7744,Item-specific,1,item-specific
SX422,Sub-contract,High yield steel bars BS4449 or 4461; supplied in bent and cut lengths,t,1594,1.1195,2086.7744,Item-specific,1,item-specific
SX424,Sub-contract,High yield steel bars BS4449 or 4461; supplied in bent and cut lengths (continued),t,1594,1.1195,2086.7744,Item-specific,1,item-specific
SX429,Sub-contract,Clear site vegetation,ha,1873.21,1.1195,2452.3003,Item-specific,1,item-specific
SX430,Sub-contract,Clear site vegetation,ha,5163.02,1.1195,6759.133,Item-specific,1,item-specific
SX431,Sub-contract,Clear site vegetation,ha,6310.39,1.1195,8261.2048,Item-specific,1,item-specific
SX435,Sub-contract,Drilling with rotary percussion drills,m,25.47,1.1195,33.3439,Item-specific,1,item-specific
SX436,Sub-contract,Drilling with rotary percussion drills,m,12.82,1.1195,16.7832,Item-specific,1,item-specific
SX437,Sub-contract,Drilling with rotary percussion drills,m,20.08,1.1195,26.2876,Item-specific,1,item-specific
SX438,Sub-contract,Drilling with rotary percussion drills,m,18.18,1.1195,23.8002,Item-specific,1,item-specific
SX439,Sub-contract,Drilling with rotary percussion drills,m,20.79,1.1195,27.2171,Item-specific,1,item-specific
SX440,Sub-contract,Drilling with rotary percussion drills,m,23.02,1.1195,30.1365,Item-specific,1,item-specific
SX4402,Sub-contract,Cast in place; Pile tests; 500 mm dia. working pile; maximum test load of 600kN using non-working tension piles as react,nr,8548.45,1.1195,11191.146,Item-specific,1,item-specific
SX4403,Sub-contract,Cast in place; Pile tests; 500 mm dia. working pile; maximum test load of 600kN using non-working tension piles as react,nr,6487.86,1.1195,8493.5385,Item-specific,1,item-specific
SX4404,Sub-contract,Cast in place; Pile tests; 500 mm dia. working pile; maximum test load of 600kN using non-working tension piles as react,nr,293.93,1.1195,384.7965,Item-specific,1,item-specific
SX4405,Sub-contract,Cast in place; Pile tests; 500 mm dia. working pile; maximum test load of 600kN using non-working tension piles as react,nr,21.63,1.1195,28.3168,Item-specific,1,item-specific
SX4407,Sub-contract,Pile tests; working pile; maximum test load of 1.5 times working load; first pile,nr,4157.75,1.1195,5443.0906,Item-specific,1,item-specific
SX4408,Sub-contract,Pile tests; working pile; maximum test load of 1.5 times working load; first pile,nr,8719.19,1.1195,11414.6692,Item-specific,1,item-specific
SX4409,Sub-contract,Pile tests; working pile; maximum test load of 1.5 times working load; first pile,nr,15722.36,1.1195,20582.8223,Item-specific,1,item-specific
SX4411,Sub-contract,Pile tests; working pile; maximum test load of 1.5 times working load; second and subsequent piles,nr,3875.18,1.1195,5073.1659,Item-specific,1,item-specific
SX4412,Sub-contract,Pile tests; working pile; maximum test load of 1.5 times working load; second and subsequent piles,nr,8396.24,1.1195,10991.8813,Item-specific,1,item-specific
SX4413,Sub-contract,Pile tests; working pile; maximum test load of 1.5 times working load; second and subsequent piles,nr,15129.2,1.1195,19806.2908,Item-specific,1,item-specific
SX4414,Sub-contract,Pile tests; working pile; maximum test load of 1.5 times working load; second and subsequent piles,nr,1914.12,1.1195,2505.8574,Item-specific,1,item-specific
SX4415,Sub-contract,Pile tests; working pile; maximum test load of 1.5 times working load; second and subsequent piles,nr,36.58,1.1195,47.8885,Item-specific,1,item-specific
SX4417,Sub-contract,Preformed,nr,6943.35,1.1195,9089.8401,Item-specific,1,item-specific
SX4418,Sub-contract,Preformed,nr,462.9,1.1195,606.0024,Item-specific,1,item-specific
SX442,Sub-contract,Drilling and blasting in open cut for bulk excavation excluding cost of excavation or trimming,m,5.24,1.1195,6.8599,Item-specific,1,item-specific
SX4422,Sub-contract,Steel bearing piles,item,2373.28,1.1195,3106.9636,Item-specific,1,item-specific
SX4423,Sub-contract,Steel bearing piles,nr,7752.73,1.1195,10149.4345,Item-specific,1,item-specific
SX4425,Sub-contract,Driven-temporary casing; Pile tests; 430 mm dia. working pile; maximum test load of 1125kN using non-working tension pil,nr,5551.34,1.1195,7267.4996,Item-specific,1,item-specific
SX4426,Sub-contract,Driven-temporary casing; Pile tests; 430 mm dia. working pile; maximum test load of 1125kN using non-working tension pil,nr,4487.47,1.1195,5874.7413,Item-specific,1,item-specific
SX4428,Sub-contract,Pile tests; 430 mm dia. working pile; maximum test load of 1125kN using non-working tension piles as reaction; subsequen,nr,2319.89,1.1195,3037.0685,Item-specific,1,item-specific
SX4429,Sub-contract,Pile tests; 430 mm dia. working pile; maximum test load of 1125kN using non-working tension piles as reaction; subsequen,nr,2319.89,1.1195,3037.0685,Item-specific,1,item-specific
SX443,Sub-contract,Drilling and blasting in open cut for bulk excavation excluding cost of excavation or trimming,m,7.92,1.1195,10.3684,Item-specific,1,item-specific
SX4430,Sub-contract,Pile tests; 430 mm dia. working pile; maximum test load of 1125kN using non-working tension piles as reaction; subsequen,nr,21.73,1.1195,28.4477,Item-specific,1,item-specific
SX4431,Sub-contract,Pile tests; 430 mm dia. working pile; maximum test load of 1125kN using non-working tension piles as reaction; subsequen,nr,15.94,1.1195,20.8677,Item-specific,1,item-specific
SX4433,Sub-contract,Driven - segmental casing; Pile tests; 500 mm dia. working pile; maximum test load of 600kN using non-working tension pi,nr,9125.86,1.1195,11947.0585,Item-specific,1,item-specific
SX4434,Sub-contract,Driven - segmental casing; Pile tests; 500 mm dia. working pile; maximum test load of 600kN using non-working tension pi,nr,6937.79,1.1195,9082.5613,Item-specific,1,item-specific
SX445,Sub-contract,Drilling and blasting for quarry operations with face height exceeding 10 m,m,5.5,1.1195,7.2003,Item-specific,1,item-specific
SX446,Sub-contract,Drilling and blasting for quarry operations with face height exceeding 10 m,m,5.5,1.1195,7.2003,Item-specific,1,item-specific
SX448,Sub-contract,Drilling and blasting in trenches excluding cost of excavation or trimming,m,43.72,1.1195,57.2357,Item-specific,1,item-specific
SX449,Sub-contract,Drilling and blasting in trenches excluding cost of excavation or trimming,m,38.22,1.1195,50.0355,Item-specific,1,item-specific
SX450,Sub-contract,Drilling and blasting in trenches excluding cost of excavation or trimming,m,32.12,1.1195,42.0497,Item-specific,1,item-specific
SX452,Sub-contract,Secondary blasting to boulders,m,13.77,1.1195,18.0269,Item-specific,1,item-specific
SX453,Sub-contract,Secondary blasting to boulders,m,7.36,1.1195,9.6353,Item-specific,1,item-specific
SX457,Sub-contract,Remove trees,nr,67.24,1.1195,88.0268,Item-specific,1,item-specific
SX458,Sub-contract,Remove trees,nr,114.19,1.1195,149.4911,Item-specific,1,item-specific
SX459,Sub-contract,Remove trees,nr,395.85,1.1195,518.2244,Item-specific,1,item-specific
SX460,Sub-contract,Remove trees,nr,1433.69,1.1195,1876.9057,Item-specific,1,item-specific
SX461,Sub-contract,Remove trees,nr,2009.71,1.1195,2630.9984,Item-specific,1,item-specific
SX464,Sub-contract,Remove stumps and cart away; Clearance of stumps,nr,69.84,1.1195,91.4306,Item-specific,1,item-specific
SX465,Sub-contract,Remove stumps and cart away; Clearance of stumps,nr,131.93,1.1195,172.7153,Item-specific,1,item-specific
SX466,Sub-contract,Remove stumps and cart away; Clearance of stumps,nr,199.18,1.1195,260.7552,Item-specific,1,item-specific
SX468,Sub-contract,Clearance of stumps; backfilling holes with topsoil from site,nr,84.85,1.1195,111.0808,Item-specific,1,item-specific
SX469,Sub-contract,Clearance of stumps; backfilling holes with topsoil from site,nr,187.54,1.1195,245.5167,Item-specific,1,item-specific
SX470,Sub-contract,Clearance of stumps; backfilling holes with topsoil from site,nr,403.54,1.1195,528.2917,Item-specific,1,item-specific
SX472,Sub-contract,Clearance of stumps; backfilling holes with imported hardcore,nr,98.82,1.1195,129.3695,Item-specific,1,item-specific
SX473,Sub-contract,Clearance of stumps; backfilling holes with imported hardcore,nr,343.65,1.1195,449.8871,Item-specific,1,item-specific
SX474,Sub-contract,Clearance of stumps; backfilling holes with imported hardcore,nr,1131.72,1.1195,1481.5837,Item-specific,1,item-specific
SX478,Sub-contract,Demolish building to ground level and dispose off site,m3,10.83,1.1195,14.178,Item-specific,1,item-specific
SX479,Sub-contract,Demolish building to ground level and dispose off site,m3,18.06,1.1195,23.6431,Item-specific,1,item-specific
SX480,Sub-contract,Demolish building to ground level and dispose off site,m3,14.16,1.1195,18.5375,Item-specific,1,item-specific
SX481,Sub-contract,Demolish building to ground level and dispose off site,m3,18.87,1.1195,24.7035,Item-specific,1,item-specific
SX482,Sub-contract,Demolish building to ground level and dispose off site,m3,10.25,1.1195,13.4187,Item-specific,1,item-specific
SX483,Sub-contract,Demolish building to ground level and dispose off site,m3,9.76,1.1195,12.7772,Item-specific,1,item-specific
SX484,Sub-contract,Demolish building to ground level and dispose off site,m3,8.75,1.1195,11.455,Item-specific,1,item-specific
SX486,Sub-contract,Demolish buildings with asbestos linings to ground level and dispose off site,m3,43.92,1.1195,57.4976,Item-specific,1,item-specific
SX487,Sub-contract,Demolish buildings with asbestos linings to ground level and dispose off site,m3,45.71,1.1195,59.8409,Item-specific,1,item-specific
SX488,Sub-contract,Demolish buildings with asbestos linings to ground level and dispose off site,m3,25,1.1195,32.7286,Item-specific,1,item-specific
SX489,Sub-contract,Demolish buildings with asbestos linings to ground level and dispose off site,m3,25.96,1.1195,33.9854,Item-specific,1,item-specific
SX492,Sub-contract,Demolish walls to ground level and dispose off site reinforced concrete wall,m3,242.17,1.1195,317.0352,Item-specific,1,item-specific
SX493,Sub-contract,brick or masonry wall,m3,112.09,1.1195,146.7419,Item-specific,1,item-specific
SX494,Sub-contract,brick or masonry retaining wall,m3,136.98,1.1195,179.3264,Item-specific,1,item-specific
SX497,Sub-contract,Removal of redundant services,m,4.18,1.1195,5.4722,Item-specific,1,item-specific
SX498,Sub-contract,Removal of redundant services,m,8.37,1.1195,10.9575,Item-specific,1,item-specific
SX500,Sub-contract,Removal of redundant services (continued),m,10.04,1.1195,13.1438,Item-specific,1,item-specific
SX501,Sub-contract,Removal of redundant services (continued),m,4.18,1.1195,5.4722,Item-specific,1,item-specific
SX502,Sub-contract,Removal of redundant services (continued),m,8.38,1.1195,10.9706,Item-specific,1,item-specific
SX503,Sub-contract,Removal of redundant services (continued),m,18.02,1.1195,23.5908,Item-specific,1,item-specific
SX504,Sub-contract,Removal of redundant services (continued),m,26.2,1.1195,34.2996,Item-specific,1,item-specific
SX505,Sub-contract,Removal of redundant services (continued),m,29.48,1.1195,38.5935,Item-specific,1,item-specific
SX506,Sub-contract,Removal of redundant services (continued),m,36.01,1.1195,47.1423,Item-specific,1,item-specific
SX507,Sub-contract,Removal of redundant services (continued),m,45.8,1.1195,59.9588,Item-specific,1,item-specific
SX508,Sub-contract,Removal of redundant services (continued),m,45.8,1.1195,59.9588,Item-specific,1,item-specific
SX510,Sub-contract,Grouting redundant drains or sewers,m,10.04,1.1195,13.1438,Item-specific,1,item-specific
SX511,Sub-contract,Grouting redundant drains or sewers,m,24.55,1.1195,32.1395,Item-specific,1,item-specific
SX512,Sub-contract,Grouting redundant drains or sewers,m,57.29,1.1195,75.0008,Item-specific,1,item-specific
SX513,Sub-contract,Grouting redundant drains or sewers,m3,1391.27,1.1195,1821.3718,Item-specific,1,item-specific
SX5200,Sub-contract,Excavation; Excavating tunnels in rock,m3,99.26,1.1195,129.9456,Item-specific,1,item-specific
SX5201,Sub-contract,Excavation; Excavating tunnels in rock,m3,81.75,1.1195,107.0225,Item-specific,1,item-specific
SX5203,Sub-contract,Excavating tunnels in soft material,m3,99.26,1.1195,129.9456,Item-specific,1,item-specific
SX5204,Sub-contract,Excavating tunnels in soft material,m3,81.75,1.1195,107.0225,Item-specific,1,item-specific
SX5206,Sub-contract,Excavating shafts in rock,m3,386.83,1.1195,506.4159,Item-specific,1,item-specific
SX5207,Sub-contract,Excavating shafts in rock,m3,328.44,1.1195,429.975,Item-specific,1,item-specific
SX5209,Sub-contract,Excavating shafts in soft material,m3,231.5,1.1195,303.0667,Item-specific,1,item-specific
SX5210,Sub-contract,Excavating shafts in soft material,m3,199.24,1.1195,260.8337,Item-specific,1,item-specific
SX5212,Sub-contract,Excavating other cavities in rock,m3,99.26,1.1195,129.9456,Item-specific,1,item-specific
SX5213,Sub-contract,Excavating other cavities in rock,m3,81.75,1.1195,107.0225,Item-specific,1,item-specific
SX5215,Sub-contract,Excavating other cavities in soft material,m3,99.26,1.1195,129.9456,Item-specific,1,item-specific
SX5216,Sub-contract,Excavating other cavities in soft material,m3,81.75,1.1195,107.0225,Item-specific,1,item-specific
SX5217,Sub-contract,Excavating other cavities in soft material,m2,38.8,1.1195,50.7948,Item-specific,1,item-specific
SX5218,Sub-contract,Excavating other cavities in soft material,m2,37.68,1.1195,49.3285,Item-specific,1,item-specific
SX5220,Sub-contract,Bore Tunnels,m3,97.8,1.1195,128.0342,Item-specific,1,item-specific
SX5221,Sub-contract,Bore Tunnels,tonne,38.19,1.1195,49.9962,Item-specific,1,item-specific
SX5223,Sub-contract,Cross Passages,m3,1560.47,1.1195,2042.8788,Item-specific,1,item-specific
SX5224,Sub-contract,Cross Passages,m3,65.27,1.1195,85.4478,Item-specific,1,item-specific
SX5228,Sub-contract,"Mass concrete; grade C30, 20 mm aggregate; Cast primary lining to tunnels",m3,654.93,1.1195,857.3972,Item-specific,1,item-specific
SX5229,Sub-contract,"Mass concrete; grade C30, 20 mm aggregate; Cast primary lining to tunnels",m3,677.5,1.1195,886.9446,Item-specific,1,item-specific
SX5231,Sub-contract,Secondary lining to tunnels,m3,762.2,1.1195,997.829,Item-specific,1,item-specific
SX5232,Sub-contract,Secondary lining to tunnels,m3,604.11,1.1195,790.8666,Item-specific,1,item-specific
SX5234,Sub-contract,Formwork; rough finish; Tunnel lining,m2,111.17,1.1195,145.5375,Item-specific,1,item-specific
SX5235,Sub-contract,Formwork; rough finish; Tunnel lining,m2,111.17,1.1195,145.5375,Item-specific,1,item-specific
SX5237,Sub-contract,Sprayed concrete primary,m2,164.93,1.1195,215.917,Item-specific,1,item-specific
SX5238,Sub-contract,Sprayed concrete primary,m2,234.15,1.1195,306.5359,Item-specific,1,item-specific
SX5240,Sub-contract,Cast concrete secondary,m3,2569.72,1.1195,3364.1317,Item-specific,1,item-specific
SX5242,Sub-contract,Provision of Concrete - Designated Concrete,m3,166.41,1.1195,217.8545,Item-specific,1,item-specific
SX5244,Sub-contract,"Placing of Concrete - Reinforced; Bases, footings, pile caps and ground slabs",m3,2166.23,1.1195,2835.9055,Item-specific,1,item-specific
SX5246,Sub-contract,Spray Concrete Lining Tunnels,m3,507.55,1.1195,664.4557,Item-specific,1,item-specific
SX5247,Sub-contract,Spray Concrete Lining Tunnels,m3,258.78,1.1195,338.7801,Item-specific,1,item-specific
SX5248,Sub-contract,Spray Concrete Lining Tunnels,m3,174.14,1.1195,227.9742,Item-specific,1,item-specific
SX5252,Sub-contract,Constructed in situ concrete,nr,50182993.52,1.1195,65696729.7407,Item-specific,1,item-specific
SX5254,Sub-contract,"Mass concrete; grade C30, 20 mm aggregate; Secondary linings to shafts",m3,604.11,1.1195,790.8666,Item-specific,1,item-specific
SX5255,Sub-contract,"Mass concrete; grade C30, 20 mm aggregate; Secondary linings to shafts",m3,588.42,1.1195,770.3261,Item-specific,1,item-specific
SX5257,Sub-contract,Cast primary lining to shafts,m3,643.62,1.1195,842.5908,Item-specific,1,item-specific
SX5258,Sub-contract,Cast primary lining to shafts,m3,615.37,1.1195,805.6075,Item-specific,1,item-specific
SX5260,Sub-contract,Formwork; rough finish; Shaft lining,m2,167.92,1.1195,219.8313,Item-specific,1,item-specific
SX5261,Sub-contract,Formwork; rough finish; Shaft lining,m2,113.52,1.1195,148.6139,Item-specific,1,item-specific
SX5263,Sub-contract,Waterproofing system for cross passage,m2,369.92,1.1195,484.2783,Item-specific,1,item-specific
SX5264,Sub-contract,Waterproofing system for cross passage,m2,103.23,1.1195,135.1429,Item-specific,1,item-specific
SX5266,Sub-contract,Depressurization allowances,nr,752744.9,1.1195,985450.9424,Item-specific,1,item-specific
SX5270,Sub-contract,"Mass concrete; grade C30, 20 mm aggregate; Cast primary lining to other cavities",m3,66.19,1.1195,86.6522,Item-specific,1,item-specific
SX5271,Sub-contract,"Mass concrete; grade C30, 20 mm aggregate; Cast primary lining to other cavities",m3,564.6,1.1195,739.1423,Item-specific,1,item-specific
SX5273,Sub-contract,Secondary linings to other cavities,m3,762.2,1.1195,997.829,Item-specific,1,item-specific
SX5274,Sub-contract,Secondary linings to other cavities,m3,604.11,1.1195,790.8666,Item-specific,1,item-specific
SX5276,Sub-contract,Formwork; rough finish; Other cavities lining,m2,87.72,1.1195,114.8381,Item-specific,1,item-specific
SX5277,Sub-contract,Formwork; rough finish; Other cavities lining,m2,111.17,1.1195,145.5375,Item-specific,1,item-specific
SX5281,Sub-contract,Precast concrete bolted rings,nr,10808.76,1.1195,14150.2157,Item-specific,1,item-specific
SX5282,Sub-contract,Precast concrete bolted rings,nr,16956.59,1.1195,22198.6062,Item-specific,1,item-specific
SX5283,Sub-contract,Precast concrete bolted rings,nr,14111.43,1.1195,18473.884,Item-specific,1,item-specific
SX5285,Sub-contract,Lining Ancillaries,m3,586.19,1.1195,767.4067,Item-specific,1,item-specific
SX5292,Sub-contract,Linings; Linings to tunnels,nr,1280.34,1.1195,1676.1485,Item-specific,1,item-specific
SX5293,Sub-contract,Linings; Linings to tunnels,nr,2292.61,1.1195,3001.355,Item-specific,1,item-specific
SX5295,Sub-contract,Linings to shafts,nr,1814.28,1.1195,2375.1525,Item-specific,1,item-specific
SX5297,Sub-contract,Lining ancillaries; bitumen impregnated fibreboard; Parallel circumferential packing,nr,10.96,1.1195,14.3482,Item-specific,1,item-specific
SX5298,Sub-contract,Lining ancillaries; bitumen impregnated fibreboard; Parallel circumferential packing,nr,21.91,1.1195,28.6833,Item-specific,1,item-specific
SX5300,Sub-contract,Lining ancillaries; PC4 AF caulking compound; Caulking,m,19.89,1.1195,26.0389,Item-specific,1,item-specific
SX5301,Sub-contract,Lining ancillaries; PC4 AF caulking compound; Caulking,m,19.91,1.1195,26.065,Item-specific,1,item-specific
SX5305,Sub-contract,Rock bolts,m,50.34,1.1195,65.9023,Item-specific,1,item-specific
SX5306,Sub-contract,Rock bolts,m,78.56,1.1195,102.8463,Item-specific,1,item-specific
SX5307,Sub-contract,Rock bolts,m,74.78,1.1195,97.8977,Item-specific,1,item-specific
SX5308,Sub-contract,Rock bolts,m,75.6,1.1195,98.9712,Item-specific,1,item-specific
SX5309,Sub-contract,Rock bolts,m,53.79,1.1195,70.4188,Item-specific,1,item-specific
SX5310,Sub-contract,Rock bolts,m,84.57,1.1195,110.7142,Item-specific,1,item-specific
SX5312,Sub-contract,Internal support,t,2211.4,1.1195,2895.0395,Item-specific,1,item-specific
SX5313,Sub-contract,Internal support,t,911.41,1.1195,1193.1663,Item-specific,1,item-specific
SX5314,Sub-contract,Internal support,m3,644,1.1195,843.0883,Item-specific,1,item-specific
SX5315,Sub-contract,Internal support,m3,580.02,1.1195,759.3293,Item-specific,1,item-specific
SX5316,Sub-contract,Internal support,m2,46.2,1.1195,60.4824,Item-specific,1,item-specific
SX5317,Sub-contract,Internal support,m2,52.9,1.1195,69.2537,Item-specific,1,item-specific
SX5318,Sub-contract,Internal support,m2,17.06,1.1195,22.334,Item-specific,1,item-specific
SX5320,Sub-contract,Pressure grouting,nr,2423.38,1.1195,3172.5517,Item-specific,1,item-specific
SX5321,Sub-contract,Pressure grouting,nr,107.36,1.1195,140.5496,Item-specific,1,item-specific
SX5322,Sub-contract,Pressure grouting,nr,184.14,1.1195,241.0656,Item-specific,1,item-specific
SX5323,Sub-contract,Pressure grouting,m,52.51,1.1195,68.7431,Item-specific,1,item-specific
SX5324,Sub-contract,Pressure grouting,m,32.28,1.1195,42.2591,Item-specific,1,item-specific
SX5325,Sub-contract,Pressure grouting,t,1288.88,1.1195,1687.3286,Item-specific,1,item-specific
SX5326,Sub-contract,Pressure grouting,m,43.96,1.1195,57.5499,Item-specific,1,item-specific
SX5329,Sub-contract,Viaduct; Segmental units,nr,4251.79,1.1195,5566.2024,Item-specific,1,item-specific
SX5331,Sub-contract,Fabrication and erection,m,191.78,1.1195,251.0675,Item-specific,1,item-specific
SX5333,Sub-contract,Bored cast in place concrete piles; 1800 mm dia.,m,3389.54,1.1195,4437.3936,Item-specific,1,item-specific
SX5334,Sub-contract,Bored cast in place concrete piles; 1800 mm dia.,m,3376.16,1.1195,4419.8772,Item-specific,1,item-specific
SX5336,Sub-contract,Permanent casings each length,m,1687.69,1.1195,2209.4281,Item-specific,1,item-specific
SX5337,Sub-contract,Permanent casings each length,m,642.23,1.1195,840.7711,Item-specific,1,item-specific
SX5338,Sub-contract,Permanent casings each length,m,822.61,1.1195,1076.9144,Item-specific,1,item-specific
SX5339,Sub-contract,Permanent casings each length,nr,646688.97,1.1195,846608.5323,Item-specific,1,item-specific
SX5340,Sub-contract,Permanent casings each length,nr,2534723.45,1.1195,3318316.2219,Item-specific,1,item-specific
SX5341,Sub-contract,Permanent casings each length,nr,1189313.05,1.1195,1556981.211,Item-specific,1,item-specific
SX5343,Sub-contract,In situ Reinforced Concrete Piers on piles; on shore,nr,624389.35,1.1195,817415.1341,Item-specific,1,item-specific
SX5344,Sub-contract,In situ Reinforced Concrete Piers on piles; on shore,nr,1273456.95,1.1195,1667137.6339,Item-specific,1,item-specific
SX5345,Sub-contract,In situ Reinforced Concrete Piers on piles; on shore,nr,859362.22,1.1195,1125028.2926,Item-specific,1,item-specific
SX5346,Sub-contract,In situ Reinforced Concrete Piers on piles; on shore,nr,1184853.13,1.1195,1551142.5366,Item-specific,1,item-specific
SX5348,Sub-contract,Segmental units; Bridge Parapet,nr,959.95,1.1195,1256.7121,Item-specific,1,item-specific
SX5349,Sub-contract,Segmental units; Bridge Parapet,nr,464.4,1.1195,607.9661,Item-specific,1,item-specific
