Item ref,Class,Section,Sub-heading,Item,Unit,Labour EUR,Plant EUR,Material EUR,Sub-contract EUR,TOTAL COST EUR,WBS lines,Book-derived EUR,Variance EUR
124,CLASS B: GROUND INVESTIGATION,01 TRIAL PITS AND TRENCHES,"Trial holes measured by number; Excavating trial hole; plan size 1.0 x 2.0 m; supports, backfilling",ne 1.0 m deep,nr,50.99,104.77,0,0,155.76,10,155.75,0.01
125,CLASS B: GROUND INVESTIGATION,01 TRIAL PITS AND TRENCHES,"Trial holes measured by number; Excavating trial hole; plan size 1.0 x 2.0 m; supports, backfilling",1.0-2.0 m deep,nr,99.83,134.19,0,0,234.02,10,234.02,0.0
126,CLASS B: GROUND INVESTIGATION,01 TRIAL PITS AND TRENCHES,"Trial holes measured by number; Excavating trial hole; plan size 1.0 x 2.0 m; supports, backfilling",over 2.0 m deep,nr,112.59,163.86,0,0,276.45,10,276.43,0.02
128,CLASS B: GROUND INVESTIGATION,01 TRIAL PITS AND TRENCHES,"Trial holes measured by number; Excavating trial hole in rock or similar; plan size 1.0 x 2.0 m; supports, backfilling",ne 1.0 m deep,nr,59.49,112.75,0,0,172.24,10,172.23,0.01
129,CLASS B: GROUND INVESTIGATION,01 TRIAL PITS AND TRENCHES,"Trial holes measured by number; Excavating trial hole in rock or similar; plan size 1.0 x 2.0 m; supports, backfilling",1.0-2.0 m deep,nr,108.33,160.9,0,0,269.23,10,269.25,-0.02
130,CLASS B: GROUND INVESTIGATION,01 TRIAL PITS AND TRENCHES,"Trial holes measured by number; Excavating trial hole in rock or similar; plan size 1.0 x 2.0 m; supports, backfilling",over 2.0 m deep,nr,123.2,192.61,0,0,315.81,10,315.82,-0.01
132,CLASS B: GROUND INVESTIGATION,01 TRIAL PITS AND TRENCHES,"Trial holes measured by depth; Excavating trial hole; plan size 1.0 x 2.0 m; supports, backfilling",ne 1.0 m deep,m,50.99,106.87,0,0,157.86,10,157.86,0.0
134,CLASS B: GROUND INVESTIGATION,01 TRIAL PITS AND TRENCHES,"Trial holes measured by depth; Excavating trial hole; plan size 1.0 x 2.0 m; supports, backfilling (continued)",1.0-2.0 m deep,m,112.59,149.52,0,0,262.11,10,262.11,0.0
135,CLASS B: GROUND INVESTIGATION,01 TRIAL PITS AND TRENCHES,"Trial holes measured by depth; Excavating trial hole; plan size 1.0 x 2.0 m; supports, backfilling (continued)",2.0-3.0 m deep,m,125.33,158.21,0,0,283.54,10,283.54,0.0
136,CLASS B: GROUND INVESTIGATION,01 TRIAL PITS AND TRENCHES,"Trial holes measured by depth; Excavating trial hole; plan size 1.0 x 2.0 m; supports, backfilling (continued)",3.0-5.0 m deep,m,138.08,210.12,0,0,348.2,10,348.2,0.0
138,CLASS B: GROUND INVESTIGATION,01 TRIAL PITS AND TRENCHES,"Excavating trial hole in rock or similar; plan size 1.0 x 2.0 m; supports, backfilling",ne 1.0 m deep,m,626.67,719.78,0,0,1346.45,10,1346.45,0.0
139,CLASS B: GROUND INVESTIGATION,01 TRIAL PITS AND TRENCHES,"Excavating trial hole in rock or similar; plan size 1.0 x 2.0 m; supports, backfilling",1.0-2.0 m deep,m,775.36,1108.93,0,0,1884.29,10,1884.31,-0.02
140,CLASS B: GROUND INVESTIGATION,01 TRIAL PITS AND TRENCHES,"Excavating trial hole in rock or similar; plan size 1.0 x 2.0 m; supports, backfilling",2.0-3.0 m deep,m,839.09,1153.13,0,0,1992.22,10,1992.22,0.0
141,CLASS B: GROUND INVESTIGATION,01 TRIAL PITS AND TRENCHES,"Excavating trial hole in rock or similar; plan size 1.0 x 2.0 m; supports, backfilling",3.0-5.0 m deep,m,955.93,1233.83,0,0,2189.76,10,2189.77,-0.01
143,CLASS B: GROUND INVESTIGATION,01 TRIAL PITS AND TRENCHES,Sundries in trial holes,Removal of obstructions from trial holes irrespective of depth,hr,212.42,433.34,0,0,645.76,10,645.77,-0.01
144,CLASS B: GROUND INVESTIGATION,01 TRIAL PITS AND TRENCHES,Sundries in trial holes,Pumping; maximum depth 4.0 m minimum 750 litres per hour,hr,4.99,44.47,0,0,49.46,10,49.46,0.0
148,CLASS B: GROUND INVESTIGATION,02 LIGHT CABLE PERCUSSION BOREHOLES,General,Establishment of standard plant and equipment and removal on completion,item,0,0,0,22069.58,22069.58,1,22069.58,0.0
149,CLASS B: GROUND INVESTIGATION,02 LIGHT CABLE PERCUSSION BOREHOLES,General,Number; 150 mm nominal dia. at base,nr,0,0,0,115.09,115.09,1,115.09,0.0
151,CLASS B: GROUND INVESTIGATION,02 LIGHT CABLE PERCUSSION BOREHOLES,Depth; 150 mm nominal dia. of base,in holes of maximum depth not exceeding 5 m,m,0,0,0,46.03,46.03,1,46.03,0.0
152,CLASS B: GROUND INVESTIGATION,02 LIGHT CABLE PERCUSSION BOREHOLES,Depth; 150 mm nominal dia. of base,in holes of maximum depth 5-10 m,m,0,0,0,46.03,46.03,1,46.03,0.0
153,CLASS B: GROUND INVESTIGATION,02 LIGHT CABLE PERCUSSION BOREHOLES,Depth; 150 mm nominal dia. of base,in holes of maximum depth 10-20 m,m,0,0,0,57.54,57.54,1,57.54,0.0
154,CLASS B: GROUND INVESTIGATION,02 LIGHT CABLE PERCUSSION BOREHOLES,Depth; 150 mm nominal dia. of base,in holes of maximum depth 20-30 m,m,0,0,0,73.63,73.63,1,73.63,0.0
155,CLASS B: GROUND INVESTIGATION,02 LIGHT CABLE PERCUSSION BOREHOLES,Depth; 150 mm nominal dia. of base,Depth backfilled; imported pulverised fuel ash,m,0,0,0,11.91,11.91,1,11.91,0.0
156,CLASS B: GROUND INVESTIGATION,02 LIGHT CABLE PERCUSSION BOREHOLES,Depth; 150 mm nominal dia. of base,Depth backfilled; imported gravel,m,0,0,0,16.67,16.67,1,16.67,0.0
157,CLASS B: GROUND INVESTIGATION,02 LIGHT CABLE PERCUSSION BOREHOLES,Depth; 150 mm nominal dia. of base,Depth backfilled; bentonite grout,m,0,0,0,23.84,23.84,1,23.84,0.0
158,CLASS B: GROUND INVESTIGATION,02 LIGHT CABLE PERCUSSION BOREHOLES,Depth; 150 mm nominal dia. of base,Chiselling to prove rock or to penetrate obstructions,hour,0,0,0,115.11,115.11,1,115.11,0.0
159,CLASS B: GROUND INVESTIGATION,02 LIGHT CABLE PERCUSSION BOREHOLES,Depth; 150 mm nominal dia. of base,Standing time of rig and crew,hour,0,0,0,115.11,115.11,1,115.11,0.0
162,CLASS B: GROUND INVESTIGATION,03 ROTARY DRILLED BOREHOLES,,Establishment of standard plant and equipment and removal on completion,item,0,0,0,55173.94,55173.94,1,55173.94,0.0
163,CLASS B: GROUND INVESTIGATION,03 ROTARY DRILLED BOREHOLES,,Setting up at each borehole position,nr,0,0,0,23.01,23.01,1,23.01,0.0
165,CLASS B: GROUND INVESTIGATION,03 ROTARY DRILLED BOREHOLES,Depth without core recovery; nominal minimum core dia. 100 mm,ne 5.0 m deep,m,0,0,0,130.68,130.68,1,130.68,0.0
166,CLASS B: GROUND INVESTIGATION,03 ROTARY DRILLED BOREHOLES,Depth without core recovery; nominal minimum core dia. 100 mm,5-10 m deep,m,0,0,0,130.68,130.68,1,130.68,0.0
167,CLASS B: GROUND INVESTIGATION,03 ROTARY DRILLED BOREHOLES,Depth without core recovery; nominal minimum core dia. 100 mm,10-20 m deep,m,0,0,0,144.62,144.62,1,144.62,0.0
168,CLASS B: GROUND INVESTIGATION,03 ROTARY DRILLED BOREHOLES,Depth without core recovery; nominal minimum core dia. 100 mm,20-30 m deep,m,0,0,0,144.62,144.62,1,144.62,0.0
170,CLASS B: GROUND INVESTIGATION,03 ROTARY DRILLED BOREHOLES,Depth with core recovery; nominal minimum core dia. 75 mm,ne 5.0 m deep,m,0,0,0,214.32,214.32,1,214.32,0.0
171,CLASS B: GROUND INVESTIGATION,03 ROTARY DRILLED BOREHOLES,Depth with core recovery; nominal minimum core dia. 75 mm,5-10 m deep,m,0,0,0,216.06,216.06,1,216.06,0.0
172,CLASS B: GROUND INVESTIGATION,03 ROTARY DRILLED BOREHOLES,Depth with core recovery; nominal minimum core dia. 75 mm,10-20 m deep,m,0,0,0,252.65,252.65,1,252.65,0.0
173,CLASS B: GROUND INVESTIGATION,03 ROTARY DRILLED BOREHOLES,Depth with core recovery; nominal minimum core dia. 75 mm,20-30 m deep,m,0,0,0,345.0,345.0,1,345.0,0.0
174,CLASS B: GROUND INVESTIGATION,03 ROTARY DRILLED BOREHOLES,Depth with core recovery; nominal minimum core dia. 75 mm,Depth cased; semi-rigid plastic core barrel liner,m,0,0,0,20.91,20.91,1,20.91,0.0
177,CLASS B: GROUND INVESTIGATION,04 SAMPLES,General; From the surface or from trial pits and trenches,undisturbed soft material; minimum 200 mm cube,nr,0,0,0,37.43,37.43,1,37.43,0.0
178,CLASS B: GROUND INVESTIGATION,04 SAMPLES,General; From the surface or from trial pits and trenches,disturbed soft material; minimum 5 kg,nr,0,0,0,5.87,5.87,1,5.86,0.01
179,CLASS B: GROUND INVESTIGATION,04 SAMPLES,General; From the surface or from trial pits and trenches,rock; minimum 5 kg,nr,0,0,0,23.34,23.34,1,23.34,0.0
180,CLASS B: GROUND INVESTIGATION,04 SAMPLES,General; From the surface or from trial pits and trenches,groundwater; miniumum 1 l,nr,0,0,0,10.38,10.38,1,10.38,0.0
182,CLASS B: GROUND INVESTIGATION,04 SAMPLES,From boreholes,open tube; 100 mm dia. x 450 mm long,nr,0,0,0,36.88,36.88,1,36.88,0.0
183,CLASS B: GROUND INVESTIGATION,04 SAMPLES,From boreholes,disturbed; minimum 5 kg,nr,0,0,0,5.71,5.71,1,5.71,0.0
184,CLASS B: GROUND INVESTIGATION,04 SAMPLES,From boreholes,groundwater; minimum 1 l,nr,0,0,0,8.93,8.93,1,8.93,0.0
185,CLASS B: GROUND INVESTIGATION,04 SAMPLES,From boreholes,stationary piston,nr,0,0,0,9.09,9.09,1,9.09,0.0
186,CLASS B: GROUND INVESTIGATION,04 SAMPLES,From boreholes,Swedish foil,nr,0,0,0,57.6,57.6,1,57.6,0.0
187,CLASS B: GROUND INVESTIGATION,04 SAMPLES,From boreholes,Delft,nr,0,0,0,57.6,57.6,1,57.6,0.0
188,CLASS B: GROUND INVESTIGATION,04 SAMPLES,From boreholes,Bishop sand,nr,0,0,0,9.2,9.2,1,9.2,0.0
191,CLASS B: GROUND INVESTIGATION,06 INSTRUMENTAL OBSERVATIONS,General; Pressure head,standpipe; 75 mm dia. HDPE pipe,m,0,0,0,96.68,96.68,1,96.68,0.0
192,CLASS B: GROUND INVESTIGATION,06 INSTRUMENTAL OBSERVATIONS,General; Pressure head,piezometer,m,0,0,0,153.65,153.65,1,153.65,0.0
193,CLASS B: GROUND INVESTIGATION,06 INSTRUMENTAL OBSERVATIONS,General; Pressure head,install protective cover,nr,0,0,0,250.33,250.33,1,250.33,0.0
194,CLASS B: GROUND INVESTIGATION,06 INSTRUMENTAL OBSERVATIONS,General; Pressure head,readings,nr,0,0,0,103.58,103.58,1,103.58,0.0
197,CLASS B: GROUND INVESTIGATION,07 LABORATORY TESTS,General; Classification,moisture content,nr,0,0,0,9.73,9.73,1,9.73,0.0
198,CLASS B: GROUND INVESTIGATION,07 LABORATORY TESTS,General; Classification,specific gravity,nr,0,0,0,14.02,14.02,1,14.02,0.0
199,CLASS B: GROUND INVESTIGATION,07 LABORATORY TESTS,General; Classification,particle size analysis by sieve,nr,0,0,0,58.48,58.48,1,58.48,0.0
200,CLASS B: GROUND INVESTIGATION,07 LABORATORY TESTS,General; Classification,particle size analysis by pipette or hydrometer,nr,0,0,0,77.96,77.96,1,77.96,0.0
202,CLASS B: GROUND INVESTIGATION,07 LABORATORY TESTS,Chemical content,organic matter,nr,0,0,0,62.38,62.38,1,62.38,0.0
203,CLASS B: GROUND INVESTIGATION,07 LABORATORY TESTS,Chemical content,sulphate,nr,0,0,0,42.86,42.86,1,42.86,0.0
204,CLASS B: GROUND INVESTIGATION,07 LABORATORY TESTS,Chemical content,pH value,nr,0,0,0,13.65,13.65,1,13.65,0.0
205,CLASS B: GROUND INVESTIGATION,07 LABORATORY TESTS,Chemical content,contaminants; Comprehensive,nr,0,0,0,487.41,487.41,1,487.41,0.0
206,CLASS B: GROUND INVESTIGATION,07 LABORATORY TESTS,Chemical content,contaminants; Abbreviated,nr,0,0,0,341.16,341.16,1,341.16,0.0
207,CLASS B: GROUND INVESTIGATION,07 LABORATORY TESTS,Chemical content,"contaminants; Mini, Screening",nr,0,0,0,282.71,282.71,1,282.71,0.0
208,CLASS B: GROUND INVESTIGATION,07 LABORATORY TESTS,Chemical content,contaminants; nitrogen herbicides,nr,0,0,0,253.45,253.45,1,253.45,0.0
209,CLASS B: GROUND INVESTIGATION,07 LABORATORY TESTS,Chemical content,contaminants; organophosphorus pesticides,nr,0,0,0,214.45,214.45,1,214.45,0.0
210,CLASS B: GROUND INVESTIGATION,07 LABORATORY TESTS,Chemical content,contaminants; organochlorine pesticides,nr,0,0,0,214.45,214.45,1,214.45,0.0
212,CLASS B: GROUND INVESTIGATION,07 LABORATORY TESTS,Compaction,standard,nr,0,0,0,253.44,253.44,1,253.44,0.0
213,CLASS B: GROUND INVESTIGATION,07 LABORATORY TESTS,Compaction,heavy,nr,0,0,0,253.45,253.45,1,253.45,0.0
214,CLASS B: GROUND INVESTIGATION,07 LABORATORY TESTS,Compaction,vibratory,nr,0,0,0,282.71,282.71,1,282.71,0.0
216,CLASS B: GROUND INVESTIGATION,07 LABORATORY TESTS,Permeability,falling head,nr,0,0,0,116.98,116.98,1,116.99,-0.01
219,CLASS B: GROUND INVESTIGATION,07 LABORATORY TESTS,Soil strength (continued),quick undrained triaxial; set of three 38 mm dia. specimens,nr,0,0,0,58.48,58.48,1,58.48,0.0
220,CLASS B: GROUND INVESTIGATION,07 LABORATORY TESTS,Soil strength (continued),shear box; peak only; size of shearbox 100 x 100 mm,nr,0,0,0,73.1,73.1,1,73.1,0.0
221,CLASS B: GROUND INVESTIGATION,07 LABORATORY TESTS,Soil strength (continued),California bearing ratio; typical,nr,0,0,0,85.79,85.79,1,85.79,0.0
223,CLASS B: GROUND INVESTIGATION,07 LABORATORY TESTS,Rock strength,point load test; minimum 5 kg sample,nr,0,0,0,125.98,125.98,1,125.98,0.0
226,CLASS B: GROUND INVESTIGATION,08 PROFESSIONAL SERVICES,General,Technician,hr,0,0,0,80.26,80.26,1,80.26,0.0
227,CLASS B: GROUND INVESTIGATION,08 PROFESSIONAL SERVICES,General,Technician engineer,hr,0,0,0,110.1,110.1,1,110.1,0.0
229,CLASS B: GROUND INVESTIGATION,08 PROFESSIONAL SERVICES,Engineer or geologist,graduate,hr,0,0,0,110.1,110.1,1,110.1,0.0
230,CLASS B: GROUND INVESTIGATION,08 PROFESSIONAL SERVICES,Engineer or geologist,chartered,hr,0,0,0,136.52,136.52,1,136.52,0.0
231,CLASS B: GROUND INVESTIGATION,08 PROFESSIONAL SERVICES,Engineer or geologist,principal or consultant,hr,0,0,0,182.9,182.9,1,182.9,0.0
233,CLASS B: GROUND INVESTIGATION,08 PROFESSIONAL SERVICES,Visits to the Site,technician,nr,0,0,0,80.26,80.26,1,80.26,0.0
234,CLASS B: GROUND INVESTIGATION,08 PROFESSIONAL SERVICES,Visits to the Site,technician engineer/graduate engineer or geologist,nr,0,0,0,110.1,110.1,1,110.1,0.0
235,CLASS B: GROUND INVESTIGATION,08 PROFESSIONAL SERVICES,Visits to the Site,chartered engineer,nr,0,0,0,136.52,136.52,1,136.52,0.0
236,CLASS B: GROUND INVESTIGATION,08 PROFESSIONAL SERVICES,Visits to the Site,principal or consultant,nr,0,0,0,182.9,182.9,1,182.9,0.0
237,CLASS B: GROUND INVESTIGATION,08 PROFESSIONAL SERVICES,Visits to the Site,Overnight stays in connection with visits to the site technician,nr,0,0,0,153.42,153.42,1,153.42,0.0
238,CLASS B: GROUND INVESTIGATION,08 PROFESSIONAL SERVICES,Visits to the Site,technician engineer/graduate engineer or geologist,nr,0,0,0,152.71,152.71,1,152.71,0.0
239,CLASS B: GROUND INVESTIGATION,08 PROFESSIONAL SERVICES,Visits to the Site,chartered engineer/senior geologist,nr,0,0,0,198.89,198.89,1,198.89,0.0
240,CLASS B: GROUND INVESTIGATION,08 PROFESSIONAL SERVICES,Visits to the Site,principal or consultant,nr,0,0,0,198.89,198.89,1,198.89,0.0
245,CLASS C: GEOTECHNICAL AND OTHER SPECIALIST PROCESSES,01 DRILLING FOR GROUT HOLES,,Establishment of standard drilling plant and equipment and removal on completion,item,0,0,0,21114.28,21114.28,1,21114.28,0.0
246,CLASS C: GEOTECHNICAL AND OTHER SPECIALIST PROCESSES,01 DRILLING FOR GROUT HOLES,,Rate per hole,nr,0,0,0,211.14,211.14,1,211.14,0.0
247,CLASS C: GEOTECHNICAL AND OTHER SPECIALIST PROCESSES,01 DRILLING FOR GROUT HOLES,,Standing time,hour,0,0,0,460.46,460.46,1,460.46,0.0
248,CLASS C: GEOTECHNICAL AND OTHER SPECIALIST PROCESSES,01 DRILLING FOR GROUT HOLES,,Multiple water pressure tests,nr,0,0,0,14.09,14.09,1,14.09,0.0
250,CLASS C: GEOTECHNICAL AND OTHER SPECIALIST PROCESSES,01 DRILLING FOR GROUT HOLES,Drilling through material other than rock or artificial hard material; vertically downwards,depth ne 5 m,m,0,0,0,40.27,40.27,1,40.27,0.0
251,CLASS C: GEOTECHNICAL AND OTHER SPECIALIST PROCESSES,01 DRILLING FOR GROUT HOLES,Drilling through material other than rock or artificial hard material; vertically downwards,depth 5-10 m,m,0,0,0,46.62,46.62,1,46.62,0.0
252,CLASS C: GEOTECHNICAL AND OTHER SPECIALIST PROCESSES,01 DRILLING FOR GROUT HOLES,Drilling through material other than rock or artificial hard material; vertically downwards,depth 10-20 m,m,0,0,0,55.23,55.23,1,55.23,0.0
253,CLASS C: GEOTECHNICAL AND OTHER SPECIALIST PROCESSES,01 DRILLING FOR GROUT HOLES,Drilling through material other than rock or artificial hard material; vertically downwards,depth 20-30 m,m,0,0,0,67.56,67.56,1,67.56,0.0
255,CLASS C: GEOTECHNICAL AND OTHER SPECIALIST PROCESSES,01 DRILLING FOR GROUT HOLES,Downwards at an angle 0-45 deg to the vertical,depth ne 5 m,m,0,0,0,40.27,40.27,1,40.27,0.0
256,CLASS C: GEOTECHNICAL AND OTHER SPECIALIST PROCESSES,01 DRILLING FOR GROUT HOLES,Downwards at an angle 0-45 deg to the vertical,depth 5-10 m,m,0,0,0,46.62,46.62,1,46.62,0.0
257,CLASS C: GEOTECHNICAL AND OTHER SPECIALIST PROCESSES,01 DRILLING FOR GROUT HOLES,Downwards at an angle 0-45 deg to the vertical,depth 10-20 m,m,0,0,0,55.23,55.23,1,55.23,0.0
258,CLASS C: GEOTECHNICAL AND OTHER SPECIALIST PROCESSES,01 DRILLING FOR GROUT HOLES,Downwards at an angle 0-45 deg to the vertical,depth 20-30 m,m,0,0,0,67.56,67.56,1,67.56,0.0
260,CLASS C: GEOTECHNICAL AND OTHER SPECIALIST PROCESSES,01 DRILLING FOR GROUT HOLES,Horizontally or downwards at an angle less than 45 deg to the horizontal,depth ne 5 m,m,0,0,0,40.27,40.27,1,40.27,0.0
261,CLASS C: GEOTECHNICAL AND OTHER SPECIALIST PROCESSES,01 DRILLING FOR GROUT HOLES,Horizontally or downwards at an angle less than 45 deg to the horizontal,depth 5-10 m,m,0,0,0,46.62,46.62,1,46.62,0.0
262,CLASS C: GEOTECHNICAL AND OTHER SPECIALIST PROCESSES,01 DRILLING FOR GROUT HOLES,Horizontally or downwards at an angle less than 45 deg to the horizontal,depth 10-20 m,m,0,0,0,55.23,55.23,1,55.23,0.0
263,CLASS C: GEOTECHNICAL AND OTHER SPECIALIST PROCESSES,01 DRILLING FOR GROUT HOLES,Horizontally or downwards at an angle less than 45 deg to the horizontal,depth 20-30 m,m,0,0,0,67.56,67.56,1,67.56,0.0
265,CLASS C: GEOTECHNICAL AND OTHER SPECIALIST PROCESSES,01 DRILLING FOR GROUT HOLES,Upwards at an angle 0-45 deg to the horizontal,depth ne 5 m,m,0,0,0,66.33,66.33,1,66.33,0.0
266,CLASS C: GEOTECHNICAL AND OTHER SPECIALIST PROCESSES,01 DRILLING FOR GROUT HOLES,Upwards at an angle 0-45 deg to the horizontal,depth 5-10 m,m,0,0,0,80.68,80.68,1,80.68,0.0
267,CLASS C: GEOTECHNICAL AND OTHER SPECIALIST PROCESSES,01 DRILLING FOR GROUT HOLES,Upwards at an angle 0-45 deg to the horizontal,depth 10-20 m,m,0,0,0,86.05,86.05,1,86.05,0.0
268,CLASS C: GEOTECHNICAL AND OTHER SPECIALIST PROCESSES,01 DRILLING FOR GROUT HOLES,Upwards at an angle 0-45 deg to the horizontal,depth 20-30 m,m,0,0,0,91.8,91.8,1,91.8,0.0
270,CLASS C: GEOTECHNICAL AND OTHER SPECIALIST PROCESSES,01 DRILLING FOR GROUT HOLES,Upwards at an angle less than 45 deg to the vertical,depth ne 5 m,m,0,0,0,66.33,66.33,1,66.33,0.0
271,CLASS C: GEOTECHNICAL AND OTHER SPECIALIST PROCESSES,01 DRILLING FOR GROUT HOLES,Upwards at an angle less than 45 deg to the vertical,depth 5-10 m,m,0,0,0,80.68,80.68,1,80.68,0.0
272,CLASS C: GEOTECHNICAL AND OTHER SPECIALIST PROCESSES,01 DRILLING FOR GROUT HOLES,Upwards at an angle less than 45 deg to the vertical,depth 10-20 m,m,0,0,0,86.05,86.05,1,86.05,0.0
273,CLASS C: GEOTECHNICAL AND OTHER SPECIALIST PROCESSES,01 DRILLING FOR GROUT HOLES,Upwards at an angle less than 45 deg to the vertical,depth 20-30 m,m,0,0,0,91.8,91.8,1,91.8,0.0
275,CLASS C: GEOTECHNICAL AND OTHER SPECIALIST PROCESSES,01 DRILLING FOR GROUT HOLES,Drilling through rock or artificial hard material; vertically downwards,depth ne 5 m,m,0,0,0,43.12,43.12,1,43.12,0.0
276,CLASS C: GEOTECHNICAL AND OTHER SPECIALIST PROCESSES,01 DRILLING FOR GROUT HOLES,Drilling through rock or artificial hard material; vertically downwards,depth 5-10 m,m,0,0,0,52.94,52.94,1,52.94,0.0
277,CLASS C: GEOTECHNICAL AND OTHER SPECIALIST PROCESSES,01 DRILLING FOR GROUT HOLES,Drilling through rock or artificial hard material; vertically downwards,depth 10-20 m,m,0,0,0,64.42,64.42,1,64.42,0.0
278,CLASS C: GEOTECHNICAL AND OTHER SPECIALIST PROCESSES,01 DRILLING FOR GROUT HOLES,Drilling through rock or artificial hard material; vertically downwards,depth 20-30 m,m,0,0,0,80.53,80.53,1,80.53,0.0
280,CLASS C: GEOTECHNICAL AND OTHER SPECIALIST PROCESSES,01 DRILLING FOR GROUT HOLES,Drilling through rock or artificial hard material; downwards at an angle 0-45 deg to the vertical,depth ne 5 m,m,0,0,0,43.12,43.12,1,43.12,0.0
281,CLASS C: GEOTECHNICAL AND OTHER SPECIALIST PROCESSES,01 DRILLING FOR GROUT HOLES,Drilling through rock or artificial hard material; downwards at an angle 0-45 deg to the vertical,depth 5-10 m,m,0,0,0,52.94,52.94,1,52.94,0.0
282,CLASS C: GEOTECHNICAL AND OTHER SPECIALIST PROCESSES,01 DRILLING FOR GROUT HOLES,Drilling through rock or artificial hard material; downwards at an angle 0-45 deg to the vertical,depth 10-20 m,m,0,0,0,64.42,64.42,1,64.42,0.0
283,CLASS C: GEOTECHNICAL AND OTHER SPECIALIST PROCESSES,01 DRILLING FOR GROUT HOLES,Drilling through rock or artificial hard material; downwards at an angle 0-45 deg to the vertical,depth 20-30 m,m,0,0,0,80.53,80.53,1,80.53,0.0
285,CLASS C: GEOTECHNICAL AND OTHER SPECIALIST PROCESSES,01 DRILLING FOR GROUT HOLES,Drilling through rock or artificial hard material; horizontally or downwards at an angle less than 45 deg to the horizontal,depth ne 5 m,m,0,0,0,43.12,43.12,1,43.12,0.0
286,CLASS C: GEOTECHNICAL AND OTHER SPECIALIST PROCESSES,01 DRILLING FOR GROUT HOLES,Drilling through rock or artificial hard material; horizontally or downwards at an angle less than 45 deg to the horizontal,depth 5-10 m,m,0,0,0,52.94,52.94,1,52.94,0.0
287,CLASS C: GEOTECHNICAL AND OTHER SPECIALIST PROCESSES,01 DRILLING FOR GROUT HOLES,Drilling through rock or artificial hard material; horizontally or downwards at an angle less than 45 deg to the horizontal,depth 10-20 m,m,0,0,0,64.42,64.42,1,64.42,0.0
288,CLASS C: GEOTECHNICAL AND OTHER SPECIALIST PROCESSES,01 DRILLING FOR GROUT HOLES,Drilling through rock or artificial hard material; horizontally or downwards at an angle less than 45 deg to the horizontal,depth 20-30 m,m,0,0,0,80.53,80.53,1,80.53,0.0
290,CLASS C: GEOTECHNICAL AND OTHER SPECIALIST PROCESSES,01 DRILLING FOR GROUT HOLES,Drilling through rock or artificial hard material; upwards at an angle 0-45 deg to the horizontal,depth ne 5 m,m,0,0,0,48.41,48.41,1,48.41,0.0
291,CLASS C: GEOTECHNICAL AND OTHER SPECIALIST PROCESSES,01 DRILLING FOR GROUT HOLES,Drilling through rock or artificial hard material; upwards at an angle 0-45 deg to the horizontal,depth 5-10 m,m,0,0,0,91.8,91.8,1,91.8,0.0
292,CLASS C: GEOTECHNICAL AND OTHER SPECIALIST PROCESSES,01 DRILLING FOR GROUT HOLES,Drilling through rock or artificial hard material; upwards at an angle 0-45 deg to the horizontal,depth 10-20 m,m,0,0,0,104.34,104.34,1,104.34,0.0
293,CLASS C: GEOTECHNICAL AND OTHER SPECIALIST PROCESSES,01 DRILLING FOR GROUT HOLES,Drilling through rock or artificial hard material; upwards at an angle 0-45 deg to the horizontal,depth 20-30 m,m,0,0,0,117.08,117.08,1,117.08,0.0
296,CLASS C: GEOTECHNICAL AND OTHER SPECIALIST PROCESSES,01 DRILLING FOR GROUT HOLES,Drilling through rock or artificial hard material; upwards at an angle less than 45 deg to the horizontal (continued),depth ne 5 m,m,0,0,0,48.41,48.41,1,48.41,0.0
297,CLASS C: GEOTECHNICAL AND OTHER SPECIALIST PROCESSES,01 DRILLING FOR GROUT HOLES,Drilling through rock or artificial hard material; upwards at an angle less than 45 deg to the horizontal (continued),depth 5-10 m,m,0,0,0,91.8,91.8,1,91.8,0.0
298,CLASS C: GEOTECHNICAL AND OTHER SPECIALIST PROCESSES,01 DRILLING FOR GROUT HOLES,Drilling through rock or artificial hard material; upwards at an angle less than 45 deg to the horizontal (continued),depth 10-20 m,m,0,0,0,104.34,104.34,1,104.34,0.0
299,CLASS C: GEOTECHNICAL AND OTHER SPECIALIST PROCESSES,01 DRILLING FOR GROUT HOLES,Drilling through rock or artificial hard material; upwards at an angle less than 45 deg to the horizontal (continued),depth 20-30 m,m,0,0,0,117.08,117.08,1,117.08,0.0
303,CLASS C: GEOTECHNICAL AND OTHER SPECIALIST PROCESSES,04 GROUT MATERIALS AND INJECTION,Materials,ordinary portland cement,t,0,0,0,262.73,262.73,1,262.73,0.0
304,CLASS C: GEOTECHNICAL AND OTHER SPECIALIST PROCESSES,04 GROUT MATERIALS AND INJECTION,Materials,sulphate-resistant cement,t,0,0,0,267.51,267.51,1,267.51,0.0
305,CLASS C: GEOTECHNICAL AND OTHER SPECIALIST PROCESSES,04 GROUT MATERIALS AND INJECTION,Materials,cement grout,t,0,0,0,388.36,388.36,1,388.36,0.0
306,CLASS C: GEOTECHNICAL AND OTHER SPECIALIST PROCESSES,04 GROUT MATERIALS AND INJECTION,Materials,pulverised fuel ash,t,0,0,0,37.66,37.66,1,37.66,0.0
307,CLASS C: GEOTECHNICAL AND OTHER SPECIALIST PROCESSES,04 GROUT MATERIALS AND INJECTION,Materials,sand,t,0,0,0,49.39,49.39,1,49.39,0.0
308,CLASS C: GEOTECHNICAL AND OTHER SPECIALIST PROCESSES,04 GROUT MATERIALS AND INJECTION,Materials,pea gravel,t,0,0,0,49.39,49.39,1,49.39,0.0
309,CLASS C: GEOTECHNICAL AND OTHER SPECIALIST PROCESSES,04 GROUT MATERIALS AND INJECTION,Materials,bentonite (2:1),t,0,0,0,339.21,339.21,1,339.21,0.0
311,CLASS C: GEOTECHNICAL AND OTHER SPECIALIST PROCESSES,04 GROUT MATERIALS AND INJECTION,Injection,establishment of standard injection plant and removal on completion,item,0,0,0,23729.45,23729.45,1,23729.45,0.0
312,CLASS C: GEOTECHNICAL AND OTHER SPECIALIST PROCESSES,04 GROUT MATERIALS AND INJECTION,Injection,standing time,hr,0,0,0,460.46,460.46,1,460.46,0.0
313,CLASS C: GEOTECHNICAL AND OTHER SPECIALIST PROCESSES,04 GROUT MATERIALS AND INJECTION,Injection,number of injections,nr,0,0,0,143.22,143.22,1,143.22,0.0
314,CLASS C: GEOTECHNICAL AND OTHER SPECIALIST PROCESSES,04 GROUT MATERIALS AND INJECTION,Injection,neat cement grout,t,0,0,0,243.44,243.44,1,243.44,0.0
315,CLASS C: GEOTECHNICAL AND OTHER SPECIALIST PROCESSES,04 GROUT MATERIALS AND INJECTION,Injection,cement/PFA grout,t,0,0,0,149.67,149.67,1,149.67,0.0
319,CLASS C: GEOTECHNICAL AND OTHER SPECIALIST PROCESSES,05 DIAPHRAGM WALLS,,Establishment of standard plant and equipment including bentonite storage tanks and removal on completion,item,0,0,0,718849.42,718849.42,1,718849.42,0.0
320,CLASS C: GEOTECHNICAL AND OTHER SPECIALIST PROCESSES,05 DIAPHRAGM WALLS,,Standing time,hour,0,0,0,1841.85,1841.85,1,1841.85,0.0
321,CLASS C: GEOTECHNICAL AND OTHER SPECIALIST PROCESSES,05 DIAPHRAGM WALLS,,"Excavation, disposal of soil and placing of concrete",m3,0,0,0,933.6,933.6,1,933.6,0.0
322,CLASS C: GEOTECHNICAL AND OTHER SPECIALIST PROCESSES,05 DIAPHRAGM WALLS,,Provide and place reinforcement cages,tonne,0,0,0,1591.29,1591.29,1,1591.29,0.0
323,CLASS C: GEOTECHNICAL AND OTHER SPECIALIST PROCESSES,05 DIAPHRAGM WALLS,,Excavate/chisel in hard material/rock,hour,0,0,0,2067.54,2067.54,1,2067.54,0.0
324,CLASS C: GEOTECHNICAL AND OTHER SPECIALIST PROCESSES,05 DIAPHRAGM WALLS,,Waterproofed joints,m,0,0,0,13.8,13.8,1,13.8,0.0
325,CLASS C: GEOTECHNICAL AND OTHER SPECIALIST PROCESSES,05 DIAPHRAGM WALLS,,Guide walls (twin),m,0,0,0,1127.92,1127.92,1,1127.92,0.0
329,CLASS C: GEOTECHNICAL AND OTHER SPECIALIST PROCESSES,06 GROUND REINFORCEMENT,,Establishment of standard plant and equipment and removal on completion,item,0,0,0,23729.45,23729.45,1,23729.45,0.0
330,CLASS C: GEOTECHNICAL AND OTHER SPECIALIST PROCESSES,06 GROUND REINFORCEMENT,,Standing time,hour,0,0,0,460.46,460.46,1,460.46,0.0
332,CLASS C: GEOTECHNICAL AND OTHER SPECIALIST PROCESSES,06 GROUND REINFORCEMENT,Ground anchorages; temporary or permanent,"15.0 m maximum depth; in rock, alluvial or clay; 0-50 t load",m,0,0,0,81.59,81.59,1,81.59,0.0
333,CLASS C: GEOTECHNICAL AND OTHER SPECIALIST PROCESSES,06 GROUND REINFORCEMENT,Ground anchorages; temporary or permanent,15.0 m maximum depth; in rock or alluvial; 50-90 t load,m,0,0,0,115.23,115.23,1,115.23,0.0
334,CLASS C: GEOTECHNICAL AND OTHER SPECIALIST PROCESSES,06 GROUND REINFORCEMENT,Ground anchorages; temporary or permanent,15.0 m maximum depth; in rock only; 90-150 t load,m,0,0,0,237.07,237.07,1,237.07,0.0
336,CLASS C: GEOTECHNICAL AND OTHER SPECIALIST PROCESSES,06 GROUND REINFORCEMENT,Temporary tendons,"in rock, alluvial or clay; 0-50 t load",m,0,0,0,62.52,62.52,1,62.52,0.0
337,CLASS C: GEOTECHNICAL AND OTHER SPECIALIST PROCESSES,06 GROUND REINFORCEMENT,Temporary tendons,in rock or alluvial; 50-90 t load,m,0,0,0,90.49,90.49,1,90.49,0.0
338,CLASS C: GEOTECHNICAL AND OTHER SPECIALIST PROCESSES,06 GROUND REINFORCEMENT,Temporary tendons,in rock only; 90-150 t load,m,0,0,0,120.11,120.11,1,120.11,0.0
340,CLASS C: GEOTECHNICAL AND OTHER SPECIALIST PROCESSES,06 GROUND REINFORCEMENT,Permanent tendons,"in rock, alluvial or clay; 0-50 t load",m,0,0,0,62.52,62.52,1,62.52,0.0
341,CLASS C: GEOTECHNICAL AND OTHER SPECIALIST PROCESSES,06 GROUND REINFORCEMENT,Permanent tendons,in rock or alluvial; 50-90 t load,m,0,0,0,90.49,90.49,1,90.49,0.0
342,CLASS C: GEOTECHNICAL AND OTHER SPECIALIST PROCESSES,06 GROUND REINFORCEMENT,Permanent tendons,in rock only; 90-150 t load,m,0,0,0,192.17,192.17,1,192.17,0.0
346,CLASS C: GEOTECHNICAL AND OTHER SPECIALIST PROCESSES,"07 SAND, BAND AND WICK DRAINS",,Establishment of standard plant and equipment and removal on completion,item,0,0,0,14237.68,14237.68,1,14237.68,0.0
347,CLASS C: GEOTECHNICAL AND OTHER SPECIALIST PROCESSES,"07 SAND, BAND AND WICK DRAINS",,Standing time,hour,0,0,0,460.46,460.46,1,460.46,0.0
348,CLASS C: GEOTECHNICAL AND OTHER SPECIALIST PROCESSES,"07 SAND, BAND AND WICK DRAINS",,Set up installation equipment at each drain position Install drains maximum depth 10-15 m,nr,0,0,0,3.61,3.61,1,3.61,0.0
349,CLASS C: GEOTECHNICAL AND OTHER SPECIALIST PROCESSES,"07 SAND, BAND AND WICK DRAINS",,Install drains maximum depth over 15 m,m,0,0,0,3.36,3.36,1,3.36,0.0
351,CLASS C: GEOTECHNICAL AND OTHER SPECIALIST PROCESSES,"07 SAND, BAND AND WICK DRAINS",,establishment of standard drilling plant and equipment and removal on completion,item,0,0,0,4828.15,4828.15,1,4828.15,0.0
352,CLASS C: GEOTECHNICAL AND OTHER SPECIALIST PROCESSES,"07 SAND, BAND AND WICK DRAINS",,set up at each drain position,nr,0,0,0,11.7,11.7,1,11.7,0.0
353,CLASS C: GEOTECHNICAL AND OTHER SPECIALIST PROCESSES,"07 SAND, BAND AND WICK DRAINS",,drilling for vertical band drains up to a maximum depth of 3 m,m,0,0,0,25.4,25.4,1,25.4,0.0
361,CLASS C: GEOTECHNICAL AND OTHER SPECIALIST PROCESSES,08 VIBRO-FLOTATION AND DYNAMIC COMPACTION,Plant mobilization,establishment of standard plant and equipment and removal on completion,m,0,0,0,9490.16,9490.16,1,9490.16,0.0
362,CLASS C: GEOTECHNICAL AND OTHER SPECIALIST PROCESSES,08 VIBRO-FLOTATION AND DYNAMIC COMPACTION,Plant mobilization,standing time,m,0,370.97,0,0,370.97,7,370.98,-0.01
364,CLASS C: GEOTECHNICAL AND OTHER SPECIALIST PROCESSES,08 VIBRO-FLOTATION AND DYNAMIC COMPACTION,Construct stone columns to a depth ne 4 m,dry formed,m,115.8,0,0,0,115.8,5,115.81,-0.01
365,CLASS C: GEOTECHNICAL AND OTHER SPECIALIST PROCESSES,08 VIBRO-FLOTATION AND DYNAMIC COMPACTION,Construct stone columns to a depth ne 4 m,water jet formed,m,0,0,0,641.34,641.34,1,641.34,0.0
367,CLASS C: GEOTECHNICAL AND OTHER SPECIALIST PROCESSES,08 VIBRO-FLOTATION AND DYNAMIC COMPACTION,Plate bearing test,ne 11 t or 2 hour duration,nr,0,0,0,997.34,997.34,1,997.34,0.0
368,CLASS C: GEOTECHNICAL AND OTHER SPECIALIST PROCESSES,08 VIBRO-FLOTATION AND DYNAMIC COMPACTION,Plate bearing test,zone specification testing,nr,0,0,0,19946.83,19946.83,1,19946.83,0.0
370,CLASS C: GEOTECHNICAL AND OTHER SPECIALIST PROCESSES,08 VIBRO-FLOTATION AND DYNAMIC COMPACTION,Vibro flotation,Depth not exceeding 5 m,m,29.91,65.86,0,3189.53,3285.3,15,3285.32,-0.02
371,CLASS C: GEOTECHNICAL AND OTHER SPECIALIST PROCESSES,08 VIBRO-FLOTATION AND DYNAMIC COMPACTION,Vibro flotation,Depth: 5 m-10 m,m,74.82,34.87,0,4019.57,4129.26,15,4129.23,0.03
372,CLASS C: GEOTECHNICAL AND OTHER SPECIALIST PROCESSES,08 VIBRO-FLOTATION AND DYNAMIC COMPACTION,Vibro flotation,Depth: 10 m-20 m,m,74.82,63.01,0,5608.23,5746.06,15,5746.06,0.0
373,CLASS C: GEOTECHNICAL AND OTHER SPECIALIST PROCESSES,08 VIBRO-FLOTATION AND DYNAMIC COMPACTION,Vibro flotation,Depth: 30 m-40 m,m,149.62,69.68,0,9065.23,9284.53,15,9284.52,0.01
378,CLASS C: GEOTECHNICAL AND OTHER SPECIALIST PROCESSES,08 VIBRO-FLOTATION AND DYNAMIC COMPACTION,DYNAMIC COMPACTION,Establishment of standard plant and equipment and removal on completion.,item,0,0,0,25790.88,25790.88,1,25790.88,0.0
379,CLASS C: GEOTECHNICAL AND OTHER SPECIALIST PROCESSES,08 VIBRO-FLOTATION AND DYNAMIC COMPACTION,DYNAMIC COMPACTION,Ground treatment,m2,0,0,0,4.05,4.05,1,4.05,0.0
380,CLASS C: GEOTECHNICAL AND OTHER SPECIALIST PROCESSES,08 VIBRO-FLOTATION AND DYNAMIC COMPACTION,DYNAMIC COMPACTION,Laying free-draining granular blanket layer as both working surface and backfill material (300 mm thickness required of filter material),m2,0,0,0,19.69,19.69,1,19.69,0.0
381,CLASS C: GEOTECHNICAL AND OTHER SPECIALIST PROCESSES,08 VIBRO-FLOTATION AND DYNAMIC COMPACTION,DYNAMIC COMPACTION,"Control testing including levelling, piezometers and penetrameter testing",m2,0,0,0,8.65,8.65,1,8.65,0.0
382,CLASS C: GEOTECHNICAL AND OTHER SPECIALIST PROCESSES,08 VIBRO-FLOTATION AND DYNAMIC COMPACTION,DYNAMIC COMPACTION,Kentledge load test,nr,0,0,0,18469.6,18469.6,1,18469.6,0.0
385,CLASS C: GEOTECHNICAL AND OTHER SPECIALIST PROCESSES,08 VIBRO-FLOTATION AND DYNAMIC COMPACTION,CONSOLIDATION OF ABANDONED MINE WORKINGS,"Transport plant, labour and all equipment to and from site (max. 50 miles)",item,0,0,0,871.09,871.09,1,871.09,0.0
387,CLASS C: GEOTECHNICAL AND OTHER SPECIALIST PROCESSES,08 VIBRO-FLOTATION AND DYNAMIC COMPACTION,Drilling bore holes,move to each seperate bore position; erect equipment; dismantle prior to next move,nr,0,0,0,76.81,76.81,1,76.81,0.0
388,CLASS C: GEOTECHNICAL AND OTHER SPECIALIST PROCESSES,08 VIBRO-FLOTATION AND DYNAMIC COMPACTION,Drilling bore holes,drill 50 mm dia. bore holes,m,0,0,0,21.35,21.35,1,21.35,0.0
389,CLASS C: GEOTECHNICAL AND OTHER SPECIALIST PROCESSES,08 VIBRO-FLOTATION AND DYNAMIC COMPACTION,Drilling bore holes,drill 100 mm dia. bore holes for pea gravel injection,m,0,0,0,37.34,37.34,1,37.34,0.0
390,CLASS C: GEOTECHNICAL AND OTHER SPECIALIST PROCESSES,08 VIBRO-FLOTATION AND DYNAMIC COMPACTION,Drilling bore holes,"extra for casing, when required",m,0,0,0,31.98,31.98,1,31.98,0.0
391,CLASS C: GEOTECHNICAL AND OTHER SPECIALIST PROCESSES,08 VIBRO-FLOTATION AND DYNAMIC COMPACTION,Drilling bore holes,standing time for drilling rig and crew,hr,0,0,0,213.39,213.39,1,213.39,0.0
393,CLASS C: GEOTECHNICAL AND OTHER SPECIALIST PROCESSES,08 VIBRO-FLOTATION AND DYNAMIC COMPACTION,Grouting drilled bore holes,connecting grout lines,m,0,0,0,41.92,41.92,1,41.92,0.0
394,CLASS C: GEOTECHNICAL AND OTHER SPECIALIST PROCESSES,08 VIBRO-FLOTATION AND DYNAMIC COMPACTION,Grouting drilled bore holes,injection of grout,t,0,0,0,167.77,167.77,1,167.77,0.0
395,CLASS C: GEOTECHNICAL AND OTHER SPECIALIST PROCESSES,08 VIBRO-FLOTATION AND DYNAMIC COMPACTION,Grouting drilled bore holes,add for pea gravel injection,t,0,0,0,197.2,197.2,1,197.2,0.0
396,CLASS C: GEOTECHNICAL AND OTHER SPECIALIST PROCESSES,08 VIBRO-FLOTATION AND DYNAMIC COMPACTION,Grouting drilled bore holes,standing time for grouting rig and crew,hour,0,0,0,353.32,353.32,1,353.32,0.0
398,CLASS C: GEOTECHNICAL AND OTHER SPECIALIST PROCESSES,08 VIBRO-FLOTATION AND DYNAMIC COMPACTION,Provide materials for grouting,ordinary portland cement,t,0,0,0,262.73,262.73,1,262.73,0.0
399,CLASS C: GEOTECHNICAL AND OTHER SPECIALIST PROCESSES,08 VIBRO-FLOTATION AND DYNAMIC COMPACTION,Provide materials for grouting,sulphate-resistant cement,t,0,0,0,267.51,267.51,1,267.51,0.0
400,CLASS C: GEOTECHNICAL AND OTHER SPECIALIST PROCESSES,08 VIBRO-FLOTATION AND DYNAMIC COMPACTION,Provide materials for grouting,pulverised fuel ash (PFA),t,0,0,0,37.66,37.66,1,37.66,0.0
401,CLASS C: GEOTECHNICAL AND OTHER SPECIALIST PROCESSES,08 VIBRO-FLOTATION AND DYNAMIC COMPACTION,Provide materials for grouting,sand,t,0,0,0,49.39,49.39,1,49.39,0.0
402,CLASS C: GEOTECHNICAL AND OTHER SPECIALIST PROCESSES,08 VIBRO-FLOTATION AND DYNAMIC COMPACTION,Provide materials for grouting,pea gravel,t,0,0,0,411.67,411.67,1,411.67,0.0
403,CLASS C: GEOTECHNICAL AND OTHER SPECIALIST PROCESSES,08 VIBRO-FLOTATION AND DYNAMIC COMPACTION,Provide materials for grouting,bentonite (2:1),t,0,0,0,339.21,339.21,1,339.21,0.0
404,CLASS C: GEOTECHNICAL AND OTHER SPECIALIST PROCESSES,08 VIBRO-FLOTATION AND DYNAMIC COMPACTION,Provide materials for grouting,cement grout,t,0,0,0,388.36,388.36,1,388.36,0.0
406,CLASS C: GEOTECHNICAL AND OTHER SPECIALIST PROCESSES,08 VIBRO-FLOTATION AND DYNAMIC COMPACTION,"Capping to old shafts or similar; reinforced concrete grade C20P, 20 mm aggregate; thickness",ne 150 mm,m3,0,0,0,409.67,409.67,1,409.67,0.0
407,CLASS C: GEOTECHNICAL AND OTHER SPECIALIST PROCESSES,08 VIBRO-FLOTATION AND DYNAMIC COMPACTION,"Capping to old shafts or similar; reinforced concrete grade C20P, 20 mm aggregate; thickness",150-300 mm,m3,0,0,0,397.98,397.98,1,397.98,0.0
408,CLASS C: GEOTECHNICAL AND OTHER SPECIALIST PROCESSES,08 VIBRO-FLOTATION AND DYNAMIC COMPACTION,"Capping to old shafts or similar; reinforced concrete grade C20P, 20 mm aggregate; thickness",300-500 mm,m3,0,0,0,386.26,386.26,1,386.26,0.0
409,CLASS C: GEOTECHNICAL AND OTHER SPECIALIST PROCESSES,08 VIBRO-FLOTATION AND DYNAMIC COMPACTION,"Capping to old shafts or similar; reinforced concrete grade C20P, 20 mm aggregate; thickness",over 500 mm,m3,0,0,0,316.03,316.03,1,316.03,0.0
411,CLASS C: GEOTECHNICAL AND OTHER SPECIALIST PROCESSES,08 VIBRO-FLOTATION AND DYNAMIC COMPACTION,Mild steel bars BS4449; supplied in bent and cut lengths,6 mm nominal size,t,0,0,0,2086.75,2086.75,1,2086.75,0.0
412,CLASS C: GEOTECHNICAL AND OTHER SPECIALIST PROCESSES,08 VIBRO-FLOTATION AND DYNAMIC COMPACTION,Mild steel bars BS4449; supplied in bent and cut lengths,8 mm nominal size,t,0,0,0,2086.77,2086.77,1,2086.77,0.0
413,CLASS C: GEOTECHNICAL AND OTHER SPECIALIST PROCESSES,08 VIBRO-FLOTATION AND DYNAMIC COMPACTION,Mild steel bars BS4449; supplied in bent and cut lengths,10 mm nominal size,t,0,0,0,2086.77,2086.77,1,2086.77,0.0
414,CLASS C: GEOTECHNICAL AND OTHER SPECIALIST PROCESSES,08 VIBRO-FLOTATION AND DYNAMIC COMPACTION,Mild steel bars BS4449; supplied in bent and cut lengths,12 mm nominal size,t,0,0,0,2086.77,2086.77,1,2086.77,0.0
415,CLASS C: GEOTECHNICAL AND OTHER SPECIALIST PROCESSES,08 VIBRO-FLOTATION AND DYNAMIC COMPACTION,Mild steel bars BS4449; supplied in bent and cut lengths,16 mm nominal size,t,0,0,0,2086.77,2086.77,1,2086.77,0.0
416,CLASS C: GEOTECHNICAL AND OTHER SPECIALIST PROCESSES,08 VIBRO-FLOTATION AND DYNAMIC COMPACTION,Mild steel bars BS4449; supplied in bent and cut lengths,20 mm nominal size,t,0,0,0,2086.77,2086.77,1,2086.77,0.0
418,CLASS C: GEOTECHNICAL AND OTHER SPECIALIST PROCESSES,08 VIBRO-FLOTATION AND DYNAMIC COMPACTION,High yield steel bars BS4449 or 4461; supplied in bent and cut lengths,6 mm nominal size,t,0,0,0,2086.75,2086.75,1,2086.75,0.0
419,CLASS C: GEOTECHNICAL AND OTHER SPECIALIST PROCESSES,08 VIBRO-FLOTATION AND DYNAMIC COMPACTION,High yield steel bars BS4449 or 4461; supplied in bent and cut lengths,8 mm nominal size,t,0,0,0,2086.77,2086.77,1,2086.77,0.0
420,CLASS C: GEOTECHNICAL AND OTHER SPECIALIST PROCESSES,08 VIBRO-FLOTATION AND DYNAMIC COMPACTION,High yield steel bars BS4449 or 4461; supplied in bent and cut lengths,10 mm nominal size,t,0,0,0,2086.77,2086.77,1,2086.77,0.0
421,CLASS C: GEOTECHNICAL AND OTHER SPECIALIST PROCESSES,08 VIBRO-FLOTATION AND DYNAMIC COMPACTION,High yield steel bars BS4449 or 4461; supplied in bent and cut lengths,12 mm nominal size,t,0,0,0,2086.77,2086.77,1,2086.77,0.0
422,CLASS C: GEOTECHNICAL AND OTHER SPECIALIST PROCESSES,08 VIBRO-FLOTATION AND DYNAMIC COMPACTION,High yield steel bars BS4449 or 4461; supplied in bent and cut lengths,16 mm nominal size,t,0,0,0,2086.77,2086.77,1,2086.77,0.0
424,CLASS C: GEOTECHNICAL AND OTHER SPECIALIST PROCESSES,08 VIBRO-FLOTATION AND DYNAMIC COMPACTION,High yield steel bars BS4449 or 4461; supplied in bent and cut lengths (continued),20 mm nominal size,t,0,0,0,2086.77,2086.77,1,2086.77,0.0
429,CLASS D: DEMOLITION AND SITE CLEARANCE,01 SITE CLEARANCE,Clear site vegetation,generally,ha,0,0,0,2452.3,2452.3,1,2452.3,0.0
430,CLASS D: DEMOLITION AND SITE CLEARANCE,01 SITE CLEARANCE,Clear site vegetation,Invasive plant species,ha,0,0,0,6759.13,6759.13,1,6759.13,0.0
431,CLASS D: DEMOLITION AND SITE CLEARANCE,01 SITE CLEARANCE,Clear site vegetation,areas below tidal level,ha,0,0,0,8261.2,8261.2,1,8261.2,0.0
435,CLASS D: DEMOLITION AND SITE CLEARANCE,01 SITE CLEARANCE,Drilling with rotary percussion drills,105-110 mm dia.; hard rock,m,0,0,0,33.34,33.34,1,33.34,0.0
436,CLASS D: DEMOLITION AND SITE CLEARANCE,01 SITE CLEARANCE,Drilling with rotary percussion drills,105-110 mm dia.; sandstone,m,0,0,0,16.78,16.78,1,16.78,0.0
437,CLASS D: DEMOLITION AND SITE CLEARANCE,01 SITE CLEARANCE,Drilling with rotary percussion drills,125 mm dia.; hard rock,m,0,0,0,26.29,26.29,1,26.29,0.0
438,CLASS D: DEMOLITION AND SITE CLEARANCE,01 SITE CLEARANCE,Drilling with rotary percussion drills,125 mm dia.; sandstone,m,0,0,0,23.8,23.8,1,23.8,0.0
439,CLASS D: DEMOLITION AND SITE CLEARANCE,01 SITE CLEARANCE,Drilling with rotary percussion drills,165 mm dia.; hard rock,m,0,0,0,27.22,27.22,1,27.22,0.0
440,CLASS D: DEMOLITION AND SITE CLEARANCE,01 SITE CLEARANCE,Drilling with rotary percussion drills,165 mm dia.; sandstone Drilling and blasting in open cut for bulk excavation,m,0,0,0,30.14,30.14,1,30.14,0.0
442,CLASS D: DEMOLITION AND SITE CLEARANCE,01 SITE CLEARANCE,Drilling and blasting in open cut for bulk excavation excluding cost of excavation or trimming,hard rock,m,0,0,0,6.86,6.86,1,6.86,0.0
443,CLASS D: DEMOLITION AND SITE CLEARANCE,01 SITE CLEARANCE,Drilling and blasting in open cut for bulk excavation excluding cost of excavation or trimming,sandstone,m,0,0,0,10.37,10.37,1,10.37,0.0
445,CLASS D: DEMOLITION AND SITE CLEARANCE,01 SITE CLEARANCE,Drilling and blasting for quarry operations with face height exceeding 10 m,hard rock,m,0,0,0,7.2,7.2,1,7.2,0.0
446,CLASS D: DEMOLITION AND SITE CLEARANCE,01 SITE CLEARANCE,Drilling and blasting for quarry operations with face height exceeding 10 m,sandstone,m,0,0,0,7.2,7.2,1,7.2,0.0
448,CLASS D: DEMOLITION AND SITE CLEARANCE,01 SITE CLEARANCE,Drilling and blasting in trenches excluding cost of excavation or trimming,trench width ne 1.0 m,m,0,0,0,57.24,57.24,1,57.24,0.0
449,CLASS D: DEMOLITION AND SITE CLEARANCE,01 SITE CLEARANCE,Drilling and blasting in trenches excluding cost of excavation or trimming,trench width 1.0-1.5 m,m,0,0,0,50.04,50.04,1,50.04,0.0
450,CLASS D: DEMOLITION AND SITE CLEARANCE,01 SITE CLEARANCE,Drilling and blasting in trenches excluding cost of excavation or trimming,trench width over 1.5 m,m,0,0,0,42.05,42.05,1,42.05,0.0
452,CLASS D: DEMOLITION AND SITE CLEARANCE,01 SITE CLEARANCE,Secondary blasting to boulders,pop shooting,m,0,0,0,18.03,18.03,1,18.03,0.0
453,CLASS D: DEMOLITION AND SITE CLEARANCE,01 SITE CLEARANCE,Secondary blasting to boulders,plaster shooting,m,0,0,0,9.64,9.64,1,9.64,0.0
457,CLASS D: DEMOLITION AND SITE CLEARANCE,02 TREES,Remove trees,girth 500 mm-1 m,nr,0,0,0,88.03,88.03,1,88.03,0.0
458,CLASS D: DEMOLITION AND SITE CLEARANCE,02 TREES,Remove trees,girth 1-2 m,nr,0,0,0,149.49,149.49,1,149.49,0.0
459,CLASS D: DEMOLITION AND SITE CLEARANCE,02 TREES,Remove trees,girth 2-3 m,nr,0,0,0,518.22,518.22,1,518.22,0.0
460,CLASS D: DEMOLITION AND SITE CLEARANCE,02 TREES,Remove trees,girth 3-5 m,nr,0,0,0,1876.91,1876.91,1,1876.91,0.0
461,CLASS D: DEMOLITION AND SITE CLEARANCE,02 TREES,Remove trees,girth 7 m,nr,0,0,0,2631.0,2631.0,1,2631.0,0.0
464,CLASS D: DEMOLITION AND SITE CLEARANCE,03 STUMPS,Remove stumps and cart away; Clearance of stumps,dia. 150-500 mm,nr,0,0,0,91.43,91.43,1,91.43,0.0
465,CLASS D: DEMOLITION AND SITE CLEARANCE,03 STUMPS,Remove stumps and cart away; Clearance of stumps,dia. 500 mm-1 m,nr,0,0,0,172.72,172.72,1,172.72,0.0
466,CLASS D: DEMOLITION AND SITE CLEARANCE,03 STUMPS,Remove stumps and cart away; Clearance of stumps,dia. 2 m,nr,0,0,0,260.76,260.76,1,260.76,0.0
468,CLASS D: DEMOLITION AND SITE CLEARANCE,03 STUMPS,Clearance of stumps; backfilling holes with topsoil from site,dia. 150-500 mm,nr,0,0,0,111.08,111.08,1,111.08,0.0
469,CLASS D: DEMOLITION AND SITE CLEARANCE,03 STUMPS,Clearance of stumps; backfilling holes with topsoil from site,dia. 500 mm-1 m,nr,0,0,0,245.52,245.52,1,245.52,0.0
470,CLASS D: DEMOLITION AND SITE CLEARANCE,03 STUMPS,Clearance of stumps; backfilling holes with topsoil from site,dia. 2 m,nr,0,0,0,528.29,528.29,1,528.29,0.0
472,CLASS D: DEMOLITION AND SITE CLEARANCE,03 STUMPS,Clearance of stumps; backfilling holes with imported hardcore,dia. 150-500 mm,nr,0,0,0,129.37,129.37,1,129.37,0.0
473,CLASS D: DEMOLITION AND SITE CLEARANCE,03 STUMPS,Clearance of stumps; backfilling holes with imported hardcore,dia. 500 mm-1 m,nr,0,0,0,449.89,449.89,1,449.89,0.0
474,CLASS D: DEMOLITION AND SITE CLEARANCE,03 STUMPS,Clearance of stumps; backfilling holes with imported hardcore,dia. 2 m,nr,0,0,0,1481.58,1481.58,1,1481.58,0.0
478,CLASS D: DEMOLITION AND SITE CLEARANCE,04 BUILDINGS,Demolish building to ground level and dispose off site,brickwork with timber floor and roof,m3,0,0,0,14.18,14.18,1,14.18,0.0
479,CLASS D: DEMOLITION AND SITE CLEARANCE,04 BUILDINGS,Demolish building to ground level and dispose off site,brickwork with concrete floor and roof,m3,0,0,0,23.64,23.64,1,23.64,0.0
480,CLASS D: DEMOLITION AND SITE CLEARANCE,04 BUILDINGS,Demolish building to ground level and dispose off site,masonry with timber floor and roof,m3,0,0,0,18.54,18.54,1,18.54,0.0
481,CLASS D: DEMOLITION AND SITE CLEARANCE,04 BUILDINGS,Demolish building to ground level and dispose off site,reinforced concrete frame with brick infill,m3,0,0,0,24.7,24.7,1,24.7,0.0
482,CLASS D: DEMOLITION AND SITE CLEARANCE,04 BUILDINGS,Demolish building to ground level and dispose off site,steel frame with brick cladding,m3,0,0,0,13.42,13.42,1,13.42,0.0
483,CLASS D: DEMOLITION AND SITE CLEARANCE,04 BUILDINGS,Demolish building to ground level and dispose off site,steel frame with sheet cladding timber,m3,0,0,0,12.78,12.78,1,12.78,0.0
484,CLASS D: DEMOLITION AND SITE CLEARANCE,04 BUILDINGS,Demolish building to ground level and dispose off site,(unlabelled row following steel frame with sheet cladding timber),m3,0,0,0,11.46,11.46,1,11.46,0.0
486,CLASS D: DEMOLITION AND SITE CLEARANCE,04 BUILDINGS,Demolish buildings with asbestos linings to ground level and dispose off site,brick with concrete floor and roof,m3,0,0,0,57.5,57.5,1,57.5,0.0
487,CLASS D: DEMOLITION AND SITE CLEARANCE,04 BUILDINGS,Demolish buildings with asbestos linings to ground level and dispose off site,reinforced concrete frame with brick infill,m3,0,0,0,59.84,59.84,1,59.84,0.0
488,CLASS D: DEMOLITION AND SITE CLEARANCE,04 BUILDINGS,Demolish buildings with asbestos linings to ground level and dispose off site,steel frame with brick cladding,m3,0,0,0,32.73,32.73,1,32.73,0.0
489,CLASS D: DEMOLITION AND SITE CLEARANCE,04 BUILDINGS,Demolish buildings with asbestos linings to ground level and dispose off site,steel frame with sheet cladding,m3,0,0,0,33.99,33.99,1,33.99,0.0
492,CLASS D: DEMOLITION AND SITE CLEARANCE,05 OTHER STRUCTURES,,Demolish walls to ground level and dispose off site reinforced concrete wall,m3,0,0,0,317.04,317.04,1,317.04,0.0
493,CLASS D: DEMOLITION AND SITE CLEARANCE,05 OTHER STRUCTURES,,brick or masonry wall,m3,0,0,0,146.74,146.74,1,146.74,0.0
494,CLASS D: DEMOLITION AND SITE CLEARANCE,05 OTHER STRUCTURES,,brick or masonry retaining wall,m3,0,0,0,179.33,179.33,1,179.33,0.0
497,CLASS D: DEMOLITION AND SITE CLEARANCE,06 PIPELINES,Removal of redundant services,electric cable; LV,m,0,0,0,5.47,5.47,1,5.47,0.0
498,CLASS D: DEMOLITION AND SITE CLEARANCE,06 PIPELINES,Removal of redundant services,75 mm dia. water main; low pressure,m,0,0,0,10.96,10.96,1,10.96,0.0
500,CLASS D: DEMOLITION AND SITE CLEARANCE,06 PIPELINES,Removal of redundant services (continued),150 mm dia. gas main; low pressure,m,0,0,0,13.14,13.14,1,13.14,0.0
501,CLASS D: DEMOLITION AND SITE CLEARANCE,06 PIPELINES,Removal of redundant services (continued),earthenware ducts; one way,m,0,0,0,5.47,5.47,1,5.47,0.0
502,CLASS D: DEMOLITION AND SITE CLEARANCE,06 PIPELINES,Removal of redundant services (continued),earthenware ducts; two way,m,0,0,0,10.97,10.97,1,10.97,0.0
503,CLASS D: DEMOLITION AND SITE CLEARANCE,06 PIPELINES,Removal of redundant services (continued),100 or 150 mm dia. sewer or drain,m,0,0,0,23.59,23.59,1,23.59,0.0
504,CLASS D: DEMOLITION AND SITE CLEARANCE,06 PIPELINES,Removal of redundant services (continued),225 mm dia. sewer or drain,m,0,0,0,34.3,34.3,1,34.3,0.0
505,CLASS D: DEMOLITION AND SITE CLEARANCE,06 PIPELINES,Removal of redundant services (continued),300 mm dia. sewer or drain,m,0,0,0,38.59,38.59,1,38.59,0.0
506,CLASS D: DEMOLITION AND SITE CLEARANCE,06 PIPELINES,Removal of redundant services (continued),450 mm dia. sewer or drain,m,0,0,0,47.14,47.14,1,47.14,0.0
507,CLASS D: DEMOLITION AND SITE CLEARANCE,06 PIPELINES,Removal of redundant services (continued),750 mm dia. sewer or drain,m,0,0,0,59.96,59.96,1,59.96,0.0
508,CLASS D: DEMOLITION AND SITE CLEARANCE,06 PIPELINES,Removal of redundant services (continued),extra for breaking up concrete surround,m,0,0,0,59.96,59.96,1,59.96,0.0
510,CLASS D: DEMOLITION AND SITE CLEARANCE,06 PIPELINES,Grouting redundant drains or sewers,100 mm dia.,m,0,0,0,13.14,13.14,1,13.14,0.0
511,CLASS D: DEMOLITION AND SITE CLEARANCE,06 PIPELINES,Grouting redundant drains or sewers,150 mm dia.,m,0,0,0,32.14,32.14,1,32.14,0.0
512,CLASS D: DEMOLITION AND SITE CLEARANCE,06 PIPELINES,Grouting redundant drains or sewers,225 mm dia.,m,0,0,0,75.0,75.0,1,75.0,0.0
513,CLASS D: DEMOLITION AND SITE CLEARANCE,06 PIPELINES,Grouting redundant drains or sewers,manhole chambers,m3,0,0,0,1821.37,1821.37,1,1821.37,0.0
589,CLASS E: EARTHWORKS,01 EXCAVATION BY DREDGING,"In tidal locations, creating new channels on approaches to quays and similar locations or within dock systems","approximate daily cost of backhoe dredger and two hopper barges £12,500; average production 100 m3/hr, 1,500 m3/day; locate, load, deposit and relocate",m3,6.48,10.18,0,0,16.66,7,16.66,0.0
592,CLASS E: EARTHWORKS,01 EXCAVATION BY DREDGING,"For general bed lowering or in maintaining shipping channels in rivers, estuaries or deltas","locate, load, deposit and relocate",tonne,2.62,4.13,0,0,6.75,7,6.75,0.0
595,CLASS E: EARTHWORKS,01 EXCAVATION BY DREDGING,Harbour bed control,"average pumping capacity of silt/sand type materials containing maximum 30% volume of solids would be about 8,000 m3/day based on 24 hour working. Daily cost (hire basis) in the region of £20,000 including all floating equipment and discharge pipes, maintenance and all labour and plant to service but excluding mobilization/ initial set-up and demobilization costs (minimum £10,000).",m3,2.41,3.8,0,0,6.21,7,6.22,-0.01
598,CLASS E: EARTHWORKS,01 EXCAVATION BY DREDGING,"For use in lakes, canals, rivers, industrial lagoons and from silted locations in dock systems","average pumping output 30 m3 per hour and approximate average costs (excluding mobilization and demobilization costs ranging between £3,000 and £6,000 apiece)",m3,4.45,6.98,0,0,11.43,7,11.44,-0.01
603,CLASS E: EARTHWORKS,02 EXCAVATION FOR CUTTINGS,Excavate topsoil (continued),maximum depth ne 0.25 m,m3,3.46,3.83,0,0,7.29,7,7.3,-0.01
605,CLASS E: EARTHWORKS,02 EXCAVATION FOR CUTTINGS,"Excavate material other than topsoil, rock or artificial hard material",ne 0.25 m maximum depth,m3,3.46,3.83,0,0,7.29,7,7.3,-0.01
606,CLASS E: EARTHWORKS,02 EXCAVATION FOR CUTTINGS,"Excavate material other than topsoil, rock or artificial hard material",0.25-0.5 m maximum depth,m3,3.46,3.83,0,0,7.29,7,7.3,-0.01
607,CLASS E: EARTHWORKS,02 EXCAVATION FOR CUTTINGS,"Excavate material other than topsoil, rock or artificial hard material",0.5-1.0 m maximum depth,m3,4.63,4.96,0,0,9.59,7,9.59,0.0
608,CLASS E: EARTHWORKS,02 EXCAVATION FOR CUTTINGS,"Excavate material other than topsoil, rock or artificial hard material",1.0-2.0 m maximum depth,m3,6.95,7.53,0,0,14.48,7,14.48,0.0
609,CLASS E: EARTHWORKS,02 EXCAVATION FOR CUTTINGS,"Excavate material other than topsoil, rock or artificial hard material",2.0-5.0 m maximum depth,m3,11.58,12.5,0,0,24.08,7,24.08,0.0
610,CLASS E: EARTHWORKS,02 EXCAVATION FOR CUTTINGS,"Excavate material other than topsoil, rock or artificial hard material",5.0-10.0 m maximum depth,m3,23.15,25.17,0,0,48.32,7,48.32,0.0
611,CLASS E: EARTHWORKS,02 EXCAVATION FOR CUTTINGS,"Excavate material other than topsoil, rock or artificial hard material",10.0-15.0 m maximum depth,m3,33.57,36.41,0,0,69.98,7,69.97,0.01
614,CLASS E: EARTHWORKS,02 EXCAVATION FOR CUTTINGS,Excavate rock (medium hard),ne 0.25 m maximum depth,m3,35.88,38.94,0,0,74.82,7,74.82,0.0
615,CLASS E: EARTHWORKS,02 EXCAVATION FOR CUTTINGS,Excavate rock (medium hard),0.25-0.5 m maximum depth,m3,49.78,54.0,0,0,103.78,7,103.78,0.0
616,CLASS E: EARTHWORKS,02 EXCAVATION FOR CUTTINGS,Excavate rock (medium hard),0.5-1.0 m maximum depth,m3,67.12,72.77,0,0,139.89,7,139.9,-0.01
617,CLASS E: EARTHWORKS,02 EXCAVATION FOR CUTTINGS,Excavate rock (medium hard),1.0-2.0 m maximum depth,m3,92.59,100.61,0,0,193.2,7,193.2,0.0
619,CLASS E: EARTHWORKS,02 EXCAVATION FOR CUTTINGS,Excavate unreinforced concrete exposed at the commencing surface,ne 0.25 m maximum depth,m3,65.98,71.64,0,0,137.62,7,137.62,0.0
620,CLASS E: EARTHWORKS,02 EXCAVATION FOR CUTTINGS,Excavate unreinforced concrete exposed at the commencing surface,0.25-0.5 m maximum depth,m3,69.45,75.34,0,0,144.79,7,144.78,0.01
621,CLASS E: EARTHWORKS,02 EXCAVATION FOR CUTTINGS,Excavate unreinforced concrete exposed at the commencing surface,0.5-1.0 m maximum depth,m3,77.54,84.14,0,0,161.68,7,161.68,0.0
622,CLASS E: EARTHWORKS,02 EXCAVATION FOR CUTTINGS,Excavate unreinforced concrete exposed at the commencing surface,1.0-2.0 m maximum depth,m3,81.03,87.84,0,0,168.87,7,168.86,0.01
624,CLASS E: EARTHWORKS,02 EXCAVATION FOR CUTTINGS,Excavate reinforced concrete exposed at the commencing surface,ne 0.25 m maximum depth,m3,104.17,113.01,0,0,217.18,7,217.18,0.0
625,CLASS E: EARTHWORKS,02 EXCAVATION FOR CUTTINGS,Excavate reinforced concrete exposed at the commencing surface,0.25-0.5 m maximum depth,m3,104.17,113.01,0,0,217.18,7,217.18,0.0
626,CLASS E: EARTHWORKS,02 EXCAVATION FOR CUTTINGS,Excavate reinforced concrete exposed at the commencing surface,0.5-1.0 m maximum depth,m3,109.95,119.27,0,0,229.22,7,229.22,0.0
627,CLASS E: EARTHWORKS,02 EXCAVATION FOR CUTTINGS,Excavate reinforced concrete exposed at the commencing surface,1.0-2.0 m maximum depth,m3,125.0,135.6,0,0,260.6,7,260.6,0.0
629,CLASS E: EARTHWORKS,02 EXCAVATION FOR CUTTINGS,Excavate unreinforced concrete not exposed at the commencing surface,ne 0.25 m maximum depth,m3,75.24,81.6,0,0,156.84,7,156.84,0.0
630,CLASS E: EARTHWORKS,02 EXCAVATION FOR CUTTINGS,Excavate unreinforced concrete not exposed at the commencing surface,0.25-0.5 m maximum depth,m3,77.54,84.14,0,0,161.68,7,161.68,0.0
631,CLASS E: EARTHWORKS,02 EXCAVATION FOR CUTTINGS,Excavate unreinforced concrete not exposed at the commencing surface,0.5-1.0 m maximum depth,m3,79.87,86.71,0,0,166.58,7,166.58,0.0
632,CLASS E: EARTHWORKS,02 EXCAVATION FOR CUTTINGS,Excavate unreinforced concrete not exposed at the commencing surface,1.0-2.0 m maximum depth,m3,83.33,90.41,0,0,173.74,7,173.74,0.0
636,CLASS E: EARTHWORKS,03 EXCAVATION FOR FOUNDATIONS,Excavate topsoil,maximum depth ne 0.25 m,m3,3.09,3.83,0,0,6.92,7,6.93,-0.01
638,CLASS E: EARTHWORKS,03 EXCAVATION FOR FOUNDATIONS,"Excavate material other than topsoil, rock or artificial hard material",0.25-0.5 m deep,m3,5.15,6.38,0,0,11.53,7,11.52,0.01
639,CLASS E: EARTHWORKS,03 EXCAVATION FOR FOUNDATIONS,"Excavate material other than topsoil, rock or artificial hard material",0.5-1.0 m deep,m3,6.17,7.53,0,0,13.7,7,13.7,0.0
640,CLASS E: EARTHWORKS,03 EXCAVATION FOR FOUNDATIONS,"Excavate material other than topsoil, rock or artificial hard material",1.0-2.0 m deep,m3,7.2,8.7,0,0,15.9,7,15.9,0.0
641,CLASS E: EARTHWORKS,03 EXCAVATION FOR FOUNDATIONS,"Excavate material other than topsoil, rock or artificial hard material",2.0-5.0 m deep,m3,12.33,15.06,0,0,27.39,7,27.39,0.0
642,CLASS E: EARTHWORKS,03 EXCAVATION FOR FOUNDATIONS,"Excavate material other than topsoil, rock or artificial hard material",5.0-10.0 m deep,m3,23.64,28.98,0,0,52.62,7,52.61,0.01
645,CLASS E: EARTHWORKS,03 EXCAVATION FOR FOUNDATIONS,Excavate unreinforced concrete exposed at the commencing surface,ne 0.25 m maximum depth,m3,61.68,75.34,0,0,137.02,7,137.02,0.0
646,CLASS E: EARTHWORKS,03 EXCAVATION FOR FOUNDATIONS,Excavate unreinforced concrete exposed at the commencing surface,0.25-0.5 m maximum depth,m3,67.85,82.88,0,0,150.73,7,150.72,0.01
647,CLASS E: EARTHWORKS,03 EXCAVATION FOR FOUNDATIONS,Excavate unreinforced concrete exposed at the commencing surface,0.5-1.0 m maximum depth,m3,74.01,90.41,0,0,164.42,7,164.42,0.0
648,CLASS E: EARTHWORKS,03 EXCAVATION FOR FOUNDATIONS,Excavate unreinforced concrete exposed at the commencing surface,1.0-2.0 m maximum depth,m3,82.24,100.61,0,0,182.85,7,182.85,0.0
650,CLASS E: EARTHWORKS,03 EXCAVATION FOR FOUNDATIONS,Excavate reinforced concrete exposed at the commencing surface,ne 0.25 m maximum depth,m3,96.63,117.87,0,0,214.5,7,214.5,0.0
651,CLASS E: EARTHWORKS,03 EXCAVATION FOR FOUNDATIONS,Excavate reinforced concrete exposed at the commencing surface,0.25-0.5 m maximum depth,m3,100.74,123.2,0,0,223.94,7,223.95,-0.01
652,CLASS E: EARTHWORKS,03 EXCAVATION FOR FOUNDATIONS,Excavate reinforced concrete exposed at the commencing surface,0.5-1.0 m maximum depth,m3,102.8,125.5,0,0,228.3,7,228.3,0.0
653,CLASS E: EARTHWORKS,03 EXCAVATION FOR FOUNDATIONS,Excavate reinforced concrete exposed at the commencing surface,1.0-2.0 m maximum depth,m3,106.91,130.75,0,0,237.66,7,237.66,0.0
655,CLASS E: EARTHWORKS,03 EXCAVATION FOR FOUNDATIONS,Excavate tarmacadam exposed at the commencing surface,ne 0.25 m maximum depth,m3,30.85,37.66,0,0,68.51,7,68.51,0.0
656,CLASS E: EARTHWORKS,03 EXCAVATION FOR FOUNDATIONS,Excavate tarmacadam exposed at the commencing surface,0.25-0.5 m maximum depth,m3,34.95,42.53,0,0,77.48,7,77.48,0.0
657,CLASS E: EARTHWORKS,03 EXCAVATION FOR FOUNDATIONS,Excavate tarmacadam exposed at the commencing surface,0.5-1.0 m maximum depth,m3,38.04,46.36,0,0,84.4,7,84.41,-0.01
658,CLASS E: EARTHWORKS,03 EXCAVATION FOR FOUNDATIONS,Excavate tarmacadam exposed at the commencing surface,1.0-2.0 m maximum depth,m3,41.12,50.06,0,0,91.18,7,91.18,0.0
660,CLASS E: EARTHWORKS,03 EXCAVATION FOR FOUNDATIONS,Excavate unreinforced concrete not exposed at the commencing surface,ne 0.25 m maximum depth,m3,71.95,87.73,0,0,159.68,7,159.69,-0.01
661,CLASS E: EARTHWORKS,03 EXCAVATION FOR FOUNDATIONS,Excavate unreinforced concrete not exposed at the commencing surface,0.25-0.5 m maximum depth,m3,87.38,106.64,0,0,194.02,7,194.02,0.0
662,CLASS E: EARTHWORKS,03 EXCAVATION FOR FOUNDATIONS,Excavate unreinforced concrete not exposed at the commencing surface,0.5-1.0 m maximum depth,m3,98.69,120.54,0,0,219.23,7,219.23,0.0
663,CLASS E: EARTHWORKS,03 EXCAVATION FOR FOUNDATIONS,Excavate unreinforced concrete not exposed at the commencing surface,1.0-2.0 m maximum depth,m3,104.86,128.07,0,0,232.93,7,232.93,0.0
667,CLASS E: EARTHWORKS,04 GENERAL EXCAVATION,Excavate topsoil,maximum depth ne 0.25 m,m3,3.28,3.83,0,0,7.11,7,7.11,0.0
669,CLASS E: EARTHWORKS,04 GENERAL EXCAVATION,"Excavate material other than topsoil, rock or artificial hard material",ne 0.25 m maximum depth,m3,3.28,3.7,0,0,6.98,7,6.97,0.01
670,CLASS E: EARTHWORKS,04 GENERAL EXCAVATION,"Excavate material other than topsoil, rock or artificial hard material",0.25-0.5 m maximum depth,m3,3.28,3.83,0,0,7.11,7,7.11,0.0
671,CLASS E: EARTHWORKS,04 GENERAL EXCAVATION,"Excavate material other than topsoil, rock or artificial hard material",0.5-1.0 m maximum depth,m3,4.37,4.96,0,0,9.33,7,9.34,-0.01
672,CLASS E: EARTHWORKS,04 GENERAL EXCAVATION,"Excavate material other than topsoil, rock or artificial hard material",1.0-2.0 m maximum depth,m3,6.57,7.53,0,0,14.1,7,14.1,0.0
673,CLASS E: EARTHWORKS,04 GENERAL EXCAVATION,"Excavate material other than topsoil, rock or artificial hard material",2.0-5.0 m maximum depth,m3,10.94,12.5,0,0,23.44,7,23.45,-0.01
674,CLASS E: EARTHWORKS,04 GENERAL EXCAVATION,"Excavate material other than topsoil, rock or artificial hard material",5.0-10.0 m maximum depth,m3,21.88,25.17,0,0,47.05,7,47.05,0.0
675,CLASS E: EARTHWORKS,04 GENERAL EXCAVATION,"Excavate material other than topsoil, rock or artificial hard material",10.0-15.0 m maximum depth,m3,31.73,36.41,0,0,68.14,7,68.14,0.0
678,CLASS E: EARTHWORKS,04 GENERAL EXCAVATION,Excavate rock (medium hard),ne 0.25 m maximum depth,m3,33.92,38.94,0,0,72.86,7,72.86,0.0
679,CLASS E: EARTHWORKS,04 GENERAL EXCAVATION,Excavate rock (medium hard),0.25-0.5 m maximum depth,m3,47.06,54.0,0,0,101.06,7,101.07,-0.01
680,CLASS E: EARTHWORKS,04 GENERAL EXCAVATION,Excavate rock (medium hard),0.5-1.0 m maximum depth,m3,63.48,72.77,0,0,136.25,7,136.24,0.01
681,CLASS E: EARTHWORKS,04 GENERAL EXCAVATION,Excavate rock (medium hard),1.0-2.0 m maximum depth,m3,87.56,100.61,0,0,188.17,7,188.17,0.0
683,CLASS E: EARTHWORKS,04 GENERAL EXCAVATION,Excavate unreinforced concrete exposed at the commencing surface,ne 0.25 m maximum depth,m3,62.38,71.64,0,0,134.02,7,134.01,0.01
685,CLASS E: EARTHWORKS,04 GENERAL EXCAVATION,Excavate unreinforced concrete exposed at the commencing surface (continued),0.25-0.5 m maximum depth,m3,65.65,75.34,0,0,140.99,7,140.98,0.01
686,CLASS E: EARTHWORKS,04 GENERAL EXCAVATION,Excavate unreinforced concrete exposed at the commencing surface (continued),0.5-1.0 m maximum depth,m3,73.33,84.14,0,0,157.47,7,157.46,0.01
687,CLASS E: EARTHWORKS,04 GENERAL EXCAVATION,Excavate unreinforced concrete exposed at the commencing surface (continued),1.0-2.0 m maximum depth,m3,76.6,87.84,0,0,164.44,7,164.44,0.0
689,CLASS E: EARTHWORKS,04 GENERAL EXCAVATION,Excavate reinforced concrete exposed at the commencing surface,ne 0.25 m maximum depth,m3,98.48,113.01,0,0,211.49,7,211.5,-0.01
690,CLASS E: EARTHWORKS,04 GENERAL EXCAVATION,Excavate reinforced concrete exposed at the commencing surface,0.25-0.5 m maximum depth,m3,98.48,113.01,0,0,211.49,7,211.5,-0.01
691,CLASS E: EARTHWORKS,04 GENERAL EXCAVATION,Excavate reinforced concrete exposed at the commencing surface,0.5-1.0 m maximum depth,m3,103.96,119.27,0,0,223.23,7,223.23,0.0
692,CLASS E: EARTHWORKS,04 GENERAL EXCAVATION,Excavate reinforced concrete exposed at the commencing surface,1.0-2.0 m maximum depth,m3,118.19,135.6,0,0,253.79,7,253.79,0.0
694,CLASS E: EARTHWORKS,04 GENERAL EXCAVATION,Excavate unreinforced concrete not exposed at the commencing surface,ne 0.25 m maximum depth,m3,71.12,81.6,0,0,152.72,7,152.73,-0.01
695,CLASS E: EARTHWORKS,04 GENERAL EXCAVATION,Excavate unreinforced concrete not exposed at the commencing surface,0.25-0.5 m maximum depth,m3,73.33,84.14,0,0,157.47,7,157.46,0.01
696,CLASS E: EARTHWORKS,04 GENERAL EXCAVATION,Excavate unreinforced concrete not exposed at the commencing surface,0.5-1.0 m maximum depth,m3,75.5,86.71,0,0,162.21,7,162.21,0.0
697,CLASS E: EARTHWORKS,04 GENERAL EXCAVATION,Excavate unreinforced concrete not exposed at the commencing surface,1.0-2.0 m maximum depth,m3,78.8,90.41,0,0,169.21,7,169.2,0.01
704,CLASS E: EARTHWORKS,EARTH MOVING,"Dragline (for excavations requiring a long reach and long discharge, mainly in clearing streams and rivers)",bucket capacity ne 1.15 m3,m3,4.21,8.34,0,0,12.55,7,12.57,-0.02
705,CLASS E: EARTHWORKS,EARTH MOVING,"Dragline (for excavations requiring a long reach and long discharge, mainly in clearing streams and rivers)",bucket capacity ne 2.00 m3,m3,2.12,7.4,0,0,9.52,7,9.51,0.01
706,CLASS E: EARTHWORKS,EARTH MOVING,"Dragline (for excavations requiring a long reach and long discharge, mainly in clearing streams and rivers)",bucket capacity ne 3.00 m3,m3,1.41,6.7,0,0,8.11,7,8.1,0.01
708,CLASS E: EARTHWORKS,EARTH MOVING,"Hydraulic backacter (for all types of excavation and loading, including trenches, breaking hard ground, etc.)",bucket capacity ne 0.40 m3,m3,3.51,4.53,0,0,8.04,7,8.05,-0.01
709,CLASS E: EARTHWORKS,EARTH MOVING,"Hydraulic backacter (for all types of excavation and loading, including trenches, breaking hard ground, etc.)",bucket capacity ne 1.00 m3,m3,1.41,2.74,0,0,4.15,7,4.15,0.0
710,CLASS E: EARTHWORKS,EARTH MOVING,"Hydraulic backacter (for all types of excavation and loading, including trenches, breaking hard ground, etc.)",bucket capacity ne 1.60 m3,m3,0.7,2.76,0,0,3.46,7,3.47,-0.01
712,CLASS E: EARTHWORKS,EARTH MOVING,Hydraulic face shovel (predominantly for excavating cuttings and embankments over 2 m high requiring high output),bucket capacity ne 1.50 m3,m3,2.82,7.75,0,0,10.57,7,10.58,-0.01
713,CLASS E: EARTHWORKS,EARTH MOVING,Hydraulic face shovel (predominantly for excavating cuttings and embankments over 2 m high requiring high output),bucket capacity ne 2.60 m3,m3,1.41,5.27,0,0,6.68,7,6.69,-0.01
714,CLASS E: EARTHWORKS,EARTH MOVING,Hydraulic face shovel (predominantly for excavating cuttings and embankments over 2 m high requiring high output),bucket capacity ne 3.40 m3,m3,0.7,3.8,0,0,4.5,7,4.51,-0.01
715,CLASS E: EARTHWORKS,EARTH MOVING,Hydraulic face shovel (predominantly for excavating cuttings and embankments over 2 m high requiring high output),bucket capacity ne 3.40 m3,m3,0.7,3.8,0,0,4.5,7,4.51,-0.01
717,CLASS E: EARTHWORKS,EARTH MOVING,"Tractor loader (for loading, carrying, placing materials, spreading and levelling, some site clearance operations and reducing levels)",bucket capacity ne 0.80 m3,m3,1.41,1.84,0,0,3.25,7,3.25,0.0
718,CLASS E: EARTHWORKS,EARTH MOVING,"Tractor loader (for loading, carrying, placing materials, spreading and levelling, some site clearance operations and reducing levels)",bucket capacity ne 1.50 m3,m3,0.7,1.54,0,0,2.24,7,2.25,-0.01
719,CLASS E: EARTHWORKS,EARTH MOVING,"Tractor loader (for loading, carrying, placing materials, spreading and levelling, some site clearance operations and reducing levels)",bucket capacity ne 3.00 m3,m3,0.49,2.1,0,0,2.59,7,2.59,0.0
721,CLASS E: EARTHWORKS,EARTH MOVING,"Multipurpose wheeled loader/backhoe (versatile machine for small to medium excavations, trenches, loading, carrying and back filling)",bucket capacity ne 0.76 m3,m3,5.63,4.55,0,0,10.18,5,10.18,0.0
722,CLASS E: EARTHWORKS,EARTH MOVING,"Multipurpose wheeled loader/backhoe (versatile machine for small to medium excavations, trenches, loading, carrying and back filling)",bucket capacity ne 1.00 m3,m3,4.22,4.54,0,0,8.76,5,8.76,0.0
726,CLASS E: EARTHWORKS,EARTH MOVING,Loading loose material into transport by wheeled loader,ne 2.1 m3 capacity,m3,1.41,2.5,0,0,3.91,7,3.91,0.0
727,CLASS E: EARTHWORKS,EARTH MOVING,Loading loose material into transport by wheeled loader,ne 5.4 m3 capacity,m3,0.7,3.74,0,0,4.44,7,4.45,-0.01
728,CLASS E: EARTHWORKS,EARTH MOVING,Loading loose material into transport by wheeled loader,ne 10.5 m3 capacity,m3,0.49,3.43,0,0,3.92,7,3.91,0.01
730,CLASS E: EARTHWORKS,EARTH MOVING,Transport material within site by dump truck (rear dump),"ne 24 m3 heaped capacity, distance travelled ne 0.5 Km",m3,2.12,7.4,0,0,9.52,7,9.53,-0.01
731,CLASS E: EARTHWORKS,EARTH MOVING,Transport material within site by dump truck (rear dump),add per 0.5 Km additional distance,m3/0.5 Km,0.7,2.47,0,0,3.17,7,3.17,0.0
732,CLASS E: EARTHWORKS,EARTH MOVING,Transport material within site by dump truck (rear dump),"ne 57 m3 heaped capacity, distance travelled ne 0.5 Km",m3,2.49,8.65,0,0,11.14,7,11.15,-0.01
733,CLASS E: EARTHWORKS,EARTH MOVING,Transport material within site by dump truck (rear dump),add per 0.5 Km additional distance,m3/0.5 Km,2.49,4.32,0,0,6.81,7,6.82,-0.01
735,CLASS E: EARTHWORKS,EARTH MOVING,Transport material within site by dump truck (articulated),"ne 32 t payload, distance travelled ne 0.5 Km",m3,3.33,6.84,0,0,10.17,7,10.17,0.0
736,CLASS E: EARTHWORKS,EARTH MOVING,Transport material within site by dump truck (articulated),add per 0.5 Km additional distance,m3/0.5 Km,1.66,3.41,0,0,5.07,7,5.08,-0.01
738,CLASS E: EARTHWORKS,EARTH MOVING,Transport material within or off site by tipping lorry,"ne 10 t payload, distance travelled ne 1 Km",m3,3.06,5.45,0,0,8.51,7,8.51,0.0
739,CLASS E: EARTHWORKS,EARTH MOVING,Transport material within or off site by tipping lorry,add per 1 Km additional distance,m3/Km,1.53,2.72,0,0,4.25,7,4.25,0.0
740,CLASS E: EARTHWORKS,EARTH MOVING,Transport material within or off site by tipping lorry,"10-15 t payload, distance travelled ne 1 Km",m3,2.45,5.32,0,0,7.77,7,7.77,0.0
741,CLASS E: EARTHWORKS,EARTH MOVING,Transport material within or off site by tipping lorry,add per 1 Km additional distance,m3/Km,1.22,2.66,0,0,3.88,7,3.88,0.0
742,CLASS E: EARTHWORKS,EARTH MOVING,Transport material within or off site by tipping lorry,"15-25 t payload, distance travelled ne 1 Km",m3,2.12,4.57,0,0,6.69,7,6.69,0.0
743,CLASS E: EARTHWORKS,EARTH MOVING,Transport material within or off site by tipping lorry,add per 1 Km additional distance,m3/Km,1.05,2.29,0,0,3.34,7,3.34,0.0
747,CLASS E: EARTHWORKS,EARTH MOVING,"Bulldozer up to 74 KW (CAT D4H sized machine used for site strip, reducing levels or grading and spreading materials over smaller sites)",average push one way 10 m,m3,1.84,3.23,0,0,5.07,7,5.06,0.01
748,CLASS E: EARTHWORKS,EARTH MOVING,"Bulldozer up to 74 KW (CAT D4H sized machine used for site strip, reducing levels or grading and spreading materials over smaller sites)",average push one way 30 m,m3,4.89,8.62,0,0,13.51,7,13.51,0.0
749,CLASS E: EARTHWORKS,EARTH MOVING,"Bulldozer up to 74 KW (CAT D4H sized machine used for site strip, reducing levels or grading and spreading materials over smaller sites)",average push one way 50 m,m3,8.55,15.08,0,0,23.63,7,23.63,0.0
750,CLASS E: EARTHWORKS,EARTH MOVING,"Bulldozer up to 74 KW (CAT D4H sized machine used for site strip, reducing levels or grading and spreading materials over smaller sites)",average push one way 100 m,m3,17.73,31.25,0,0,48.98,7,48.98,0.0
752,CLASS E: EARTHWORKS,EARTH MOVING,"Bulldozer up to 104 KW (CAT D6E sized machine for reducing levels, excavating to greater depths at steeper inclines, grading surfaces, small cut and fill operations; maximum push 100 m)",average push one way 10 m,m3,2.12,5.39,0,0,7.51,3,7.51,0.0
753,CLASS E: EARTHWORKS,EARTH MOVING,"Bulldozer up to 104 KW (CAT D6E sized machine for reducing levels, excavating to greater depths at steeper inclines, grading surfaces, small cut and fill operations; maximum push 100 m)",average push one way 30 m,m3,4.93,12.57,0,0,17.5,3,17.5,0.0
754,CLASS E: EARTHWORKS,EARTH MOVING,"Bulldozer up to 104 KW (CAT D6E sized machine for reducing levels, excavating to greater depths at steeper inclines, grading surfaces, small cut and fill operations; maximum push 100 m)",average push one way 50 m,m3,6.34,16.16,0,0,22.5,3,22.5,0.0
755,CLASS E: EARTHWORKS,EARTH MOVING,"Bulldozer up to 104 KW (CAT D6E sized machine for reducing levels, excavating to greater depths at steeper inclines, grading surfaces, small cut and fill operations; maximum push 100 m)",average push one way 100 m,m3,13.38,34.12,0,0,47.5,3,47.5,0.0
757,CLASS E: EARTHWORKS,EARTH MOVING,"Bull or Angle Dozer up to 212 KW (CAT D8N sized machine for high output, ripping and excavating by reducing levels at steeper inclines or in harder material than with D6E, larger cut and fill operations used in conjunction with towed or SP scrapers. Spreading and grading over large areas; maximum push 100 m)",average push one way 10 m,m3,2.12,9.94,0,0,12.06,7,12.06,0.0
758,CLASS E: EARTHWORKS,EARTH MOVING,"Bull or Angle Dozer up to 212 KW (CAT D8N sized machine for high output, ripping and excavating by reducing levels at steeper inclines or in harder material than with D6E, larger cut and fill operations used in conjunction with towed or SP scrapers. Spreading and grading over large areas; maximum push 100 m)",average push one way 30 m,m3,4.21,19.89,0,0,24.1,7,24.11,-0.01
759,CLASS E: EARTHWORKS,EARTH MOVING,"Bull or Angle Dozer up to 212 KW (CAT D8N sized machine for high output, ripping and excavating by reducing levels at steeper inclines or in harder material than with D6E, larger cut and fill operations used in conjunction with towed or SP scrapers. Spreading and grading over large areas; maximum push 100 m)",average push one way 50 m,m3,4.93,23.2,0,0,28.13,7,28.13,0.0
760,CLASS E: EARTHWORKS,EARTH MOVING,"Bull or Angle Dozer up to 212 KW (CAT D8N sized machine for high output, ripping and excavating by reducing levels at steeper inclines or in harder material than with D6E, larger cut and fill operations used in conjunction with towed or SP scrapers. Spreading and grading over large areas; maximum push 100 m)",average push one way 100 m,m3,7.75,36.46,0,0,44.21,7,44.21,0.0
762,CLASS E: EARTHWORKS,EARTH MOVING,"Motorized scraper, 15 m3 capacity (for excavating larger volumes over large haul lengths, excavating to reduce levels and also levelling ground, grading large sites, moving and tipping material including hard material - used in open cast sites)",average haul one way 500 m,m3,0.28,1.32,0,0,1.6,7,1.62,-0.02
763,CLASS E: EARTHWORKS,EARTH MOVING,"Motorized scraper, 15 m3 capacity (for excavating larger volumes over large haul lengths, excavating to reduce levels and also levelling ground, grading large sites, moving and tipping material including hard material - used in open cast sites)","average haul one way 1,000 m",m3,0.42,2.01,0,0,2.43,7,2.42,0.01
764,CLASS E: EARTHWORKS,EARTH MOVING,"Motorized scraper, 15 m3 capacity (for excavating larger volumes over large haul lengths, excavating to reduce levels and also levelling ground, grading large sites, moving and tipping material including hard material - used in open cast sites)","average haul one way 2,000 m",m3,0.57,2.67,0,0,3.24,7,3.23,0.01
765,CLASS E: EARTHWORKS,EARTH MOVING,"Motorized scraper, 15 m3 capacity (for excavating larger volumes over large haul lengths, excavating to reduce levels and also levelling ground, grading large sites, moving and tipping material including hard material - used in open cast sites)","average haul one way 3,000 m",m3,0.7,3.33,0,0,4.03,7,4.04,-0.01
767,CLASS E: EARTHWORKS,EARTH MOVING,"Twin engined motorized scraper, 16 m3 capacity",average haul one way 500 m,m3,0.21,1.35,0,0,1.56,7,1.55,0.01
768,CLASS E: EARTHWORKS,EARTH MOVING,"Twin engined motorized scraper, 16 m3 capacity","average haul one way 1,000 m",m3,0.28,1.8,0,0,2.08,7,2.08,0.0
769,CLASS E: EARTHWORKS,EARTH MOVING,"Twin engined motorized scraper, 16 m3 capacity","average haul one way 2,000 m",m3,0.34,2.25,0,0,2.59,7,2.59,0.0
770,CLASS E: EARTHWORKS,EARTH MOVING,"Twin engined motorized scraper, 16 m3 capacity","average haul one way 3,000 m",m3,0.49,3.14,0,0,3.63,7,3.63,0.0
772,CLASS E: EARTHWORKS,EARTH MOVING,"Twin engined motorized scraper, 34 m3 capacity",average haul one way 500 m,m3,0.13,1.86,0,0,1.99,7,2.0,-0.01
773,CLASS E: EARTHWORKS,EARTH MOVING,"Twin engined motorized scraper, 34 m3 capacity","average haul one way 1,000 m",m3,0.21,2.78,0,0,2.99,7,2.99,0.0
774,CLASS E: EARTHWORKS,EARTH MOVING,"Twin engined motorized scraper, 34 m3 capacity","average haul one way 2,000 m",m3,0.21,2.78,0,0,2.99,7,2.99,0.0
775,CLASS E: EARTHWORKS,EARTH MOVING,"Twin engined motorized scraper, 34 m3 capacity","average haul one way 3,000 m",m3,0.28,3.72,0,0,4.0,7,4.0,0.0
779,CLASS E: EARTHWORKS,EARTH MOVING,Excavate and load into skip or dumper bucket,loose material,m3,78.19,0,0,0,78.19,3,78.19,0.0
780,CLASS E: EARTHWORKS,EARTH MOVING,Excavate and load into skip or dumper bucket,compacted soil or clay,m3,121.94,0,0,0,121.94,3,121.94,0.0
781,CLASS E: EARTHWORKS,EARTH MOVING,Excavate and load into skip or dumper bucket,mass concrete or sandstone,m3,116.13,0,0,0,116.13,3,116.13,0.0
782,CLASS E: EARTHWORKS,EARTH MOVING,Excavate and load into skip or dumper bucket,broken rock,m3,114.19,0,0,0,114.19,3,114.19,0.0
783,CLASS E: EARTHWORKS,EARTH MOVING,Excavate and load into skip or dumper bucket,existing subbase or pipe surrounds,m3,120.77,0,0,0,120.77,3,120.78,-0.01
785,CLASS E: EARTHWORKS,EARTH MOVING,Excavate by hand using pneumatic equipment; excavate below ground using 1.80 m3/min single tool compressor and pneumatic breaker and load material into skip or dumper bucket,rock (medium drill),m3,19.36,45.16,0,0,64.52,6,64.52,0.0
786,CLASS E: EARTHWORKS,EARTH MOVING,Excavate by hand using pneumatic equipment; excavate below ground using 1.80 m3/min single tool compressor and pneumatic breaker and load material into skip or dumper bucket,brickwork or mass concrete,m3,106.84,57.79,0,0,164.63,7,164.61,0.02
787,CLASS E: EARTHWORKS,EARTH MOVING,Excavate by hand using pneumatic equipment; excavate below ground using 1.80 m3/min single tool compressor and pneumatic breaker and load material into skip or dumper bucket,reinforced concrete,m3,149.79,78.39,0,0,228.18,7,228.18,0.0
788,CLASS E: EARTHWORKS,EARTH MOVING,Excavate by hand using pneumatic equipment; excavate below ground using 1.80 m3/min single tool compressor and pneumatic breaker and load material into skip or dumper bucket,asphalt in carriageways,m3,44.52,31.56,0,0,76.08,7,76.07,0.01
790,CLASS E: EARTHWORKS,EARTH MOVING,Comparative prices for ancillary equipment; excavate using 6 tonne to break out (JCB 3CX and Montalbert 125 breaker),medium hard rock,m3,26.27,42.22,0,0,68.49,6,68.49,0.0
791,CLASS E: EARTHWORKS,EARTH MOVING,Comparative prices for ancillary equipment; excavate using 6 tonne to break out (JCB 3CX and Montalbert 125 breaker),brickwork or mass concrete,m3,33.01,51.46,0,0,84.47,7,84.47,0.0
792,CLASS E: EARTHWORKS,EARTH MOVING,Comparative prices for ancillary equipment; excavate using 6 tonne to break out (JCB 3CX and Montalbert 125 breaker),reinforced concrete,m3,39.11,61.0,0,0,100.11,7,100.1,0.01
794,CLASS E: EARTHWORKS,EARTH MOVING,Load material into skip or dumper bucket using a 11.5 tonne crawler backacter with 0.80 m3 rock bucket,medium hard rock,m3,4.28,6.81,0,0,11.09,6,11.09,0.0
795,CLASS E: EARTHWORKS,EARTH MOVING,Load material into skip or dumper bucket using a 11.5 tonne crawler backacter with 0.80 m3 rock bucket,brickwork or mass concrete,m3,4.89,7.77,0,0,12.66,7,12.66,0.0
796,CLASS E: EARTHWORKS,EARTH MOVING,Load material into skip or dumper bucket using a 11.5 tonne crawler backacter with 0.80 m3 rock bucket,reinforced concrete,m3,5.51,8.73,0,0,14.24,7,14.23,0.01
800,CLASS E: EARTHWORKS,05 EXCAVATION ANCILLARIES,Trimming topsoil; using D4H dozer,horizontal,m2,2.15,2.15,0,0,4.3,7,4.3,0.0
801,CLASS E: EARTHWORKS,05 EXCAVATION ANCILLARIES,Trimming topsoil; using D4H dozer,10-45 deg to horizontal,m2,2.68,2.69,0,0,5.37,7,5.37,0.0
803,CLASS E: EARTHWORKS,05 EXCAVATION ANCILLARIES,"Trimming material other than topsoil, rock or artificial hard material; using D4H dozer, tractor loader or motor grader average rate",horizontal,m2,2.15,2.93,0,0,5.08,7,5.08,0.0
804,CLASS E: EARTHWORKS,05 EXCAVATION ANCILLARIES,"Trimming material other than topsoil, rock or artificial hard material; using D4H dozer, tractor loader or motor grader average rate",10-45 deg to horizontal,m2,2.15,2.93,0,0,5.08,7,5.08,0.0
805,CLASS E: EARTHWORKS,05 EXCAVATION ANCILLARIES,"Trimming material other than topsoil, rock or artificial hard material; using D4H dozer, tractor loader or motor grader average rate",45-90 deg to horizontal,m2,3.21,4.38,0,0,7.59,7,7.6,-0.01
807,CLASS E: EARTHWORKS,05 EXCAVATION ANCILLARIES,Trimming rock; using D6E dozer,horizontal,m2,4.29,71.84,0,0,76.13,7,76.15,-0.02
808,CLASS E: EARTHWORKS,05 EXCAVATION ANCILLARIES,Trimming rock; using D6E dozer,10-45 deg to horizontal,m2,42.95,71.84,0,0,114.79,7,114.8,-0.01
809,CLASS E: EARTHWORKS,05 EXCAVATION ANCILLARIES,Trimming rock; using D6E dozer,45-90 deg to horizontal,m2,56.91,95.21,0,0,152.12,7,152.12,0.0
810,CLASS E: EARTHWORKS,05 EXCAVATION ANCILLARIES,Trimming rock; using D6E dozer,vertical,m2,56.91,95.21,0,0,152.12,7,152.12,0.0
812,CLASS E: EARTHWORKS,05 EXCAVATION ANCILLARIES,"Preparation of topsoil; using D4H dozer, tractor loader or motor grader average rate",horizontal,m2,3.21,3.94,0,0,7.15,7,7.16,-0.01
814,CLASS E: EARTHWORKS,05 EXCAVATION ANCILLARIES,"Preparation of topsoil; using D4H dozer, tractor loader or motor grader average rate (continued)",10-45 deg to horizontal,m2,3.21,3.94,0,0,7.15,7,7.16,-0.01
816,CLASS E: EARTHWORKS,05 EXCAVATION ANCILLARIES,"Preparation of material other than rock or artificial hard material; using D6E dozer, tractor loader or motor grader average rate",horizontal,m2,3.21,5.1,0,0,8.31,7,8.31,0.0
817,CLASS E: EARTHWORKS,05 EXCAVATION ANCILLARIES,"Preparation of material other than rock or artificial hard material; using D6E dozer, tractor loader or motor grader average rate",10-45 deg to horizontal,m2,3.21,5.1,0,0,8.31,7,8.31,0.0
818,CLASS E: EARTHWORKS,05 EXCAVATION ANCILLARIES,"Preparation of material other than rock or artificial hard material; using D6E dozer, tractor loader or motor grader average rate",45-90 deg to horizontal,m2,3.21,5.1,0,0,8.31,7,8.31,0.0
820,CLASS E: EARTHWORKS,05 EXCAVATION ANCILLARIES,Preparation of rock; using D6E dozer,horizontal,m2,42.95,71.84,0,0,114.79,7,114.8,-0.01
821,CLASS E: EARTHWORKS,05 EXCAVATION ANCILLARIES,Preparation of rock; using D6E dozer,10-45 deg to horizontal,m2,32.22,53.89,0,0,86.11,7,86.09,0.02
822,CLASS E: EARTHWORKS,05 EXCAVATION ANCILLARIES,Preparation of rock; using D6E dozer,45-90 deg to horizontal,m2,32.22,53.89,0,0,86.11,7,86.09,0.02
825,CLASS E: EARTHWORKS,05 EXCAVATION ANCILLARIES,Disposal of excavated topsoil,storage on site; 100 m maximum distance,m3,3.51,7.15,0,0,10.66,7,10.66,0.0
826,CLASS E: EARTHWORKS,05 EXCAVATION ANCILLARIES,Disposal of excavated topsoil,removal; 5 km distance,m3,7.75,18.51,0,0,26.26,7,26.26,0.0
827,CLASS E: EARTHWORKS,05 EXCAVATION ANCILLARIES,Disposal of excavated topsoil,removal; 15 km distance,m3,14.79,35.32,0,0,50.11,7,50.12,-0.01
829,CLASS E: EARTHWORKS,05 EXCAVATION ANCILLARIES,Disposal of excavated earth other than rock or artificial hard material,storage on site; 100 m maximum distance; using 22.5 t ADT,m3,3.51,7.15,0,0,10.66,7,10.66,0.0
830,CLASS E: EARTHWORKS,05 EXCAVATION ANCILLARIES,Disposal of excavated earth other than rock or artificial hard material,removal; 5 km distance; using 20 t tipper,m3,8.45,20.18,0,0,28.63,7,28.64,-0.01
831,CLASS E: EARTHWORKS,05 EXCAVATION ANCILLARIES,Disposal of excavated earth other than rock or artificial hard material,removal; 15 km distance; using 20 t tipper,m3,15.5,37.01,0,0,52.51,7,52.51,0.0
833,CLASS E: EARTHWORKS,05 EXCAVATION ANCILLARIES,Disposal of excavated rock or artificial hard material,storage on site; 100 m maximum distance; using 22.5 t ADT,m3,4.21,8.57,0,0,12.78,7,12.79,-0.01
834,CLASS E: EARTHWORKS,05 EXCAVATION ANCILLARIES,Disposal of excavated rock or artificial hard material,removal; 5 km distance; using 20 t tipper,m3,9.16,21.87,0,0,31.03,7,31.03,0.0
835,CLASS E: EARTHWORKS,05 EXCAVATION ANCILLARIES,Disposal of excavated rock or artificial hard material,removal; 15 km distance; using 20 t tipper,m3,16.21,38.69,0,0,54.9,7,54.9,0.0
837,CLASS E: EARTHWORKS,05 EXCAVATION ANCILLARIES,Add to the above rates where tipping charges apply,non-hazardous waste,m3,30.64,58.92,0,0,89.56,7,89.55,0.01
838,CLASS E: EARTHWORKS,05 EXCAVATION ANCILLARIES,Add to the above rates where tipping charges apply,hazardous waste,m3,91.91,176.67,0,0,268.58,7,268.59,-0.01
839,CLASS E: EARTHWORKS,05 EXCAVATION ANCILLARIES,Add to the above rates where tipping charges apply,special waste,m3,97.02,186.52,0,0,283.54,7,283.55,-0.01
840,CLASS E: EARTHWORKS,05 EXCAVATION ANCILLARIES,Add to the above rates where tipping charges apply,contaminated liquid,m3,122.56,235.56,0,0,358.12,7,358.11,0.01
841,CLASS E: EARTHWORKS,05 EXCAVATION ANCILLARIES,Add to the above rates where tipping charges apply,contaminated sludge,m3,153.2,294.51,0,0,447.71,7,447.72,-0.01
843,CLASS E: EARTHWORKS,05 EXCAVATION ANCILLARIES,Add to the above rates where Landfill Tax applies,inactive or inert waste material,m3,2.67,5.13,0,0,7.8,7,7.79,0.01
844,CLASS E: EARTHWORKS,05 EXCAVATION ANCILLARIES,Add to the above rates where Landfill Tax applies,other taxable waste material,m3,82.96,159.44,0,0,242.4,7,242.4,0.0
847,CLASS E: EARTHWORKS,05 EXCAVATION ANCILLARIES,Double handling of excavated topsoil; using 1.5 m3 tractor loader and 22.5 t ADT,300 m average distance moved,m3,5.64,11.91,0,0,17.55,7,17.54,0.01
848,CLASS E: EARTHWORKS,05 EXCAVATION ANCILLARIES,Double handling of excavated topsoil; using 1.5 m3 tractor loader and 22.5 t ADT,600 m average distance moved,m3,7.04,14.88,0,0,21.92,7,21.92,0.0
849,CLASS E: EARTHWORKS,05 EXCAVATION ANCILLARIES,Double handling of excavated topsoil; using 1.5 m3 tractor loader and 22.5 t ADT,1000 m average distance moved,m3,8.45,17.85,0,0,26.3,7,26.31,-0.01
851,CLASS E: EARTHWORKS,05 EXCAVATION ANCILLARIES,Double handling of excavated earth other than rock or artificial hard material; using 1.5 m3 tractor loader and 22.5 t ADT,300 m average distance moved,m3,5.64,11.91,0,0,17.55,7,17.54,0.01
852,CLASS E: EARTHWORKS,05 EXCAVATION ANCILLARIES,Double handling of excavated earth other than rock or artificial hard material; using 1.5 m3 tractor loader and 22.5 t ADT,600 m average distance moved,m3,7.04,14.88,0,0,21.92,7,21.92,0.0
853,CLASS E: EARTHWORKS,05 EXCAVATION ANCILLARIES,Double handling of excavated earth other than rock or artificial hard material; using 1.5 m3 tractor loader and 22.5 t ADT,1000 m average distance moved,m3,8.45,17.85,0,0,26.3,7,26.31,-0.01
855,CLASS E: EARTHWORKS,05 EXCAVATION ANCILLARIES,Double handling of rock or artificial hard material; using 1.5 m3 tractor loader and 22.5 t ADT,300 m average distance moved,m3,11.26,23.8,0,0,35.06,7,35.06,0.0
856,CLASS E: EARTHWORKS,05 EXCAVATION ANCILLARIES,Double handling of rock or artificial hard material; using 1.5 m3 tractor loader and 22.5 t ADT,600 m average distance moved,m3,12.67,26.78,0,0,39.45,7,39.45,0.0
857,CLASS E: EARTHWORKS,05 EXCAVATION ANCILLARIES,Double handling of rock or artificial hard material; using 1.5 m3 tractor loader and 22.5 t ADT,1000 m average distance moved,m3,14.09,29.75,0,0,43.84,7,43.84,0.0
860,CLASS E: EARTHWORKS,05 EXCAVATION ANCILLARIES,Excavation of material below the Final Surface and replacement of with,granular fill,m3,64.43,66.26,144.5,0,275.19,8,275.2,-0.01
861,CLASS E: EARTHWORKS,05 EXCAVATION ANCILLARIES,Excavation of material below the Final Surface and replacement of with,concrete Grade C7.5P,m3,32.22,33.14,175.19,0,240.55,8,240.54,0.01
863,CLASS E: EARTHWORKS,05 EXCAVATION ANCILLARIES,Miscellaneous,Timber supports left in,m2,37.59,0,18.07,0,55.66,4,55.65,0.01
864,CLASS E: EARTHWORKS,05 EXCAVATION ANCILLARIES,Miscellaneous,Metal supports left in,m2,82.94,0,23.61,0,106.55,4,106.55,0.0
867,CLASS E: EARTHWORKS,06 FILLING,Excavated topsoil; DfT specified type 5A; Filling,to structures,m3,9.05,16.2,0,0,25.25,5,25.25,0.0
868,CLASS E: EARTHWORKS,06 FILLING,Excavated topsoil; DfT specified type 5A; Filling,embankments,m3,3.17,5.66,0,0,8.83,5,8.83,0.0
869,CLASS E: EARTHWORKS,06 FILLING,Excavated topsoil; DfT specified type 5A; Filling,general,m3,2.65,4.76,0,0,7.41,5,7.41,0.0
870,CLASS E: EARTHWORKS,06 FILLING,Excavated topsoil; DfT specified type 5A; Filling,150 mm thick,m2,0.87,1.6,0,0,2.47,5,2.47,0.0
871,CLASS E: EARTHWORKS,06 FILLING,Excavated topsoil; DfT specified type 5A; Filling,250 mm thick,m2,1.53,2.71,0,0,4.24,5,4.23,0.01
872,CLASS E: EARTHWORKS,06 FILLING,Excavated topsoil; DfT specified type 5A; Filling,400 mm thick,m2,2.15,3.86,0,0,6.01,5,6.0,0.01
873,CLASS E: EARTHWORKS,06 FILLING,Excavated topsoil; DfT specified type 5A; Filling,600 mm thick,m2,3.04,5.43,0,0,8.47,5,8.48,-0.01
875,CLASS E: EARTHWORKS,06 FILLING,Imported topsoil DfT specified type 5B; Filling,embankments,m3,3.17,5.66,120.32,0,129.15,6,129.15,0.0
876,CLASS E: EARTHWORKS,06 FILLING,Imported topsoil DfT specified type 5B; Filling,general,m3,2.65,4.76,120.32,0,127.73,6,127.73,0.0
877,CLASS E: EARTHWORKS,06 FILLING,Imported topsoil DfT specified type 5B; Filling,150 mm thick,m2,0.87,1.6,18.04,0,20.51,6,20.51,0.0
878,CLASS E: EARTHWORKS,06 FILLING,Imported topsoil DfT specified type 5B; Filling,250 mm thick,m2,1.53,2.71,30.08,0,34.32,6,34.31,0.01
879,CLASS E: EARTHWORKS,06 FILLING,Imported topsoil DfT specified type 5B; Filling,400 mm thick,m2,2.15,3.86,48.13,0,54.14,6,54.13,0.01
880,CLASS E: EARTHWORKS,06 FILLING,Imported topsoil DfT specified type 5B; Filling,600 mm thick,m2,3.04,5.43,72.19,0,80.66,6,80.67,-0.01
882,CLASS E: EARTHWORKS,06 FILLING,Non-selected excavated material other than topsoil or rock; Filling,to structures,m3,4.55,8.16,0,0,12.71,5,12.7,0.01
883,CLASS E: EARTHWORKS,06 FILLING,Non-selected excavated material other than topsoil or rock; Filling,embankments,m3,1.9,3.4,0,0,5.3,5,5.3,0.0
884,CLASS E: EARTHWORKS,06 FILLING,Non-selected excavated material other than topsoil or rock; Filling,general,m3,1.4,2.49,0,0,3.89,5,3.89,0.0
885,CLASS E: EARTHWORKS,06 FILLING,Non-selected excavated material other than topsoil or rock; Filling,150 mm thick,m2,0.51,0.9,0,0,1.41,5,1.4,0.01
887,CLASS E: EARTHWORKS,06 FILLING,Non-selected excavated material other than topsoil or rock; Filling (continued),250 mm thick,m2,0.75,1.36,0,0,2.11,5,2.11,0.0
888,CLASS E: EARTHWORKS,06 FILLING,Non-selected excavated material other than topsoil or rock; Filling (continued),400 mm thick,m2,1.15,2.03,0,0,3.18,5,3.18,0.0
889,CLASS E: EARTHWORKS,06 FILLING,Non-selected excavated material other than topsoil or rock; Filling (continued),600 mm thick,m2,1.53,2.71,0,0,4.24,5,4.23,0.01
891,CLASS E: EARTHWORKS,06 FILLING,Selected excavated material other than topsoil or rock; Filling,to structures,m3,5.19,9.29,0,0,14.48,5,14.48,0.0
892,CLASS E: EARTHWORKS,06 FILLING,Selected excavated material other than topsoil or rock; Filling,embankments,m3,1.77,3.17,0,0,4.94,5,4.94,0.0
893,CLASS E: EARTHWORKS,06 FILLING,Selected excavated material other than topsoil or rock; Filling,general,m3,1.53,2.71,0,0,4.24,5,4.23,0.01
894,CLASS E: EARTHWORKS,06 FILLING,Selected excavated material other than topsoil or rock; Filling,150 mm thick,m2,0.51,0.9,0,0,1.41,5,1.4,0.01
895,CLASS E: EARTHWORKS,06 FILLING,Selected excavated material other than topsoil or rock; Filling,250 mm thick,m2,0.87,1.6,0,0,2.47,5,2.47,0.0
896,CLASS E: EARTHWORKS,06 FILLING,Selected excavated material other than topsoil or rock; Filling,400 mm thick,m2,1.27,2.27,0,0,3.54,5,3.54,0.0
897,CLASS E: EARTHWORKS,06 FILLING,Selected excavated material other than topsoil or rock; Filling,600 mm thick,m2,1.64,2.94,0,0,4.58,5,4.59,-0.01
899,CLASS E: EARTHWORKS,06 FILLING,Imported natural material other than topsoil or rock; subsoil; Filling,to structures,m3,4.55,8.16,125.24,0,137.95,6,137.94,0.01
900,CLASS E: EARTHWORKS,06 FILLING,Imported natural material other than topsoil or rock; subsoil; Filling,embankments,m3,1.9,3.4,125.24,0,130.54,6,130.54,0.0
901,CLASS E: EARTHWORKS,06 FILLING,Imported natural material other than topsoil or rock; subsoil; Filling,general,m3,1.9,3.4,125.24,0,130.54,6,130.54,0.0
902,CLASS E: EARTHWORKS,06 FILLING,Imported natural material other than topsoil or rock; subsoil; Filling,150 mm thick,m2,1.15,2.03,18.78,0,21.96,6,21.96,0.0
903,CLASS E: EARTHWORKS,06 FILLING,Imported natural material other than topsoil or rock; subsoil; Filling,250 mm thick,m2,1.64,2.94,31.3,0,35.88,6,35.9,-0.02
904,CLASS E: EARTHWORKS,06 FILLING,Imported natural material other than topsoil or rock; subsoil; Filling,400 mm thick,m2,1.9,3.4,50.1,0,55.4,6,55.4,0.0
905,CLASS E: EARTHWORKS,06 FILLING,Imported natural material other than topsoil or rock; subsoil; Filling,600 mm thick,m2,2.15,3.86,75.15,0,81.16,6,81.14,0.02
907,CLASS E: EARTHWORKS,06 FILLING,Imported natural material other than topsoil or rock; granular graded material; Filling,to structures,m3,4.55,8.16,151.27,0,163.98,6,163.97,0.01
908,CLASS E: EARTHWORKS,06 FILLING,Imported natural material other than topsoil or rock; granular graded material; Filling,embankments,m3,2.15,3.86,151.27,0,157.28,6,157.27,0.01
909,CLASS E: EARTHWORKS,06 FILLING,Imported natural material other than topsoil or rock; granular graded material; Filling,general,m3,2.15,3.86,151.27,0,157.28,6,157.27,0.01
910,CLASS E: EARTHWORKS,06 FILLING,Imported natural material other than topsoil or rock; granular graded material; Filling,150 mm thick,m2,1.53,2.71,22.69,0,26.93,6,26.92,0.01
911,CLASS E: EARTHWORKS,06 FILLING,Imported natural material other than topsoil or rock; granular graded material; Filling,250 mm thick,m2,2.15,3.86,37.82,0,43.83,6,43.81,0.02
912,CLASS E: EARTHWORKS,06 FILLING,Imported natural material other than topsoil or rock; granular graded material; Filling,400 mm thick,m2,2.53,4.52,60.5,0,67.55,6,67.56,-0.01
913,CLASS E: EARTHWORKS,06 FILLING,Imported natural material other than topsoil or rock; granular graded material; Filling,600 mm thick,m2,2.78,4.98,90.76,0,98.52,6,98.52,0.0
915,CLASS E: EARTHWORKS,06 FILLING,Imported natural material other than topsoil or rock; granular selected material; Filling,to structures,m3,4.55,8.16,130.29,0,143.0,6,142.99,0.01
916,CLASS E: EARTHWORKS,06 FILLING,Imported natural material other than topsoil or rock; granular selected material; Filling,embankments,m3,2.15,3.86,130.29,0,136.3,6,136.29,0.01
917,CLASS E: EARTHWORKS,06 FILLING,Imported natural material other than topsoil or rock; granular selected material; Filling,general,m3,2.15,3.86,130.29,0,136.3,6,136.29,0.01
918,CLASS E: EARTHWORKS,06 FILLING,Imported natural material other than topsoil or rock; granular selected material; Filling,150 mm thick,m2,1.53,2.71,19.54,0,23.78,6,23.78,0.0
919,CLASS E: EARTHWORKS,06 FILLING,Imported natural material other than topsoil or rock; granular selected material; Filling,250 mm thick,m2,2.15,3.86,32.58,0,38.59,6,38.58,0.01
920,CLASS E: EARTHWORKS,06 FILLING,Imported natural material other than topsoil or rock; granular selected material; Filling,400 mm thick,m2,2.53,4.52,52.12,0,59.17,6,59.17,0.0
921,CLASS E: EARTHWORKS,06 FILLING,Imported natural material other than topsoil or rock; granular selected material; Filling,600 mm thick,m2,2.78,4.98,78.17,0,85.93,6,85.93,0.0
923,CLASS E: EARTHWORKS,06 FILLING,Excavated rock; Filling,to structures,m3,5.06,9.07,0,0,14.13,5,14.13,0.0
924,CLASS E: EARTHWORKS,06 FILLING,Excavated rock; Filling,embankments,m3,6.32,11.33,0,0,17.65,5,17.65,0.0
925,CLASS E: EARTHWORKS,06 FILLING,Excavated rock; Filling,general,m3,6.32,11.33,0,0,17.65,5,17.65,0.0
926,CLASS E: EARTHWORKS,06 FILLING,Excavated rock; Filling,150 mm thick,m2,2.15,3.86,0,0,6.01,5,6.0,0.01
927,CLASS E: EARTHWORKS,06 FILLING,Excavated rock; Filling,250 mm thick,m2,3.3,5.89,0,0,9.19,5,9.19,0.0
928,CLASS E: EARTHWORKS,06 FILLING,Excavated rock; Filling,400 mm thick,m2,5.06,9.07,0,0,14.13,5,14.13,0.0
929,CLASS E: EARTHWORKS,06 FILLING,Excavated rock; Filling,600 mm thick,m2,6.97,12.47,0,0,19.44,5,19.43,0.01
931,CLASS E: EARTHWORKS,06 FILLING,Imported rock; Filling,to structures,m3,5.06,9.07,286.97,0,301.1,6,301.1,0.0
932,CLASS E: EARTHWORKS,06 FILLING,Imported rock; Filling,embankments,m3,3.04,5.43,286.97,0,295.44,6,295.45,-0.01
933,CLASS E: EARTHWORKS,06 FILLING,Imported rock; Filling,general,m3,2.53,4.52,286.97,0,294.02,6,294.02,0.0
934,CLASS E: EARTHWORKS,06 FILLING,Imported rock; Filling,150 mm thick,m2,1.53,2.71,43.05,0,47.29,6,47.28,0.01
935,CLASS E: EARTHWORKS,06 FILLING,Imported rock; Filling,250 mm thick,m2,2.53,4.52,71.74,0,78.79,6,78.79,0.0
936,CLASS E: EARTHWORKS,06 FILLING,Imported rock; Filling,400 mm thick,m2,3.8,6.8,114.79,0,125.39,6,125.38,0.01
937,CLASS E: EARTHWORKS,06 FILLING,Imported rock; Filling,600 mm thick,m2,3.8,6.8,172.18,0,182.78,6,182.77,0.01
939,CLASS E: EARTHWORKS,06 FILLING,High energy impaction general fill,embankments,m3,3.17,5.66,334.23,0,343.06,6,343.05,0.01
940,CLASS E: EARTHWORKS,06 FILLING,High energy impaction general fill,general,m3,2.65,4.76,167.11,0,174.52,6,174.52,0.0
941,CLASS E: EARTHWORKS,06 FILLING,High energy impaction general fill,150 mm thick,m2,0.87,1.6,33.42,0,35.89,6,35.89,0.0
942,CLASS E: EARTHWORKS,06 FILLING,High energy impaction general fill,250 mm thick,m2,1.53,2.71,50.13,0,54.37,6,54.37,0.0
943,CLASS E: EARTHWORKS,06 FILLING,High energy impaction general fill,400 mm thick,m2,2.15,3.86,54.31,0,60.32,6,60.3,0.02
944,CLASS E: EARTHWORKS,06 FILLING,High energy impaction general fill,600 mm thick,m2,3.04,5.43,83.55,0,92.02,6,92.03,-0.01
947,CLASS E: EARTHWORKS,07 FILLING ANCILLARIES,Trimming of filled surfaces; Topsoil,horizontal,m2,1.44,3.52,0,0,4.96,3,4.96,0.0
948,CLASS E: EARTHWORKS,07 FILLING ANCILLARIES,Trimming of filled surfaces; Topsoil,inclined at an angle of 10-45 deg to horizontal,m2,1.44,3.52,0,0,4.96,3,4.96,0.0
949,CLASS E: EARTHWORKS,07 FILLING ANCILLARIES,Trimming of filled surfaces; Topsoil,inclined at an angle of 45-90 deg to horizontal,m2,1.85,4.51,0,0,6.36,3,6.37,-0.01
951,CLASS E: EARTHWORKS,07 FILLING ANCILLARIES,"Trimming of filled surfaces; Material other than topsoil, rock or artificial hard material",horizontal,m2,1.44,3.52,0,0,4.96,3,4.96,0.0
952,CLASS E: EARTHWORKS,07 FILLING ANCILLARIES,"Trimming of filled surfaces; Material other than topsoil, rock or artificial hard material",inclined at an angle of 10-45 deg to horizontal,m2,1.44,3.52,0,0,4.96,3,4.96,0.0
953,CLASS E: EARTHWORKS,07 FILLING ANCILLARIES,"Trimming of filled surfaces; Material other than topsoil, rock or artificial hard material",inclined at an angle of 45-90 deg to horizontal,m2,1.85,4.51,0,0,6.36,3,6.37,-0.01
955,CLASS E: EARTHWORKS,07 FILLING ANCILLARIES,Trimming of filled surfaces; Rock,horizontal,m2,34.92,85.35,0,0,120.27,3,120.27,0.0
956,CLASS E: EARTHWORKS,07 FILLING ANCILLARIES,Trimming of filled surfaces; Rock,inclined at an angle of 10-45 deg to horizontal,m2,35.61,87.03,0,0,122.64,3,122.64,0.0
957,CLASS E: EARTHWORKS,07 FILLING ANCILLARIES,Trimming of filled surfaces; Rock,inclined at an angle of 45-90 deg to horizontal,m2,47.94,117.15,0,0,165.09,3,165.09,0.0
959,CLASS E: EARTHWORKS,07 FILLING ANCILLARIES,Preparation of filled surfaces; Topsoil,horizontal,m2,2.12,5.02,0,0,7.14,3,7.13,0.01
960,CLASS E: EARTHWORKS,07 FILLING ANCILLARIES,Preparation of filled surfaces; Topsoil,inclined at an angle of 10-45 deg to horizontal,m2,2.12,5.02,0,0,7.14,3,7.13,0.01
962,CLASS E: EARTHWORKS,07 FILLING ANCILLARIES,Preparation of filled surfaces; Topsoil (continued),inclined at an angle of 45-90 deg to horizontal,m2,2.6,6.2,0,0,8.8,3,8.8,0.0
964,CLASS E: EARTHWORKS,07 FILLING ANCILLARIES,"Preparation of filled surfaces; Material other than topsoil, rock or artificial hard material",horizontal,m2,2.12,5.02,0,0,7.14,3,7.13,0.01
965,CLASS E: EARTHWORKS,07 FILLING ANCILLARIES,"Preparation of filled surfaces; Material other than topsoil, rock or artificial hard material",inclined at an angle of 10-45 deg to horizontal,m2,2.12,5.02,0,0,7.14,3,7.13,0.01
966,CLASS E: EARTHWORKS,07 FILLING ANCILLARIES,"Preparation of filled surfaces; Material other than topsoil, rock or artificial hard material",inclined at an angle of 45-90 deg to horizontal,m2,2.6,6.2,0,0,8.8,3,8.8,0.0
968,CLASS E: EARTHWORKS,07 FILLING ANCILLARIES,Preparation of filled surfaces; Rock,horizontal,m2,23.25,55.23,0,0,78.48,3,78.48,0.0
969,CLASS E: EARTHWORKS,07 FILLING ANCILLARIES,Preparation of filled surfaces; Rock,inclined at an angle of 10-45 deg to horizontal,m2,23.25,55.23,0,0,78.48,3,78.48,0.0
970,CLASS E: EARTHWORKS,07 FILLING ANCILLARIES,Preparation of filled surfaces; Rock,inclined at an angle of 45-90 deg to horizontal,m2,36.63,87.03,0,0,123.66,3,123.66,0.0
975,CLASS E: EARTHWORKS,GEOTEXTILES,"For use over weak soils with moderate traffic intensities e.g. car parks, light access roads; Tensar SS20 Polypropylene Geogrid",horizontal,m2,3.53,0,3.34,0,6.87,3,6.87,0.0
976,CLASS E: EARTHWORKS,GEOTEXTILES,"For use over weak soils with moderate traffic intensities e.g. car parks, light access roads; Tensar SS20 Polypropylene Geogrid",inclined at an angle of 10 to 45 deg to horizontal,m2,4.45,0,3.34,0,7.79,3,7.8,-0.01
978,CLASS E: EARTHWORKS,GEOTEXTILES,For use over weak soils with high traffic intensities and/or high axle loadings; Tensar SS30 Polypropylene Geogrid,horizontal,m2,5.49,0,3.41,0,8.9,3,8.91,-0.01
979,CLASS E: EARTHWORKS,GEOTEXTILES,For use over weak soils with high traffic intensities and/or high axle loadings; Tensar SS30 Polypropylene Geogrid,inclined at an angle of 10 to 45 deg to horizontal,m2,6.82,0,3.41,0,10.23,3,10.24,-0.01
981,CLASS E: EARTHWORKS,GEOTEXTILES,"For use over very weak soils e.g. alluvium, marsh or peat or firmer soil subject to exceptionally high axle loadings; Tensar SS40 Polypropylene Geogrid",horizontal,m2,6.32,6.96,6.0,0,19.28,4,19.28,0.0
982,CLASS E: EARTHWORKS,GEOTEXTILES,"For use over very weak soils e.g. alluvium, marsh or peat or firmer soil subject to exceptionally high axle loadings; Tensar SS40 Polypropylene Geogrid",inclined at an angle of 10 to 45 deg to horizontal,m2,7.86,8.67,6.0,0,22.53,4,22.52,0.01
984,CLASS E: EARTHWORKS,GEOTEXTILES,For trafficked areas where fill comprises aggregate exceeding 100 mm; Tensar SSLA20 Polypropylene Geogrid,horizontal,m2,3.53,0,6.2,0,9.73,3,9.73,0.0
985,CLASS E: EARTHWORKS,GEOTEXTILES,For trafficked areas where fill comprises aggregate exceeding 100 mm; Tensar SSLA20 Polypropylene Geogrid,inclined at an angle of 10-45 deg to the horizontal,m2,4.45,0,6.2,0,10.65,3,10.65,0.0
987,CLASS E: EARTHWORKS,GEOTEXTILES,Stabilization and separation of granular fill from soft sub grade to prevent intermixing: Terram 1000,horizontal,m2,6.21,0,1.03,0,7.24,3,7.24,0.0
988,CLASS E: EARTHWORKS,GEOTEXTILES,Stabilization and separation of granular fill from soft sub grade to prevent intermixing: Terram 1000,inclined at an angle of 10 to 45 deg to the horizontal,m2,7.8,0,1.03,0,8.83,3,8.83,0.0
990,CLASS E: EARTHWORKS,GEOTEXTILES,Stabilization and separation of granular fill from soft sub grade to prevent intermixing: Terram 2000,horizontal,m2,5.9,6.5,2.47,0,14.87,4,14.87,0.0
991,CLASS E: EARTHWORKS,GEOTEXTILES,Stabilization and separation of granular fill from soft sub grade to prevent intermixing: Terram 2000,inclined at an angle of 10 to 45 deg to the horizontal,m2,7.44,8.2,2.47,0,18.11,4,18.1,0.01
993,CLASS E: EARTHWORKS,GEOTEXTILES,"Geotextiles; reinforcement applications for asphalt pavements; For roads, hardstandings and airfield pavements; Tensar AR-G composite comprising Tensar AR-1 grid bonded to a geotextile, laid within asphalt",horizontal,m2,5.49,0,5.58,0,11.07,3,11.07,0.0
994,CLASS E: EARTHWORKS,GEOTEXTILES,"Geotextiles; reinforcement applications for asphalt pavements; For roads, hardstandings and airfield pavements; Tensar AR-G composite comprising Tensar AR-1 grid bonded to a geotextile, laid within asphalt",inclined at an angle of 10 to 45 deg to horizontal,m2,6.82,0,5.58,0,12.4,3,12.4,0.0
997,CLASS E: EARTHWORKS,GEOTEXTILES,Paragrid 30/155; 330 g/m2,horizontal,m2,3.53,0,3.48,0,7.01,3,7.01,0.0
998,CLASS E: EARTHWORKS,GEOTEXTILES,Paragrid 30/155; 330 g/m2,inclined at an angle of 10-45 deg to the horizontal,m2,4.45,0,3.48,0,7.93,3,7.94,-0.01
1000,CLASS E: EARTHWORKS,GEOTEXTILES,Paragrid 100/255; 330 g/m2,horizontal,m2,3.53,0,2.14,0,5.67,3,5.67,0.0
1002,CLASS E: EARTHWORKS,GEOTEXTILES,Paralink 200 s; 1120 g/m2,horizontal,m2,7.58,8.35,6.21,0,22.14,4,22.14,0.0
1003,CLASS E: EARTHWORKS,GEOTEXTILES,Paralink 200 s; 1120 g/m2,inclined at an angle of 10-45 deg to the horizontal,m2,9.54,10.51,6.21,0,26.26,4,26.26,0.0
1005,CLASS E: EARTHWORKS,GEOTEXTILES,Paralink 600 s; 2040 g/m2,horizontal,m2,8.85,9.74,13.66,0,32.25,4,32.25,0.0
1006,CLASS E: EARTHWORKS,GEOTEXTILES,Paralink 600 s; 2040 g/m2,inclined at an angle of 10-45 deg to the horizontal,m2,11.09,12.22,13.66,0,36.97,4,36.97,0.0
1008,CLASS E: EARTHWORKS,GEOTEXTILES,Terram grid 30/30,horizontal,m2,8.0,8.82,4.61,0,21.43,4,21.43,0.0
1009,CLASS E: EARTHWORKS,GEOTEXTILES,Terram grid 30/30,inclined at an angle of 10-45 deg to the horizontal,m2,9.96,10.98,4.61,0,25.55,4,25.55,0.0
1012,CLASS E: EARTHWORKS,GEOTEXTILES,"For use where erosion protection is required to the surface of a slope once its geotechnical stability has been achieved, and to allow grass establishment; Tensar Mat Polyethylene mesh; fixed with Tensar pegs",horizontal,m2,4.99,0,8.55,0,13.54,3,13.54,0.0
1013,CLASS E: EARTHWORKS,GEOTEXTILES,"For use where erosion protection is required to the surface of a slope once its geotechnical stability has been achieved, and to allow grass establishment; Tensar Mat Polyethylene mesh; fixed with Tensar pegs",inclined at an angle of 10-45 deg to the horizontal,m2,6.21,0,8.55,0,14.76,3,14.76,0.0
1015,CLASS E: EARTHWORKS,GEOTEXTILES,"For use where hydraulic action exists, such as coastline protection from pressures exerted by waves, currents and tides; Typar SF56",horizontal,m2,7.16,7.89,0.92,0,15.97,4,15.97,0.0
1016,CLASS E: EARTHWORKS,GEOTEXTILES,"For use where hydraulic action exists, such as coastline protection from pressures exerted by waves, currents and tides; Typar SF56",inclined at an angle of 10-45 deg to the horizontal,m2,8.98,9.9,0.92,0,19.8,4,19.82,-0.02
1018,CLASS E: EARTHWORKS,GEOTEXTILES,For protection against puncturing to reservoir liner; Typar SF563,horizontal,m2,7.16,7.89,0.92,0,15.97,4,15.97,0.0
1019,CLASS E: EARTHWORKS,GEOTEXTILES,For protection against puncturing to reservoir liner; Typar SF563,inclined at an angle of 10-45 deg to the horizontal,m2,8.98,9.9,0.92,0,19.8,4,19.82,-0.02
1021,CLASS E: EARTHWORKS,GEOTEXTILES,Geotextiles; temporary parking areas; For reinforcement of grassed areas subject to wear from excessive pedestrian and light motor vehicle traffic; Netlon CE131 high density polyethylene geogrid,horizontal,m2,3.7,0,7.38,0,11.08,3,11.08,0.0
1023,CLASS E: EARTHWORKS,GEOTEXTILES,Geotextiles; landscaping applications; For prevention of weed growth in planted areas by incorporating a geotextile over top soil and below mulch or gravel; Typar SF20,horizontal,m2,9.14,0,0.37,0,9.51,3,9.52,-0.01
1024,CLASS E: EARTHWORKS,GEOTEXTILES,Geotextiles; landscaping applications; For prevention of weed growth in planted areas by incorporating a geotextile over top soil and below mulch or gravel; Typar SF20,inclined at an angle of 10-45 deg to the horizontal,m2,11.45,0,0.37,0,11.82,3,11.83,-0.01
1027,CLASS E: EARTHWORKS,GEOTEXTILES,For root growth control; prevention of lateral spread of roots and mixing of road base and humus; Typar SF20 (continued),horizontal,m2,9.15,0,0.37,0,9.52,4,9.52,0.0
1028,CLASS E: EARTHWORKS,GEOTEXTILES,For root growth control; prevention of lateral spread of roots and mixing of road base and humus; Typar SF20 (continued),inclined at an angle of 10-45 deg to the horizontal,m2,11.46,0,0.37,0,11.83,4,11.83,0.0
1031,CLASS E: EARTHWORKS,GEOTEXTILES,For clean installation of pipe support material and to prevent silting of the drainage pipe and minimizing differential settlement; Typar SF10,horizontal,m2,4.99,0,0.61,0,5.6,3,5.6,0.0
1032,CLASS E: EARTHWORKS,GEOTEXTILES,For clean installation of pipe support material and to prevent silting of the drainage pipe and minimizing differential settlement; Typar SF10,inclined at an angle of 10-45 deg to the horizontal,m2,6.21,0,0.61,0,6.82,3,6.82,0.0
1034,CLASS E: EARTHWORKS,GEOTEXTILES,For wrapping to prevent clogging of drainage pipes surrounded by fine soil; Typar SF10,sheeting,m2,9.74,0,0.78,0,10.52,3,10.53,-0.01
1036,CLASS E: EARTHWORKS,GEOTEXTILES,For wrapping to prevent clogging of drainage pipes surrounded by fine soil; Terram 1000,sheeting,m2,9.74,0,1.12,0,10.86,3,10.86,0.0
1038,CLASS E: EARTHWORKS,GEOTEXTILES,"For vertical structure drainage to sub-surface walls, roofs and foundations; Filtram 1B1",sheeting,m2,9.74,0,6.95,0,16.69,4,16.69,0.0
1040,CLASS E: EARTHWORKS,GEOTEXTILES,"For waterproofing to tunnels, buried structures, etc. where the membrane is buried, forming part of the drainage system; Filtram 1BZ",sheeting,m2,9.74,0,12.73,0,22.47,3,22.48,-0.01
1042,CLASS E: EARTHWORKS,GEOTEXTILES,Geotextiles; roofing insulation and protection,Protection of waterproofing membrane from physical damage and puncturing; Typar SF56 sheeting,m2,7.16,7.89,0.92,0,15.97,4,15.97,0.0
1043,CLASS E: EARTHWORKS,GEOTEXTILES,Geotextiles; roofing insulation and protection,Internal reinforcement of in situ spread waterproof bitumen emulsion; Typar SF10 sheeting,m2,8.05,0,0.61,0,8.66,3,8.66,0.0
1074,CLASS F: IN SITU CONCRETE,01 DESIGNED CONCRETE,Designed Concrete; Strength,C12/15,m3,0,0,183.53,0,183.53,1,183.53,0.0
1075,CLASS F: IN SITU CONCRETE,01 DESIGNED CONCRETE,Designed Concrete; Strength,C16/20,m3,0,0,185.78,0,185.78,1,185.78,0.0
1076,CLASS F: IN SITU CONCRETE,01 DESIGNED CONCRETE,Designed Concrete; Strength,C20/25,m3,0,0,188.18,0,188.18,1,188.18,0.0
1077,CLASS F: IN SITU CONCRETE,01 DESIGNED CONCRETE,Designed Concrete; Strength,C25/30,m3,0,0,190.47,0,190.47,1,190.47,0.0
1078,CLASS F: IN SITU CONCRETE,01 DESIGNED CONCRETE,Designed Concrete; Strength,C32/40,m3,0,0,192.81,0,192.81,1,192.81,0.0
1079,CLASS F: IN SITU CONCRETE,01 DESIGNED CONCRETE,Designed Concrete; Strength,RCC8/10,m3,0,0,207.09,0,207.09,1,207.09,0.0
1080,CLASS F: IN SITU CONCRETE,01 DESIGNED CONCRETE,Designed Concrete; Strength,RC25/30,m3,0,0,209.35,0,209.35,1,209.35,0.0
1081,CLASS F: IN SITU CONCRETE,01 DESIGNED CONCRETE,Designed Concrete; Strength,RC30/37,m3,0,0,211.74,0,211.74,1,211.74,0.0
1082,CLASS F: IN SITU CONCRETE,01 DESIGNED CONCRETE,Designed Concrete; Strength,RC32/40,m3,0,0,214.02,0,214.02,1,214.02,0.0
1083,CLASS F: IN SITU CONCRETE,01 DESIGNED CONCRETE,Designed Concrete; Strength,RC40/50,m3,0,0,216.37,0,216.37,1,216.37,0.0
1085,CLASS F: IN SITU CONCRETE,01 DESIGNED CONCRETE,Designed mix; sulphate-resisting cement to BS 4027; Grade C7.5,10 mm aggregate,m3,0,0,199.04,0,199.04,1,199.04,0.0
1086,CLASS F: IN SITU CONCRETE,01 DESIGNED CONCRETE,Designed mix; sulphate-resisting cement to BS 4027; Grade C7.5,20 mm aggregate,m3,0,0,183.14,0,183.14,1,183.14,0.0
1087,CLASS F: IN SITU CONCRETE,01 DESIGNED CONCRETE,Designed mix; sulphate-resisting cement to BS 4027; Grade C7.5,40 mm aggregate,m3,0,0,180.75,0,180.75,1,180.75,0.0
1089,CLASS F: IN SITU CONCRETE,01 DESIGNED CONCRETE,Designed mix; sulphate-resisting cement to BS 4027; Grade C10,10 mm aggregate,m3,0,0,199.42,0,199.42,1,199.42,0.0
1091,CLASS F: IN SITU CONCRETE,01 DESIGNED CONCRETE,Designed mix; sulphate-resisting cement to BS 4027; Grade C10 (continued),20 mm aggregate,m3,0,0,186.93,0,186.93,1,186.93,0.0
1092,CLASS F: IN SITU CONCRETE,01 DESIGNED CONCRETE,Designed mix; sulphate-resisting cement to BS 4027; Grade C10 (continued),40 mm aggregate,m3,0,0,191.93,0,191.93,1,191.93,0.0
1094,CLASS F: IN SITU CONCRETE,01 DESIGNED CONCRETE,Designed mix; sulphate-resisting cement to BS 4027; Grade C15,10 mm aggregate,m3,0,0,182.24,0,182.24,1,182.24,0.0
1095,CLASS F: IN SITU CONCRETE,01 DESIGNED CONCRETE,Designed mix; sulphate-resisting cement to BS 4027; Grade C15,20 mm aggregate,m3,0,0,194.56,0,194.56,1,194.56,0.0
1096,CLASS F: IN SITU CONCRETE,01 DESIGNED CONCRETE,Designed mix; sulphate-resisting cement to BS 4027; Grade C15,40 mm aggregate,m3,0,0,192.32,0,192.32,1,192.32,0.0
1098,CLASS F: IN SITU CONCRETE,01 DESIGNED CONCRETE,Designed mix; sulphate-resisting cement to BS 4027; Grade C20,10 mm aggregate,m3,0,0,189.03,0,189.03,1,189.03,0.0
1099,CLASS F: IN SITU CONCRETE,01 DESIGNED CONCRETE,Designed mix; sulphate-resisting cement to BS 4027; Grade C20,20 mm aggregate,m3,0,0,195.44,0,195.44,1,195.44,0.0
1100,CLASS F: IN SITU CONCRETE,01 DESIGNED CONCRETE,Designed mix; sulphate-resisting cement to BS 4027; Grade C20,40 mm aggregate,m3,0,0,192.88,0,192.88,1,192.88,0.0
1102,CLASS F: IN SITU CONCRETE,01 DESIGNED CONCRETE,Designed mix; sulphate-resisting cement to BS 4027; Grade C25,10 mm aggregate,m3,0,0,205.97,0,205.97,1,205.97,0.0
1103,CLASS F: IN SITU CONCRETE,01 DESIGNED CONCRETE,Designed mix; sulphate-resisting cement to BS 4027; Grade C25,20 mm aggregate,m3,0,0,200.01,0,200.01,1,200.01,0.0
1104,CLASS F: IN SITU CONCRETE,01 DESIGNED CONCRETE,Designed mix; sulphate-resisting cement to BS 4027; Grade C25,40 mm aggregate,m3,0,0,206.02,0,206.02,1,206.02,0.0
1106,CLASS F: IN SITU CONCRETE,01 DESIGNED CONCRETE,Designed mix; sulphate-resisting cement to BS 4027; Grade C30,10 mm aggregate,m3,0,0,219.64,0,219.64,1,219.64,0.0
1107,CLASS F: IN SITU CONCRETE,01 DESIGNED CONCRETE,Designed mix; sulphate-resisting cement to BS 4027; Grade C30,20 mm aggregate,m3,0,0,224.92,0,224.92,1,224.92,0.0
1108,CLASS F: IN SITU CONCRETE,01 DESIGNED CONCRETE,Designed mix; sulphate-resisting cement to BS 4027; Grade C30,40 mm aggregate,m3,0,0,221.93,0,221.93,1,221.93,0.0
1111,CLASS F: IN SITU CONCRETE,02 DESIGNATED CONCRETE,Designated Concrete; Grade C7.5,10 mm aggregate,m3,0,0,176.03,0,176.03,1,176.03,0.0
1112,CLASS F: IN SITU CONCRETE,02 DESIGNATED CONCRETE,Designated Concrete; Grade C7.5,20 mm aggregate,m3,0,0,160.13,0,160.13,1,160.13,0.0
1113,CLASS F: IN SITU CONCRETE,02 DESIGNATED CONCRETE,Designated Concrete; Grade C7.5,40 mm aggregate,m3,0,0,157.73,0,157.73,1,157.73,0.0
1115,CLASS F: IN SITU CONCRETE,02 DESIGNATED CONCRETE,Designated Concrete; Grade C10,10 mm aggregate,m3,0,0,176.03,0,176.03,1,176.03,0.0
1116,CLASS F: IN SITU CONCRETE,02 DESIGNATED CONCRETE,Designated Concrete; Grade C10,20 mm aggregate,m3,0,0,163.54,0,163.54,1,163.54,0.0
1117,CLASS F: IN SITU CONCRETE,02 DESIGNATED CONCRETE,Designated Concrete; Grade C10,40 mm aggregate,m3,0,0,168.55,0,168.55,1,168.55,0.0
1119,CLASS F: IN SITU CONCRETE,02 DESIGNATED CONCRETE,Designated Concrete; Grade C15,10 mm aggregate,m3,0,0,158.47,0,158.47,1,158.47,0.0
1120,CLASS F: IN SITU CONCRETE,02 DESIGNATED CONCRETE,Designated Concrete; Grade C15,20 mm aggregate,m3,0,0,170.79,0,170.79,1,170.79,0.0
1121,CLASS F: IN SITU CONCRETE,02 DESIGNATED CONCRETE,Designated Concrete; Grade C15,40 mm aggregate,m3,0,0,168.55,0,168.55,1,168.55,0.0
1123,CLASS F: IN SITU CONCRETE,02 DESIGNATED CONCRETE,Designated Concrete; Grade C20,10 mm aggregate,m3,0,0,165.03,0,165.03,1,165.03,0.0
1124,CLASS F: IN SITU CONCRETE,02 DESIGNATED CONCRETE,Designated Concrete; Grade C20,20 mm aggregate,m3,0,0,171.43,0,171.43,1,171.43,0.0
1125,CLASS F: IN SITU CONCRETE,02 DESIGNATED CONCRETE,Designated Concrete; Grade C20,40 mm aggregate,m3,0,0,168.87,0,168.87,1,168.87,0.0
1127,CLASS F: IN SITU CONCRETE,02 DESIGNATED CONCRETE,Designated Concrete; Grade C25,10 mm aggregate,m3,0,0,181.16,0,181.16,1,181.16,0.0
1128,CLASS F: IN SITU CONCRETE,02 DESIGNATED CONCRETE,Designated Concrete; Grade C25,20 mm aggregate,m3,0,0,175.21,0,175.21,1,175.21,0.0
1129,CLASS F: IN SITU CONCRETE,02 DESIGNATED CONCRETE,Designated Concrete; Grade C25,40 mm aggregate,m3,0,0,181.22,0,181.22,1,181.22,0.0
1131,CLASS F: IN SITU CONCRETE,02 DESIGNATED CONCRETE,Designated Concrete; Grade C30,10 mm aggregate,m3,0,0,194.45,0,194.45,1,194.45,0.0
1132,CLASS F: IN SITU CONCRETE,02 DESIGNATED CONCRETE,Designated Concrete; Grade C30,20 mm aggregate,m3,0,0,199.73,0,199.73,1,199.73,0.0
1133,CLASS F: IN SITU CONCRETE,02 DESIGNATED CONCRETE,Designated Concrete; Grade C30,40 mm aggregate,m3,0,0,196.74,0,196.74,1,196.74,0.0
1135,CLASS F: IN SITU CONCRETE,02 DESIGNATED CONCRETE,Designated Concrete; Grade C40,10 mm aggregate,m3,0,0,214.71,0,214.71,1,214.71,0.0
1136,CLASS F: IN SITU CONCRETE,02 DESIGNATED CONCRETE,Designated Concrete; Grade C40,20 mm aggregate,m3,0,0,211.47,0,211.47,1,211.47,0.0
1138,CLASS F: IN SITU CONCRETE,02 DESIGNATED CONCRETE,Designated Concrete; Grade C50,10 mm aggregate,m3,0,0,218.99,0,218.99,1,218.99,0.0
1139,CLASS F: IN SITU CONCRETE,02 DESIGNATED CONCRETE,Designated Concrete; Grade C50,20 mm aggregate,m3,0,0,215.7,0,215.7,1,215.7,0.0
1141,CLASS F: IN SITU CONCRETE,02 DESIGNATED CONCRETE,Designated Concrete; Grade C60,10 mm aggregate,m3,0,0,223.38,0,223.38,1,223.38,0.0
1142,CLASS F: IN SITU CONCRETE,02 DESIGNATED CONCRETE,Designated Concrete; Grade C60,20 mm aggregate,m3,0,0,219.98,0,219.98,1,219.98,0.0
1145,CLASS F: IN SITU CONCRETE,03 STANDARDISED PRESCRIBED CONCRETE,Prescribed mix; cement to BS EN 197-1; Grade C7.5,10 mm aggregate,m3,0,0,166.63,0,166.63,1,166.63,0.0
1146,CLASS F: IN SITU CONCRETE,03 STANDARDISED PRESCRIBED CONCRETE,Prescribed mix; cement to BS EN 197-1; Grade C7.5,20 mm aggregate,m3,0,0,164.13,0,164.13,1,164.13,0.0
1147,CLASS F: IN SITU CONCRETE,03 STANDARDISED PRESCRIBED CONCRETE,Prescribed mix; cement to BS EN 197-1; Grade C7.5,40 mm aggregate,m3,0,0,161.66,0,161.66,1,161.66,0.0
1149,CLASS F: IN SITU CONCRETE,03 STANDARDISED PRESCRIBED CONCRETE,Prescribed mix; cement to BS EN 197-1; Grade C10,10 mm aggregate,m3,0,0,169.62,0,169.62,1,169.62,0.0
1150,CLASS F: IN SITU CONCRETE,03 STANDARDISED PRESCRIBED CONCRETE,Prescribed mix; cement to BS EN 197-1; Grade C10,20 mm aggregate,m3,0,0,167.03,0,167.03,1,167.03,0.0
1151,CLASS F: IN SITU CONCRETE,03 STANDARDISED PRESCRIBED CONCRETE,Prescribed mix; cement to BS EN 197-1; Grade C10,40 mm aggregate,m3,0,0,164.58,0,164.58,1,164.58,0.0
1153,CLASS F: IN SITU CONCRETE,03 STANDARDISED PRESCRIBED CONCRETE,Prescribed mix; cement to BS EN 197-1; Grade C15,10 mm aggregate,m3,0,0,170.55,0,170.55,1,170.55,0.0
1154,CLASS F: IN SITU CONCRETE,03 STANDARDISED PRESCRIBED CONCRETE,Prescribed mix; cement to BS EN 197-1; Grade C15,20 mm aggregate,m3,0,0,173.57,0,173.57,1,173.57,0.0
1155,CLASS F: IN SITU CONCRETE,03 STANDARDISED PRESCRIBED CONCRETE,Prescribed mix; cement to BS EN 197-1; Grade C15,40 mm aggregate,m3,0,0,165.46,0,165.46,1,165.46,0.0
1157,CLASS F: IN SITU CONCRETE,03 STANDARDISED PRESCRIBED CONCRETE,Prescribed mix; cement to BS EN 197-1; Grade C20,10 mm aggregate,m3,0,0,178.4,0,178.4,1,178.4,0.0
1158,CLASS F: IN SITU CONCRETE,03 STANDARDISED PRESCRIBED CONCRETE,Prescribed mix; cement to BS EN 197-1; Grade C20,20 mm aggregate,m3,0,0,175.71,0,175.71,1,175.71,0.0
1159,CLASS F: IN SITU CONCRETE,03 STANDARDISED PRESCRIBED CONCRETE,Prescribed mix; cement to BS EN 197-1; Grade C20,40 mm aggregate,m3,0,0,173.11,0,173.11,1,173.11,0.0
1161,CLASS F: IN SITU CONCRETE,03 STANDARDISED PRESCRIBED CONCRETE,Prescribed mix; cement to BS EN 197-1; Grade C25,10 mm aggregate,m3,0,0,181.16,0,181.16,1,181.16,0.0
1162,CLASS F: IN SITU CONCRETE,03 STANDARDISED PRESCRIBED CONCRETE,Prescribed mix; cement to BS EN 197-1; Grade C25,20 mm aggregate,m3,0,0,181.16,0,181.16,1,181.16,0.0
1163,CLASS F: IN SITU CONCRETE,03 STANDARDISED PRESCRIBED CONCRETE,Prescribed mix; cement to BS EN 197-1; Grade C25,40 mm aggregate,m3,0,0,181.16,0,181.16,1,181.16,0.0
1165,CLASS F: IN SITU CONCRETE,03 STANDARDISED PRESCRIBED CONCRETE,Prescribed mix; cement to BS EN 197-1; Grade C30,10 mm aggregate,m3,0,0,207.83,0,207.83,1,207.83,0.0
1166,CLASS F: IN SITU CONCRETE,03 STANDARDISED PRESCRIBED CONCRETE,Prescribed mix; cement to BS EN 197-1; Grade C30,20 mm aggregate,m3,0,0,204.75,0,204.75,1,204.75,0.0
1167,CLASS F: IN SITU CONCRETE,03 STANDARDISED PRESCRIBED CONCRETE,Prescribed mix; cement to BS EN 197-1; Grade C30,40 mm aggregate,m3,0,0,222.72,0,222.72,1,222.72,0.0
1169,CLASS F: IN SITU CONCRETE,03 STANDARDISED PRESCRIBED CONCRETE,Prescribed mix; cement to BS EN 197-1; Grade C40,10 mm aggregate,m3,0,0,219.2,0,219.2,1,219.2,0.0
1170,CLASS F: IN SITU CONCRETE,03 STANDARDISED PRESCRIBED CONCRETE,Prescribed mix; cement to BS EN 197-1; Grade C40,20 mm aggregate,m3,0,0,216.77,0,216.77,1,216.77,0.0
1172,CLASS F: IN SITU CONCRETE,03 STANDARDISED PRESCRIBED CONCRETE,Prescribed mix; cement to BS EN 197-1; Grade C50,10 mm aggregate,m3,0,0,224.47,0,224.47,1,224.47,0.0
1174,CLASS F: IN SITU CONCRETE,03 STANDARDISED PRESCRIBED CONCRETE,Prescribed mix; cement to BS EN 197-1; Grade C50 (continued),20 mm aggregate,m3,0,0,221.09,0,221.09,1,221.09,0.0
1176,CLASS F: IN SITU CONCRETE,03 STANDARDISED PRESCRIBED CONCRETE,Prescribed mix; cement to BS EN 197-1; Grade C60,10 mm aggregate,m3,0,0,228.98,0,228.98,1,228.98,0.0
1177,CLASS F: IN SITU CONCRETE,03 STANDARDISED PRESCRIBED CONCRETE,Prescribed mix; cement to BS EN 197-1; Grade C60,20 mm aggregate,m3,0,0,225.53,0,225.53,1,225.53,0.0
1179,CLASS F: IN SITU CONCRETE,03 STANDARDISED PRESCRIBED CONCRETE,Prescribed mix; sulphate-resisting cement to BS 4027; Grade C7.5,10 mm aggregate,m3,0,0,189.64,0,189.64,1,189.64,0.0
1180,CLASS F: IN SITU CONCRETE,03 STANDARDISED PRESCRIBED CONCRETE,Prescribed mix; sulphate-resisting cement to BS 4027; Grade C7.5,20 mm aggregate,m3,0,0,187.14,0,187.14,1,187.14,0.0
1181,CLASS F: IN SITU CONCRETE,03 STANDARDISED PRESCRIBED CONCRETE,Prescribed mix; sulphate-resisting cement to BS 4027; Grade C7.5,40 mm aggregate,m3,0,0,184.67,0,184.67,1,184.67,0.0
1183,CLASS F: IN SITU CONCRETE,03 STANDARDISED PRESCRIBED CONCRETE,Prescribed mix; sulphate-resisting cement to BS 4027; Grade C10,10 mm aggregate,m3,0,0,193.01,0,193.01,1,193.01,0.0
1184,CLASS F: IN SITU CONCRETE,03 STANDARDISED PRESCRIBED CONCRETE,Prescribed mix; sulphate-resisting cement to BS 4027; Grade C10,20 mm aggregate,m3,0,0,190.41,0,190.41,1,190.41,0.0
1185,CLASS F: IN SITU CONCRETE,03 STANDARDISED PRESCRIBED CONCRETE,Prescribed mix; sulphate-resisting cement to BS 4027; Grade C10,40 mm aggregate,m3,0,0,187.97,0,187.97,1,187.97,0.0
1187,CLASS F: IN SITU CONCRETE,03 STANDARDISED PRESCRIBED CONCRETE,Prescribed mix; sulphate-resisting cement to BS 4027; Grade C15,10 mm aggregate,m3,0,0,194.32,0,194.32,1,194.32,0.0
1188,CLASS F: IN SITU CONCRETE,03 STANDARDISED PRESCRIBED CONCRETE,Prescribed mix; sulphate-resisting cement to BS 4027; Grade C15,20 mm aggregate,m3,0,0,197.35,0,197.35,1,197.35,0.0
1189,CLASS F: IN SITU CONCRETE,03 STANDARDISED PRESCRIBED CONCRETE,Prescribed mix; sulphate-resisting cement to BS 4027; Grade C15,40 mm aggregate,m3,0,0,189.23,0,189.23,1,189.23,0.0
1191,CLASS F: IN SITU CONCRETE,03 STANDARDISED PRESCRIBED CONCRETE,Prescribed mix; sulphate-resisting cement to BS 4027; Grade C20,10 mm aggregate,m3,0,0,202.41,0,202.41,1,202.41,0.0
1192,CLASS F: IN SITU CONCRETE,03 STANDARDISED PRESCRIBED CONCRETE,Prescribed mix; sulphate-resisting cement to BS 4027; Grade C20,20 mm aggregate,m3,0,0,199.72,0,199.72,1,199.72,0.0
1193,CLASS F: IN SITU CONCRETE,03 STANDARDISED PRESCRIBED CONCRETE,Prescribed mix; sulphate-resisting cement to BS 4027; Grade C20,40 mm aggregate,m3,0,0,197.11,0,197.11,1,197.11,0.0
1195,CLASS F: IN SITU CONCRETE,03 STANDARDISED PRESCRIBED CONCRETE,Prescribed mix; sulphate-resisting cement to BS 4027; Grade C25,10 mm aggregate,m3,0,0,205.97,0,205.97,1,205.97,0.0
1196,CLASS F: IN SITU CONCRETE,03 STANDARDISED PRESCRIBED CONCRETE,Prescribed mix; sulphate-resisting cement to BS 4027; Grade C25,20 mm aggregate,m3,0,0,205.97,0,205.97,1,205.97,0.0
1197,CLASS F: IN SITU CONCRETE,03 STANDARDISED PRESCRIBED CONCRETE,Prescribed mix; sulphate-resisting cement to BS 4027; Grade C25,40 mm aggregate,m3,0,0,205.97,0,205.97,1,205.97,0.0
1199,CLASS F: IN SITU CONCRETE,03 STANDARDISED PRESCRIBED CONCRETE,Prescribed mix; sulphate-resisting cement to BS 4027; Grade C30,10 mm aggregate,m3,0,0,233.01,0,233.01,1,233.01,0.0
1200,CLASS F: IN SITU CONCRETE,03 STANDARDISED PRESCRIBED CONCRETE,Prescribed mix; sulphate-resisting cement to BS 4027; Grade C30,20 mm aggregate,m3,0,0,229.94,0,229.94,1,229.94,0.0
1201,CLASS F: IN SITU CONCRETE,03 STANDARDISED PRESCRIBED CONCRETE,Prescribed mix; sulphate-resisting cement to BS 4027; Grade C30,40 mm aggregate,m3,0,0,247.91,0,247.91,1,247.91,0.0
1204,CLASS F: IN SITU CONCRETE,06 PLACING OF CONCRETE; MASS,Blinding; thickness,ne 150 mm,m3,51.28,1.71,0,0,52.99,8,52.99,0.0
1205,CLASS F: IN SITU CONCRETE,06 PLACING OF CONCRETE; MASS,Blinding; thickness,150-300 mm,m3,45.58,4.92,0,0,50.5,8,50.51,-0.01
1206,CLASS F: IN SITU CONCRETE,06 PLACING OF CONCRETE; MASS,Blinding; thickness,300-500 mm,m3,39.89,8.1,0,0,47.99,8,48.0,-0.01
1207,CLASS F: IN SITU CONCRETE,06 PLACING OF CONCRETE; MASS,Blinding; thickness,exceeding 500 mm,m3,34.18,11.32,0,0,45.5,8,45.5,0.0
1209,CLASS F: IN SITU CONCRETE,06 PLACING OF CONCRETE; MASS,"Bases, footings, pile caps and ground slabs; thickness",ne 150 mm,m3,56.98,31.98,0,0,88.96,8,88.96,0.0
1210,CLASS F: IN SITU CONCRETE,06 PLACING OF CONCRETE; MASS,"Bases, footings, pile caps and ground slabs; thickness",150-300 mm,m3,48.43,27.3,0,0,75.73,8,75.72,0.01
1211,CLASS F: IN SITU CONCRETE,06 PLACING OF CONCRETE; MASS,"Bases, footings, pile caps and ground slabs; thickness",300-500 mm,m3,42.74,23.87,0,0,66.61,8,66.6,0.01
1212,CLASS F: IN SITU CONCRETE,06 PLACING OF CONCRETE; MASS,"Bases, footings, pile caps and ground slabs; thickness",exceeding 500 mm,m3,39.89,22.39,0,0,62.28,8,62.29,-0.01
1213,CLASS F: IN SITU CONCRETE,06 PLACING OF CONCRETE; MASS,"Bases, footings, pile caps and ground slabs; thickness",ADD to the above for placing against an excavated surface,m3,7.12,3.94,0,0,11.06,8,11.06,0.0
1215,CLASS F: IN SITU CONCRETE,06 PLACING OF CONCRETE; MASS,Walls; thickness,ne 150 mm,m3,59.84,33.69,0,0,93.53,8,93.52,0.01
1216,CLASS F: IN SITU CONCRETE,06 PLACING OF CONCRETE; MASS,Walls; thickness,150-300 mm,m3,42.74,23.88,0,0,66.62,8,66.61,0.01
1217,CLASS F: IN SITU CONCRETE,06 PLACING OF CONCRETE; MASS,Walls; thickness,300-500 mm,m3,37.04,20.9,0,0,57.94,8,57.94,0.0
1218,CLASS F: IN SITU CONCRETE,06 PLACING OF CONCRETE; MASS,Walls; thickness,exceeding 500 mm,m3,34.18,19.18,0,0,53.36,8,53.37,-0.01
1219,CLASS F: IN SITU CONCRETE,06 PLACING OF CONCRETE; MASS,Walls; thickness,ADD to the above for placing against an excavated surface,m3,8.55,4.92,0,0,13.47,8,13.47,0.0
1221,CLASS F: IN SITU CONCRETE,06 PLACING OF CONCRETE; MASS,Other concrete forms,plinth 1000 x 1000 x 600 mm,m3,94.02,52.87,0,0,146.89,8,146.88,0.01
1222,CLASS F: IN SITU CONCRETE,06 PLACING OF CONCRETE; MASS,Other concrete forms,plinth 1500 x 1500 x 750 mm,m3,71.22,40.09,0,0,111.31,8,111.32,-0.01
1223,CLASS F: IN SITU CONCRETE,06 PLACING OF CONCRETE; MASS,Other concrete forms,plinth 2000 x 2000 x 600 mm,m3,56.98,31.98,0,0,88.96,8,88.96,0.0
1224,CLASS F: IN SITU CONCRETE,06 PLACING OF CONCRETE; MASS,Other concrete forms,surround to precast concrete manhole chambers 200 mm thick,m3,82.62,46.25,0,0,128.87,8,128.88,-0.01
1227,CLASS F: IN SITU CONCRETE,07 PLACING OF CONCRETE; REINFORCED,"Bases, footings, pile caps and ground slabs; thickness",ne 150 mm,m3,59.84,33.69,0,0,93.53,8,93.52,0.01
1228,CLASS F: IN SITU CONCRETE,07 PLACING OF CONCRETE; REINFORCED,"Bases, footings, pile caps and ground slabs; thickness",150-300 mm,m3,51.28,28.77,0,0,80.05,8,80.05,0.0
1229,CLASS F: IN SITU CONCRETE,07 PLACING OF CONCRETE; REINFORCED,"Bases, footings, pile caps and ground slabs; thickness",300-500 mm,m3,45.58,25.6,0,0,71.18,8,71.17,0.01
1230,CLASS F: IN SITU CONCRETE,07 PLACING OF CONCRETE; REINFORCED,"Bases, footings, pile caps and ground slabs; thickness",exceeding 500 mm,m3,42.74,23.87,0,0,66.61,8,66.6,0.01
1232,CLASS F: IN SITU CONCRETE,07 PLACING OF CONCRETE; REINFORCED,Suspended slabs; thickness,ne 150 mm,m3,76.92,43.29,0,0,120.21,8,120.21,0.0
1233,CLASS F: IN SITU CONCRETE,07 PLACING OF CONCRETE; REINFORCED,Suspended slabs; thickness,150-300 mm,m3,59.84,33.69,0,0,93.53,8,93.52,0.01
1234,CLASS F: IN SITU CONCRETE,07 PLACING OF CONCRETE; REINFORCED,Suspended slabs; thickness,300-500 mm,m3,54.14,30.5,0,0,84.64,8,84.64,0.0
1235,CLASS F: IN SITU CONCRETE,07 PLACING OF CONCRETE; REINFORCED,Suspended slabs; thickness,exceeding 500 mm,m3,54.14,30.5,0,0,84.64,8,84.64,0.0
1237,CLASS F: IN SITU CONCRETE,07 PLACING OF CONCRETE; REINFORCED,Walls; thickness,ne 150 mm,m3,82.62,46.25,0,0,128.87,8,128.88,-0.01
1238,CLASS F: IN SITU CONCRETE,07 PLACING OF CONCRETE; REINFORCED,Walls; thickness,150-300 mm,m3,62.67,35.2,0,0,97.87,8,97.87,0.0
1239,CLASS F: IN SITU CONCRETE,07 PLACING OF CONCRETE; REINFORCED,Walls; thickness,300-500 mm,m3,56.98,31.98,0,0,88.96,8,88.96,0.0
1240,CLASS F: IN SITU CONCRETE,07 PLACING OF CONCRETE; REINFORCED,Walls; thickness,exceeding 500 mm,m3,56.98,31.98,0,0,88.96,8,88.96,0.0
1242,CLASS F: IN SITU CONCRETE,07 PLACING OF CONCRETE; REINFORCED,Columns and piers; cross-sectional area,ne 0.03 m2,m3,142.44,79.94,0,0,222.38,8,222.39,-0.01
1243,CLASS F: IN SITU CONCRETE,07 PLACING OF CONCRETE; REINFORCED,Columns and piers; cross-sectional area,0.03-0.10 m2,m3,113.95,63.98,0,0,177.93,8,177.93,0.0
1244,CLASS F: IN SITU CONCRETE,07 PLACING OF CONCRETE; REINFORCED,Columns and piers; cross-sectional area,0.10-0.25 m2,m3,99.7,55.85,0,0,155.55,8,155.56,-0.01
1245,CLASS F: IN SITU CONCRETE,07 PLACING OF CONCRETE; REINFORCED,Columns and piers; cross-sectional area,0.25-1.00 m2,m3,99.7,55.85,0,0,155.55,8,155.56,-0.01
1246,CLASS F: IN SITU CONCRETE,07 PLACING OF CONCRETE; REINFORCED,Columns and piers; cross-sectional area,exceeding 1 m2,m3,79.77,44.76,0,0,124.53,8,124.54,-0.01
1248,CLASS F: IN SITU CONCRETE,07 PLACING OF CONCRETE; REINFORCED,Beams; cross-sectional area,ne 0.03 m2,m3,142.44,79.94,0,0,222.38,8,222.39,-0.01
1249,CLASS F: IN SITU CONCRETE,07 PLACING OF CONCRETE; REINFORCED,Beams; cross-sectional area,0.03-0.10 m2,m3,113.95,63.98,0,0,177.93,8,177.93,0.0
1250,CLASS F: IN SITU CONCRETE,07 PLACING OF CONCRETE; REINFORCED,Beams; cross-sectional area,0.10-0.25 m2,m3,99.7,55.85,0,0,155.55,8,155.56,-0.01
1251,CLASS F: IN SITU CONCRETE,07 PLACING OF CONCRETE; REINFORCED,Beams; cross-sectional area,0.25-1.00 m2,m3,99.7,55.85,0,0,155.55,8,155.56,-0.01
1252,CLASS F: IN SITU CONCRETE,07 PLACING OF CONCRETE; REINFORCED,Beams; cross-sectional area,exceeding 1 m2,m3,79.77,44.76,0,0,124.53,8,124.54,-0.01
1254,CLASS F: IN SITU CONCRETE,07 PLACING OF CONCRETE; REINFORCED,Casings to metal sections; cross-sectional area,ne 0.03 m2,m3,133.9,75.28,0,0,209.18,8,209.18,0.0
1255,CLASS F: IN SITU CONCRETE,07 PLACING OF CONCRETE; REINFORCED,Casings to metal sections; cross-sectional area,0.03-0.10 m2,m3,133.9,75.28,0,0,209.18,8,209.18,0.0
1257,CLASS F: IN SITU CONCRETE,07 PLACING OF CONCRETE; REINFORCED,Casings to metal sections; cross-sectional area (continued),0.10-0.25 m2,m3,113.95,63.96,0,0,177.91,8,177.91,0.0
1258,CLASS F: IN SITU CONCRETE,07 PLACING OF CONCRETE; REINFORCED,Casings to metal sections; cross-sectional area (continued),0.25-1.00 m2,m3,113.95,63.96,0,0,177.91,8,177.91,0.0
1259,CLASS F: IN SITU CONCRETE,07 PLACING OF CONCRETE; REINFORCED,Casings to metal sections; cross-sectional area (continued),exceeding 1 m2,m3,99.7,55.85,0,0,155.55,8,155.56,-0.01
1262,CLASS F: IN SITU CONCRETE,08 PLACING OF CONCRETE; PRESTRESSED,Suspended slabs; thickness,ne 150 mm,m3,79.77,44.76,0,0,124.53,8,124.54,-0.01
1263,CLASS F: IN SITU CONCRETE,08 PLACING OF CONCRETE; PRESTRESSED,Suspended slabs; thickness,150-300 mm,m3,62.67,35.19,0,0,97.86,8,97.86,0.0
1264,CLASS F: IN SITU CONCRETE,08 PLACING OF CONCRETE; PRESTRESSED,Suspended slabs; thickness,300-500 mm,m3,56.98,31.98,0,0,88.96,8,88.96,0.0
1265,CLASS F: IN SITU CONCRETE,08 PLACING OF CONCRETE; PRESTRESSED,Suspended slabs; thickness,exceeding 500 mm,m3,54.14,30.5,0,0,84.64,8,84.64,0.0
1267,CLASS F: IN SITU CONCRETE,08 PLACING OF CONCRETE; PRESTRESSED,Beams; cross-sectional area,ne 0.03 m2,m3,142.44,79.94,0,0,222.38,8,222.39,-0.01
1268,CLASS F: IN SITU CONCRETE,08 PLACING OF CONCRETE; PRESTRESSED,Beams; cross-sectional area,0.03-0.10 m2,m3,113.95,63.98,0,0,177.93,8,177.93,0.0
1269,CLASS F: IN SITU CONCRETE,08 PLACING OF CONCRETE; PRESTRESSED,Beams; cross-sectional area,0.10-0.25 m2,m3,99.7,55.85,0,0,155.55,8,155.56,-0.01
1270,CLASS F: IN SITU CONCRETE,08 PLACING OF CONCRETE; PRESTRESSED,Beams; cross-sectional area,0.25-1.00 m2,m3,99.7,55.85,0,0,155.55,8,155.56,-0.01
1271,CLASS F: IN SITU CONCRETE,08 PLACING OF CONCRETE; PRESTRESSED,Beams; cross-sectional area,exceeding 1 m2,m3,79.77,44.76,0,0,124.53,8,124.54,-0.01
1371,CLASS G: CONCRETE ANCILLARIES,01 FORMWORK; ROUGH FINISH,"Plane horizontal, width",ne 0.1 m,m,8.84,4.19,8.36,0,21.39,6,21.38,0.01
1372,CLASS G: CONCRETE ANCILLARIES,01 FORMWORK; ROUGH FINISH,"Plane horizontal, width",0.1-0.20 m,m,15.9,7.53,9.72,0,33.15,6,33.16,-0.01
1373,CLASS G: CONCRETE ANCILLARIES,01 FORMWORK; ROUGH FINISH,"Plane horizontal, width",0.2-0.40 m,m2,70.56,9.83,25.88,0,106.27,6,106.26,0.01
1374,CLASS G: CONCRETE ANCILLARIES,01 FORMWORK; ROUGH FINISH,"Plane horizontal, width",0.4-1.22 m,m2,70.56,9.83,25.88,0,106.27,6,106.26,0.01
1375,CLASS G: CONCRETE ANCILLARIES,01 FORMWORK; ROUGH FINISH,"Plane horizontal, width",exceeding 1.22 m,m2,67.03,9.33,25.88,0,102.24,6,102.24,0.0
1377,CLASS G: CONCRETE ANCILLARIES,01 FORMWORK; ROUGH FINISH,"Plane sloping, width",ne 0.1 m,m,9.71,4.61,8.36,0,22.68,6,22.68,0.0
1378,CLASS G: CONCRETE ANCILLARIES,01 FORMWORK; ROUGH FINISH,"Plane sloping, width",0.1-0.20 m,m,17.66,8.36,9.72,0,35.74,6,35.74,0.0
1379,CLASS G: CONCRETE ANCILLARIES,01 FORMWORK; ROUGH FINISH,"Plane sloping, width",0.2-0.40 m,m2,75.85,10.52,33.41,0,119.78,6,119.77,0.01
1380,CLASS G: CONCRETE ANCILLARIES,01 FORMWORK; ROUGH FINISH,"Plane sloping, width",0.4-1.22 m,m2,75.85,10.52,33.41,0,119.78,6,119.77,0.01
1381,CLASS G: CONCRETE ANCILLARIES,01 FORMWORK; ROUGH FINISH,"Plane sloping, width",exceeding 1.22 m,m2,67.03,9.33,33.41,0,109.77,6,109.77,0.0
1383,CLASS G: CONCRETE ANCILLARIES,01 FORMWORK; ROUGH FINISH,"Plane battered, width",ne 0.1 m,m,10.6,5.01,10.24,0,25.85,6,25.87,-0.02
1384,CLASS G: CONCRETE ANCILLARIES,01 FORMWORK; ROUGH FINISH,"Plane battered, width",0.1-0.20 m,m,17.66,8.36,11.6,0,37.62,6,37.63,-0.01
1385,CLASS G: CONCRETE ANCILLARIES,01 FORMWORK; ROUGH FINISH,"Plane battered, width",0.2-0.40 m,m2,75.85,10.75,37.18,0,123.78,6,123.77,0.01
1386,CLASS G: CONCRETE ANCILLARIES,01 FORMWORK; ROUGH FINISH,"Plane battered, width",0.4-1.22 m,m2,75.85,10.75,37.18,0,123.78,6,123.77,0.01
1387,CLASS G: CONCRETE ANCILLARIES,01 FORMWORK; ROUGH FINISH,"Plane battered, width",exceeding 1.22 m,m2,70.56,9.83,37.18,0,117.57,6,117.56,0.01
1389,CLASS G: CONCRETE ANCILLARIES,01 FORMWORK; ROUGH FINISH,"Plane vertical, width",ne 0.1 m,m,10.6,5.01,10.24,0,25.85,6,25.87,-0.02
1390,CLASS G: CONCRETE ANCILLARIES,01 FORMWORK; ROUGH FINISH,"Plane vertical, width",0.1-0.20 m,m,16.79,7.95,11.6,0,36.34,6,36.34,0.0
1391,CLASS G: CONCRETE ANCILLARIES,01 FORMWORK; ROUGH FINISH,"Plane vertical, width",0.2-0.40 m,m2,123.49,17.19,33.41,0,174.09,6,174.09,0.0
1392,CLASS G: CONCRETE ANCILLARIES,01 FORMWORK; ROUGH FINISH,"Plane vertical, width",0.4-1.22 m,m2,89.96,12.36,33.41,0,135.73,6,135.74,-0.01
1393,CLASS G: CONCRETE ANCILLARIES,01 FORMWORK; ROUGH FINISH,"Plane vertical, width",exceeding 1.22 m,m2,82.91,11.73,33.41,0,128.05,6,128.05,0.0
1395,CLASS G: CONCRETE ANCILLARIES,01 FORMWORK; ROUGH FINISH,"Curved to one radius in one plane, 0.5 m radius, width",ne 0.1 m,m,16.79,7.95,14.01,0,38.75,6,38.75,0.0
1396,CLASS G: CONCRETE ANCILLARIES,01 FORMWORK; ROUGH FINISH,"Curved to one radius in one plane, 0.5 m radius, width",0.1-0.20 m,m,22.09,10.47,15.37,0,47.93,6,47.92,0.01
1397,CLASS G: CONCRETE ANCILLARIES,01 FORMWORK; ROUGH FINISH,"Curved to one radius in one plane, 0.5 m radius, width",0.2-0.40 m,m2,158.77,22.11,37.18,0,218.06,6,218.06,0.0
1398,CLASS G: CONCRETE ANCILLARIES,01 FORMWORK; ROUGH FINISH,"Curved to one radius in one plane, 0.5 m radius, width",0.4-1.22 m,m2,127.01,17.69,37.18,0,181.88,6,181.86,0.02
1399,CLASS G: CONCRETE ANCILLARIES,01 FORMWORK; ROUGH FINISH,"Curved to one radius in one plane, 0.5 m radius, width",exceeding 1.22 m,m2,114.66,15.8,37.18,0,167.64,6,167.63,0.01
1401,CLASS G: CONCRETE ANCILLARIES,01 FORMWORK; ROUGH FINISH,"Curved to one radius in one plane, 2 m radius, width",ne 0.1 m,m,15.9,7.53,14.01,0,37.44,6,37.45,-0.01
1402,CLASS G: CONCRETE ANCILLARIES,01 FORMWORK; ROUGH FINISH,"Curved to one radius in one plane, 2 m radius, width",0.1-0.20 m,m,22.09,9.21,15.37,0,46.67,6,46.66,0.01
1403,CLASS G: CONCRETE ANCILLARIES,01 FORMWORK; ROUGH FINISH,"Curved to one radius in one plane, 2 m radius, width",0.2-0.40 m,m2,158.77,20.63,37.18,0,216.58,6,216.58,0.0
1404,CLASS G: CONCRETE ANCILLARIES,01 FORMWORK; ROUGH FINISH,"Curved to one radius in one plane, 2 m radius, width",0.4-1.22 m,m2,123.49,16.21,37.18,0,176.88,6,176.88,0.0
1405,CLASS G: CONCRETE ANCILLARIES,01 FORMWORK; ROUGH FINISH,"Curved to one radius in one plane, 2 m radius, width",exceeding 1.22 m,m2,91.72,12.77,37.18,0,141.67,6,141.67,0.0
1407,CLASS G: CONCRETE ANCILLARIES,01 FORMWORK; ROUGH FINISH,For voids,small void; depth ne 0.5 m,nr,10.6,0,15.47,0,26.07,3,26.08,-0.01
1408,CLASS G: CONCRETE ANCILLARIES,01 FORMWORK; ROUGH FINISH,For voids,small void; depth 0.5-1.0 m,nr,22.09,0,30.44,0,52.53,3,52.53,0.0
1409,CLASS G: CONCRETE ANCILLARIES,01 FORMWORK; ROUGH FINISH,For voids,small void; depth ne 1.0-2.0 m,nr,26.5,0,56.72,0,83.22,3,83.21,0.01
1410,CLASS G: CONCRETE ANCILLARIES,01 FORMWORK; ROUGH FINISH,For voids,large void; depth ne 0.5 m,nr,26.49,0,45.67,0,72.16,4,72.16,0.0
1412,CLASS G: CONCRETE ANCILLARIES,01 FORMWORK; ROUGH FINISH,For voids (continued),large void; depth 0.5-1.0 m,nr,44.18,0,86.48,0,130.66,4,130.65,0.01
1413,CLASS G: CONCRETE ANCILLARIES,01 FORMWORK; ROUGH FINISH,For voids (continued),large void; depth 1.0-2.0 m,nr,79.51,0,166.25,0,245.76,4,245.76,0.0
1415,CLASS G: CONCRETE ANCILLARIES,01 FORMWORK; ROUGH FINISH,For concrete components of constant cross-section,beams; 200 x 200 mm,m,61.84,20.08,20.62,0,102.54,6,102.54,0.0
1416,CLASS G: CONCRETE ANCILLARIES,01 FORMWORK; ROUGH FINISH,For concrete components of constant cross-section,beams; 500 x 500 mm,m,75.08,23.02,40.68,0,138.78,6,138.78,0.0
1417,CLASS G: CONCRETE ANCILLARIES,01 FORMWORK; ROUGH FINISH,For concrete components of constant cross-section,beams; 500 x 800 mm,m,79.5,28.03,43.95,0,151.48,6,151.48,0.0
1418,CLASS G: CONCRETE ANCILLARIES,01 FORMWORK; ROUGH FINISH,For concrete components of constant cross-section,columns; 200 x 200 mm,m,61.84,23.02,23.25,0,108.11,6,108.1,0.01
1419,CLASS G: CONCRETE ANCILLARIES,01 FORMWORK; ROUGH FINISH,For concrete components of constant cross-section,columns; 300 x 300 mm,m,70.68,23.02,33.78,0,127.48,6,127.47,0.01
1420,CLASS G: CONCRETE ANCILLARIES,01 FORMWORK; ROUGH FINISH,For concrete components of constant cross-section,columns; 300 x 500 mm,m,70.68,25.93,39.44,0,136.05,6,136.05,0.0
1421,CLASS G: CONCRETE ANCILLARIES,01 FORMWORK; ROUGH FINISH,For concrete components of constant cross-section,to walls; 1.0 m high thickness 250 mm,m,211.69,27.03,46.58,0,285.3,6,285.29,0.01
1422,CLASS G: CONCRETE ANCILLARIES,01 FORMWORK; ROUGH FINISH,For concrete components of constant cross-section,to walls; 1.5 m high thickness 300 mm,m,282.25,36.84,67.28,0,386.37,6,386.37,0.0
1423,CLASS G: CONCRETE ANCILLARIES,01 FORMWORK; ROUGH FINISH,For concrete components of constant cross-section,box culvert; 2 x 2 m internally and wall thickness 300 mm,m,829.1,110.53,333.3,0,1272.93,6,1272.95,-0.02
1424,CLASS G: CONCRETE ANCILLARIES,01 FORMWORK; ROUGH FINISH,For concrete components of constant cross-section,projections (100 mm deep),m,8.84,4.19,10.68,0,23.71,6,23.7,0.01
1425,CLASS G: CONCRETE ANCILLARIES,01 FORMWORK; ROUGH FINISH,For concrete components of constant cross-section,intrusions (100 mm deep),m,8.84,4.19,10.68,0,23.71,6,23.7,0.01
1427,CLASS G: CONCRETE ANCILLARIES,01 FORMWORK; ROUGH FINISH,Allowance for additional craneage and rub up where required,ADD to items measures linear,m,7.06,1.67,0.05,0,8.78,6,8.78,0.0
1428,CLASS G: CONCRETE ANCILLARIES,01 FORMWORK; ROUGH FINISH,Allowance for additional craneage and rub up where required,ADD to items measures m2,m2,21.2,5.01,0.16,0,26.37,6,26.37,0.0
1431,CLASS G: CONCRETE ANCILLARIES,02 FORMWORK; FAIR FINISH,"Formwork; Plane horizontal, width",ne 0.1 m,m,8.84,4.19,11.2,0,24.23,6,24.22,0.01
1432,CLASS G: CONCRETE ANCILLARIES,02 FORMWORK; FAIR FINISH,"Formwork; Plane horizontal, width",0.1-0.20 m,m,15.9,7.53,13.4,0,36.83,6,36.84,-0.01
1433,CLASS G: CONCRETE ANCILLARIES,02 FORMWORK; FAIR FINISH,"Formwork; Plane horizontal, width",0.2-0.40 m,m2,70.56,9.83,42.15,0,122.54,6,122.53,0.01
1434,CLASS G: CONCRETE ANCILLARIES,02 FORMWORK; FAIR FINISH,"Formwork; Plane horizontal, width",0.4-1.22 m,m2,70.56,9.83,42.15,0,122.54,6,122.53,0.01
1435,CLASS G: CONCRETE ANCILLARIES,02 FORMWORK; FAIR FINISH,"Formwork; Plane horizontal, width",exceeding 1.22 m,m2,67.03,9.33,42.15,0,118.51,6,118.51,0.0
1437,CLASS G: CONCRETE ANCILLARIES,02 FORMWORK; FAIR FINISH,"Plane sloping, width",ne 0.1 m,m,9.71,4.61,11.2,0,25.52,6,25.52,0.0
1438,CLASS G: CONCRETE ANCILLARIES,02 FORMWORK; FAIR FINISH,"Plane sloping, width",0.1-0.20 m,m,17.66,4.91,13.4,0,35.97,6,35.98,-0.01
1439,CLASS G: CONCRETE ANCILLARIES,02 FORMWORK; FAIR FINISH,"Plane sloping, width",0.2-0.40 m,m2,75.85,28.54,57.84,0,162.23,6,162.23,0.0
1440,CLASS G: CONCRETE ANCILLARIES,02 FORMWORK; FAIR FINISH,"Plane sloping, width",0.4-1.22 m,m2,75.85,28.54,57.84,0,162.23,6,162.23,0.0
1441,CLASS G: CONCRETE ANCILLARIES,02 FORMWORK; FAIR FINISH,"Plane sloping, width",exceeding 1.22 m,m2,67.03,9.33,57.84,0,134.2,6,134.2,0.0
1443,CLASS G: CONCRETE ANCILLARIES,02 FORMWORK; FAIR FINISH,"Plane battered, width",ne 0.1 m,m,10.6,5.01,15.12,0,30.73,6,30.74,-0.01
1444,CLASS G: CONCRETE ANCILLARIES,02 FORMWORK; FAIR FINISH,"Plane battered, width",0.1-0.20 m,m,17.66,8.36,17.32,0,43.34,6,43.34,0.0
1445,CLASS G: CONCRETE ANCILLARIES,02 FORMWORK; FAIR FINISH,"Plane battered, width",0.2-0.40 m,m2,75.85,10.57,65.7,0,152.12,6,152.12,0.0
1446,CLASS G: CONCRETE ANCILLARIES,02 FORMWORK; FAIR FINISH,"Plane battered, width",0.4-1.22 m,m2,75.85,10.57,65.7,0,152.12,6,152.12,0.0
1447,CLASS G: CONCRETE ANCILLARIES,02 FORMWORK; FAIR FINISH,"Plane battered, width",exceeding 1.22 m,m2,70.56,9.83,65.7,0,146.09,6,146.08,0.01
1449,CLASS G: CONCRETE ANCILLARIES,02 FORMWORK; FAIR FINISH,"Plane vertical, width",ne 0.1 m,m,10.6,5.01,15.12,0,30.73,6,30.74,-0.01
1450,CLASS G: CONCRETE ANCILLARIES,02 FORMWORK; FAIR FINISH,"Plane vertical, width",0.1-0.20 m,m,17.66,8.36,17.32,0,43.34,6,43.34,0.0
1451,CLASS G: CONCRETE ANCILLARIES,02 FORMWORK; FAIR FINISH,"Plane vertical, width",0.2-0.40 m,m2,127.01,17.69,57.84,0,202.54,6,202.53,0.01
1452,CLASS G: CONCRETE ANCILLARIES,02 FORMWORK; FAIR FINISH,"Plane vertical, width",0.4-1.22 m,m2,93.5,13.02,57.84,0,164.36,6,164.36,0.0
1453,CLASS G: CONCRETE ANCILLARIES,02 FORMWORK; FAIR FINISH,"Plane vertical, width",exceeding 1.22 m,m2,84.68,11.79,57.84,0,154.31,6,154.31,0.0
1455,CLASS G: CONCRETE ANCILLARIES,02 FORMWORK; FAIR FINISH,"Curved to one radius in one plane, 0.5 m radius, width",ne 0.1 m,m,17.66,8.36,22.98,0,49.0,6,49.0,0.0
1456,CLASS G: CONCRETE ANCILLARIES,02 FORMWORK; FAIR FINISH,"Curved to one radius in one plane, 0.5 m radius, width",0.1-0.20 m,m,22.09,10.47,25.17,0,57.73,6,57.72,0.01
1457,CLASS G: CONCRETE ANCILLARIES,02 FORMWORK; FAIR FINISH,"Curved to one radius in one plane, 0.5 m radius, width",0.2-0.40 m,m2,158.77,22.11,65.7,0,246.58,6,246.58,0.0
1458,CLASS G: CONCRETE ANCILLARIES,02 FORMWORK; FAIR FINISH,"Curved to one radius in one plane, 0.5 m radius, width",0.4-1.22 m,m2,127.01,17.69,65.7,0,210.4,6,210.38,0.02
1459,CLASS G: CONCRETE ANCILLARIES,02 FORMWORK; FAIR FINISH,"Curved to one radius in one plane, 0.5 m radius, width",exceeding 1.22 m,m2,114.66,15.97,65.7,0,196.33,6,196.33,0.0
1461,CLASS G: CONCRETE ANCILLARIES,02 FORMWORK; FAIR FINISH,"Curved to one radius in one plane, 2.0 m radius, width",ne 0.1 m,m,15.9,7.53,22.98,0,46.41,6,46.42,-0.01
1462,CLASS G: CONCRETE ANCILLARIES,02 FORMWORK; FAIR FINISH,"Curved to one radius in one plane, 2.0 m radius, width",0.1-0.20 m,m,19.44,9.21,25.17,0,53.82,6,53.81,0.01
1463,CLASS G: CONCRETE ANCILLARIES,02 FORMWORK; FAIR FINISH,"Curved to one radius in one plane, 2.0 m radius, width",0.2-0.40 m,m2,148.19,20.63,65.7,0,234.52,6,234.51,0.01
1464,CLASS G: CONCRETE ANCILLARIES,02 FORMWORK; FAIR FINISH,"Curved to one radius in one plane, 2.0 m radius, width",0.4-1.22 m,m2,116.43,16.21,65.7,0,198.34,6,198.34,0.0
1465,CLASS G: CONCRETE ANCILLARIES,02 FORMWORK; FAIR FINISH,"Curved to one radius in one plane, 2.0 m radius, width",exceeding 1.22 m,m2,91.72,12.77,65.7,0,170.19,6,170.19,0.0
1467,CLASS G: CONCRETE ANCILLARIES,02 FORMWORK; FAIR FINISH,"For voids, using void former",small void; depth ne 0.5 m,nr,6.19,0,25.97,0,32.16,3,32.15,0.01
1468,CLASS G: CONCRETE ANCILLARIES,02 FORMWORK; FAIR FINISH,"For voids, using void former",small void; depth 0.5-1.0 m,nr,10.6,0,50.59,0,61.19,3,61.19,0.0
1469,CLASS G: CONCRETE ANCILLARIES,02 FORMWORK; FAIR FINISH,"For voids, using void former",small void; depth ne 1.0-2.0 m,nr,14.14,0,96.3,0,110.44,3,110.43,0.01
1470,CLASS G: CONCRETE ANCILLARIES,02 FORMWORK; FAIR FINISH,"For voids, using void former",large void; depth ne 0.5 m,nr,12.36,0,57.27,0,69.63,4,69.63,0.0
1471,CLASS G: CONCRETE ANCILLARIES,02 FORMWORK; FAIR FINISH,"For voids, using void former",large void; depth 0.5-1.0 m,nr,29.15,0,110.89,0,140.04,4,140.04,0.0
1472,CLASS G: CONCRETE ANCILLARIES,02 FORMWORK; FAIR FINISH,"For voids, using void former",large void; depth 1.0-2.0 m,nr,51.24,0,193.4,0,244.64,4,244.63,0.01
1474,CLASS G: CONCRETE ANCILLARIES,02 FORMWORK; FAIR FINISH,For concrete components of constant cross-section,beams; 200 x 200 mm,m,43.29,20.5,33.63,0,97.42,6,97.41,0.01
1475,CLASS G: CONCRETE ANCILLARIES,02 FORMWORK; FAIR FINISH,For concrete components of constant cross-section,beams; 500 x 500 mm,m,50.35,23.83,60.62,0,134.8,6,134.81,-0.01
1476,CLASS G: CONCRETE ANCILLARIES,02 FORMWORK; FAIR FINISH,For concrete components of constant cross-section,beams; 500 x 800 mm,m,60.95,28.86,74.85,0,164.66,6,164.65,0.01
1477,CLASS G: CONCRETE ANCILLARIES,02 FORMWORK; FAIR FINISH,For concrete components of constant cross-section,columns; 200 x 200 mm,m,50.35,23.83,37.89,0,112.07,6,112.08,-0.01
1478,CLASS G: CONCRETE ANCILLARIES,02 FORMWORK; FAIR FINISH,For concrete components of constant cross-section,columns; 300 x 300 mm,m,50.35,23.83,54.25,0,128.43,6,128.44,-0.01
1479,CLASS G: CONCRETE ANCILLARIES,02 FORMWORK; FAIR FINISH,For concrete components of constant cross-section,columns; 300 x 500 mm,m,56.54,26.77,66.68,0,149.99,6,149.98,0.01
1480,CLASS G: CONCRETE ANCILLARIES,02 FORMWORK; FAIR FINISH,For concrete components of constant cross-section,to walls; 1.0 m high thickness 250 mm,m,211.69,29.49,79.11,0,320.29,6,320.28,0.01
1481,CLASS G: CONCRETE ANCILLARIES,02 FORMWORK; FAIR FINISH,For concrete components of constant cross-section,to walls; 1.5 m high thickness 300 mm,m,282.25,39.3,116.07,0,437.62,6,437.63,-0.01
1482,CLASS G: CONCRETE ANCILLARIES,02 FORMWORK; FAIR FINISH,For concrete components of constant cross-section,box culvert; 2 x 2 m internally and wall thickness 300 mm,m,811.47,112.99,623.49,0,1547.95,6,1547.96,-0.01
1483,CLASS G: CONCRETE ANCILLARIES,02 FORMWORK; FAIR FINISH,For concrete components of constant cross-section,projections (100 mm deep),m,8.84,4.19,17.32,0,30.35,6,30.34,0.01
1484,CLASS G: CONCRETE ANCILLARIES,02 FORMWORK; FAIR FINISH,For concrete components of constant cross-section,intrusions (100 mm deep),m,8.84,4.19,17.32,0,30.35,6,30.34,0.01
1486,CLASS G: CONCRETE ANCILLARIES,02 FORMWORK; FAIR FINISH,Allowance for additional craneage and rub up where required,ADD to items measures linear,m,24.74,5.86,0.07,0,30.67,6,30.67,0.0
1487,CLASS G: CONCRETE ANCILLARIES,02 FORMWORK; FAIR FINISH,Allowance for additional craneage and rub up where required,ADD to items measures m2,m2,17.66,5.01,0.22,0,22.89,6,22.9,-0.01
1490,CLASS G: CONCRETE ANCILLARIES,03 FORMWORK; EXTRA SMOOTH FINISH,"Formwork; Plane horizontal, width",ne 0.1 m,m,8.84,4.19,11.73,0,24.76,6,24.75,0.01
1491,CLASS G: CONCRETE ANCILLARIES,03 FORMWORK; EXTRA SMOOTH FINISH,"Formwork; Plane horizontal, width",0.1-0.20 m,m,15.9,7.53,15.66,0,39.09,6,39.1,-0.01
1492,CLASS G: CONCRETE ANCILLARIES,03 FORMWORK; EXTRA SMOOTH FINISH,"Formwork; Plane horizontal, width",0.2-0.40 m,m2,70.56,9.83,53.63,0,134.02,6,134.01,0.01
1493,CLASS G: CONCRETE ANCILLARIES,03 FORMWORK; EXTRA SMOOTH FINISH,"Formwork; Plane horizontal, width",0.4-1.22 m,m2,70.56,9.83,53.63,0,134.02,6,134.01,0.01
1494,CLASS G: CONCRETE ANCILLARIES,03 FORMWORK; EXTRA SMOOTH FINISH,"Formwork; Plane horizontal, width",exceeding 1.22 m,m2,67.03,9.32,53.63,0,129.98,6,129.98,0.0
1496,CLASS G: CONCRETE ANCILLARIES,03 FORMWORK; EXTRA SMOOTH FINISH,"Plane sloping, width",ne 0.1 m,m,9.71,4.61,12.43,0,26.75,6,26.75,0.0
1497,CLASS G: CONCRETE ANCILLARIES,03 FORMWORK; EXTRA SMOOTH FINISH,"Plane sloping, width",0.1-0.20 m,m,17.66,8.36,15.66,0,41.68,6,41.68,0.0
1499,CLASS G: CONCRETE ANCILLARIES,03 FORMWORK; EXTRA SMOOTH FINISH,"Plane sloping, width (continued)",0.2-0.40 m,m2,75.85,10.61,69.33,0,155.79,6,155.79,0.0
1500,CLASS G: CONCRETE ANCILLARIES,03 FORMWORK; EXTRA SMOOTH FINISH,"Plane sloping, width (continued)",0.4-1.22 m,m2,75.85,10.61,69.33,0,155.79,6,155.79,0.0
1501,CLASS G: CONCRETE ANCILLARIES,03 FORMWORK; EXTRA SMOOTH FINISH,"Plane sloping, width (continued)",exceeding 1.22 m,m2,67.03,9.33,69.33,0,145.69,6,145.7,-0.01
1503,CLASS G: CONCRETE ANCILLARIES,03 FORMWORK; EXTRA SMOOTH FINISH,"Plane battered, width",ne 0.1 m,m,10.6,5.01,16.35,0,31.96,6,31.97,-0.01
1504,CLASS G: CONCRETE ANCILLARIES,03 FORMWORK; EXTRA SMOOTH FINISH,"Plane battered, width",0.1-0.20 m,m,17.66,8.36,19.58,0,45.6,6,45.6,0.0
1505,CLASS G: CONCRETE ANCILLARIES,03 FORMWORK; EXTRA SMOOTH FINISH,"Plane battered, width",0.2-0.40 m,m2,75.85,10.61,77.18,0,163.64,6,163.64,0.0
1506,CLASS G: CONCRETE ANCILLARIES,03 FORMWORK; EXTRA SMOOTH FINISH,"Plane battered, width",0.4-1.22 m,m2,75.85,10.61,77.18,0,163.64,6,163.64,0.0
1507,CLASS G: CONCRETE ANCILLARIES,03 FORMWORK; EXTRA SMOOTH FINISH,"Plane battered, width",exceeding 1.22 m,m2,70.56,9.83,77.18,0,157.57,6,157.57,0.0
1509,CLASS G: CONCRETE ANCILLARIES,03 FORMWORK; EXTRA SMOOTH FINISH,"Plane vertical, width",ne 0.1 m,m,21.16,5.01,16.35,0,42.52,6,42.53,-0.01
1510,CLASS G: CONCRETE ANCILLARIES,03 FORMWORK; EXTRA SMOOTH FINISH,"Plane vertical, width",0.1-0.20 m,m,35.28,8.36,19.58,0,63.22,6,63.22,0.0
1511,CLASS G: CONCRETE ANCILLARIES,03 FORMWORK; EXTRA SMOOTH FINISH,"Plane vertical, width",0.2-0.40 m,m2,130.53,18.17,69.33,0,218.03,6,218.04,-0.01
1512,CLASS G: CONCRETE ANCILLARIES,03 FORMWORK; EXTRA SMOOTH FINISH,"Plane vertical, width",0.4-1.22 m,m2,93.5,13.06,69.33,0,175.89,6,175.89,0.0
1513,CLASS G: CONCRETE ANCILLARIES,03 FORMWORK; EXTRA SMOOTH FINISH,"Plane vertical, width",exceeding 1.22 m,m2,84.68,11.79,69.33,0,165.8,6,165.8,0.0
1515,CLASS G: CONCRETE ANCILLARIES,03 FORMWORK; EXTRA SMOOTH FINISH,"Curved to one radius in one plane, 0.5 m radius, width",ne 0.1 m,m,17.66,8.36,24.21,0,50.23,6,50.23,0.0
1516,CLASS G: CONCRETE ANCILLARIES,03 FORMWORK; EXTRA SMOOTH FINISH,"Curved to one radius in one plane, 0.5 m radius, width",0.1-0.20 m,m,22.09,10.43,19.58,0,52.1,6,52.09,0.01
1517,CLASS G: CONCRETE ANCILLARIES,03 FORMWORK; EXTRA SMOOTH FINISH,"Curved to one radius in one plane, 0.5 m radius, width",0.2-0.40 m,m2,158.77,22.11,77.18,0,258.06,6,258.07,-0.01
1518,CLASS G: CONCRETE ANCILLARIES,03 FORMWORK; EXTRA SMOOTH FINISH,"Curved to one radius in one plane, 0.5 m radius, width",0.4-1.22 m,m2,127.01,17.69,77.18,0,221.88,6,221.87,0.01
1519,CLASS G: CONCRETE ANCILLARIES,03 FORMWORK; EXTRA SMOOTH FINISH,"Curved to one radius in one plane, 0.5 m radius, width",exceeding 1.22 m,m2,114.66,16.01,77.18,0,207.85,6,207.85,0.0
1521,CLASS G: CONCRETE ANCILLARIES,03 FORMWORK; EXTRA SMOOTH FINISH,"Curved to one radius in one plane, 1.0 m radius, width",ne 0.1 m,m,15.9,7.53,24.21,0,47.64,6,47.64,0.0
1522,CLASS G: CONCRETE ANCILLARIES,03 FORMWORK; EXTRA SMOOTH FINISH,"Curved to one radius in one plane, 1.0 m radius, width",0.1-0.20 m,m,19.44,9.21,19.58,0,48.23,6,48.22,0.01
1523,CLASS G: CONCRETE ANCILLARIES,03 FORMWORK; EXTRA SMOOTH FINISH,"Curved to one radius in one plane, 1.0 m radius, width",0.2-0.40 m,m2,148.19,34.44,77.18,0,259.81,6,259.8,0.01
1524,CLASS G: CONCRETE ANCILLARIES,03 FORMWORK; EXTRA SMOOTH FINISH,"Curved to one radius in one plane, 1.0 m radius, width",0.4-1.22 m,m2,116.43,16.21,77.18,0,209.82,6,209.82,0.0
1525,CLASS G: CONCRETE ANCILLARIES,03 FORMWORK; EXTRA SMOOTH FINISH,"Curved to one radius in one plane, 1.0 m radius, width",exceeding 1.22 m,m2,91.72,12.77,77.18,0,181.67,6,181.68,-0.01
1527,CLASS G: CONCRETE ANCILLARIES,03 FORMWORK; EXTRA SMOOTH FINISH,"For voids, using void former",small void; depth ne 0.5 m,nr,6.19,0,23.31,0,29.5,3,29.49,0.01
1528,CLASS G: CONCRETE ANCILLARIES,03 FORMWORK; EXTRA SMOOTH FINISH,"For voids, using void former",small void; depth 0.5-1.0 m,nr,10.6,0,45.48,0,56.08,3,56.08,0.0
1529,CLASS G: CONCRETE ANCILLARIES,03 FORMWORK; EXTRA SMOOTH FINISH,"For voids, using void former",small void; depth ne 1.0-2.0 m,nr,14.14,0,71.32,0,85.46,3,85.46,0.0
1530,CLASS G: CONCRETE ANCILLARIES,03 FORMWORK; EXTRA SMOOTH FINISH,"For voids, using void former",large void; depth ne 0.5 m,nr,12.36,0,57.01,0,69.37,4,69.37,0.0
1531,CLASS G: CONCRETE ANCILLARIES,03 FORMWORK; EXTRA SMOOTH FINISH,"For voids, using void former",large void; depth 0.5-1.0 m,nr,29.15,0,99.17,0,128.32,4,128.31,0.01
1532,CLASS G: CONCRETE ANCILLARIES,03 FORMWORK; EXTRA SMOOTH FINISH,"For voids, using void former",large void; depth 1.0-2.0 m,nr,51.24,0,158.83,0,210.07,4,210.06,0.01
1534,CLASS G: CONCRETE ANCILLARIES,03 FORMWORK; EXTRA SMOOTH FINISH,For concrete components of constant cross-section,beams; 200 x 200 mm,m,44.18,20.91,40.53,0,105.62,6,105.62,0.0
1535,CLASS G: CONCRETE ANCILLARIES,03 FORMWORK; EXTRA SMOOTH FINISH,For concrete components of constant cross-section,beams; 500 x 500 mm,m,50.35,13.97,77.86,0,142.18,6,142.18,0.0
1536,CLASS G: CONCRETE ANCILLARIES,03 FORMWORK; EXTRA SMOOTH FINISH,For concrete components of constant cross-section,beams; 500 x 800 mm,m,60.95,16.99,95.54,0,173.48,6,173.47,0.01
1537,CLASS G: CONCRETE ANCILLARIES,03 FORMWORK; EXTRA SMOOTH FINISH,For concrete components of constant cross-section,columns; 200 x 200 mm,m,50.35,13.97,47.08,0,111.4,6,111.4,0.0
1538,CLASS G: CONCRETE ANCILLARIES,03 FORMWORK; EXTRA SMOOTH FINISH,For concrete components of constant cross-section,columns; 300 x 300 mm,m,50.35,13.97,68.04,0,132.36,6,132.36,0.0
1539,CLASS G: CONCRETE ANCILLARIES,03 FORMWORK; EXTRA SMOOTH FINISH,For concrete components of constant cross-section,columns; 300 x 500 mm,m,56.54,15.72,85.06,0,157.32,6,157.32,0.0
1540,CLASS G: CONCRETE ANCILLARIES,03 FORMWORK; EXTRA SMOOTH FINISH,For concrete components of constant cross-section,to walls; 1.0 m high thickness 250 mm,m,211.69,29.49,102.09,0,343.27,6,343.26,0.01
1541,CLASS G: CONCRETE ANCILLARIES,03 FORMWORK; EXTRA SMOOTH FINISH,For concrete components of constant cross-section,to walls; 1.5 m high thickness 300 mm,m,282.25,39.3,150.55,0,472.1,6,472.1,0.0
1542,CLASS G: CONCRETE ANCILLARIES,03 FORMWORK; EXTRA SMOOTH FINISH,For concrete components of constant cross-section,box culvert; 2 x 2 m internally and wall thickness 300 mm,m,811.47,112.99,745.5,0,1669.96,6,1669.97,-0.01
1543,CLASS G: CONCRETE ANCILLARIES,03 FORMWORK; EXTRA SMOOTH FINISH,For concrete components of constant cross-section,projections (100 mm deep),m,8.84,4.19,19.58,0,32.61,6,32.59,0.02
1544,CLASS G: CONCRETE ANCILLARIES,03 FORMWORK; EXTRA SMOOTH FINISH,For concrete components of constant cross-section,intrusions (100 mm deep),m,8.84,4.19,19.58,0,32.61,6,32.59,0.02
1546,CLASS G: CONCRETE ANCILLARIES,03 FORMWORK; EXTRA SMOOTH FINISH,Allowance for additional craneage and rub up where required,ADD to items measures linear,m,24.74,5.86,0.07,0,30.67,6,30.67,0.0
1547,CLASS G: CONCRETE ANCILLARIES,03 FORMWORK; EXTRA SMOOTH FINISH,Allowance for additional craneage and rub up where required,ADD to items measures m2,m2,17.66,5.01,0.28,0,22.95,6,22.96,-0.01
1551,CLASS G: CONCRETE ANCILLARIES,05 REINFORCEMENT,Plain round mild steel bars to BS 4449; Bars; supplied in straight lengths,6 mm nominal size,tonne,2115.79,227.21,1189.26,0,3532.26,8,3532.26,0.0
1552,CLASS G: CONCRETE ANCILLARIES,05 REINFORCEMENT,Plain round mild steel bars to BS 4449; Bars; supplied in straight lengths,8 mm nominal size,tonne,1782.56,191.43,1189.26,0,3163.25,8,3163.24,0.01
1553,CLASS G: CONCRETE ANCILLARIES,05 REINFORCEMENT,Plain round mild steel bars to BS 4449; Bars; supplied in straight lengths,10 mm nominal size,tonne,1782.56,191.43,1189.22,0,3163.21,8,3163.21,0.0
1554,CLASS G: CONCRETE ANCILLARIES,05 REINFORCEMENT,Plain round mild steel bars to BS 4449; Bars; supplied in straight lengths,12 mm nominal size,tonne,1782.56,191.43,1189.22,0,3163.21,8,3163.21,0.0
1555,CLASS G: CONCRETE ANCILLARIES,05 REINFORCEMENT,Plain round mild steel bars to BS 4449; Bars; supplied in straight lengths,16 mm nominal size,tonne,1626.51,174.68,1189.22,0,2990.41,8,2990.42,-0.01
1556,CLASS G: CONCRETE ANCILLARIES,05 REINFORCEMENT,Plain round mild steel bars to BS 4449; Bars; supplied in straight lengths,20 mm nominal size,tonne,1174.25,126.11,1189.22,0,2489.58,8,2489.59,-0.01
1557,CLASS G: CONCRETE ANCILLARIES,05 REINFORCEMENT,Plain round mild steel bars to BS 4449; Bars; supplied in straight lengths,25 mm nominal size,tonne,1174.25,126.11,1189.22,0,2489.58,8,2489.59,-0.01
1558,CLASS G: CONCRETE ANCILLARIES,05 REINFORCEMENT,Plain round mild steel bars to BS 4449; Bars; supplied in straight lengths,32 mm nominal size,tonne,1174.25,126.11,1189.22,0,2489.58,8,2489.59,-0.01
1559,CLASS G: CONCRETE ANCILLARIES,05 REINFORCEMENT,Plain round mild steel bars to BS 4449; Bars; supplied in straight lengths,40 mm nominal size,tonne,1174.25,126.11,1189.22,0,2489.58,8,2489.59,-0.01
1561,CLASS G: CONCRETE ANCILLARIES,05 REINFORCEMENT,Plain round mild steel bars to BS 4449; Bars; supplied in bent and cut lengths,6 mm nominal size,tonne,2115.79,227.21,1341.34,0,3684.34,8,3684.34,0.0
1562,CLASS G: CONCRETE ANCILLARIES,05 REINFORCEMENT,Plain round mild steel bars to BS 4449; Bars; supplied in bent and cut lengths,8 mm nominal size,tonne,1782.56,191.43,1341.34,0,3315.33,8,3315.32,0.01
1563,CLASS G: CONCRETE ANCILLARIES,05 REINFORCEMENT,Plain round mild steel bars to BS 4449; Bars; supplied in bent and cut lengths,10 mm nominal size,tonne,1782.56,191.43,1341.34,0,3315.33,8,3315.32,0.01
1564,CLASS G: CONCRETE ANCILLARIES,05 REINFORCEMENT,Plain round mild steel bars to BS 4449; Bars; supplied in bent and cut lengths,12 mm nominal size,tonne,1782.56,191.43,1341.34,0,3315.33,8,3315.32,0.01
1565,CLASS G: CONCRETE ANCILLARIES,05 REINFORCEMENT,Plain round mild steel bars to BS 4449; Bars; supplied in bent and cut lengths,16 mm nominal size,tonne,1626.51,174.68,1341.34,0,3142.53,8,3142.53,0.0
1566,CLASS G: CONCRETE ANCILLARIES,05 REINFORCEMENT,Plain round mild steel bars to BS 4449; Bars; supplied in bent and cut lengths,20 mm nominal size,tonne,1174.25,126.11,1341.34,0,2641.7,8,2641.7,0.0
1567,CLASS G: CONCRETE ANCILLARIES,05 REINFORCEMENT,Plain round mild steel bars to BS 4449; Bars; supplied in bent and cut lengths,25 mm nominal size,tonne,1174.25,126.11,1341.34,0,2641.7,8,2641.7,0.0
1568,CLASS G: CONCRETE ANCILLARIES,05 REINFORCEMENT,Plain round mild steel bars to BS 4449; Bars; supplied in bent and cut lengths,32 mm nominal size,tonne,1174.25,126.11,1341.34,0,2641.7,8,2641.7,0.0
1569,CLASS G: CONCRETE ANCILLARIES,05 REINFORCEMENT,Plain round mild steel bars to BS 4449; Bars; supplied in bent and cut lengths,40 mm nominal size,tonne,1174.25,126.11,1341.34,0,2641.7,8,2641.7,0.0
1571,CLASS G: CONCRETE ANCILLARIES,05 REINFORCEMENT,Deformed high yield steel bars to BS 4449; Bars; supplied in straight lengths,6 mm nominal size,tonne,2115.79,227.21,1359.12,0,3702.12,8,3702.13,-0.01
1572,CLASS G: CONCRETE ANCILLARIES,05 REINFORCEMENT,Deformed high yield steel bars to BS 4449; Bars; supplied in straight lengths,8 mm nominal size,tonne,1782.56,191.43,1359.1,0,3333.09,8,3333.09,0.0
1573,CLASS G: CONCRETE ANCILLARIES,05 REINFORCEMENT,Deformed high yield steel bars to BS 4449; Bars; supplied in straight lengths,10 mm nominal size,tonne,1782.56,191.43,1359.12,0,3333.11,8,3333.11,0.0
1574,CLASS G: CONCRETE ANCILLARIES,05 REINFORCEMENT,Deformed high yield steel bars to BS 4449; Bars; supplied in straight lengths,12 mm nominal size,tonne,1782.56,191.43,1359.12,0,3333.11,8,3333.11,0.0
1575,CLASS G: CONCRETE ANCILLARIES,05 REINFORCEMENT,Deformed high yield steel bars to BS 4449; Bars; supplied in straight lengths,16 mm nominal size,tonne,1626.51,174.68,1359.12,0,3160.31,8,3160.32,-0.01
1576,CLASS G: CONCRETE ANCILLARIES,05 REINFORCEMENT,Deformed high yield steel bars to BS 4449; Bars; supplied in straight lengths,20 mm nominal size,tonne,1174.25,126.11,1359.12,0,2659.48,8,2659.49,-0.01
1577,CLASS G: CONCRETE ANCILLARIES,05 REINFORCEMENT,Deformed high yield steel bars to BS 4449; Bars; supplied in straight lengths,25 mm nominal size,tonne,1174.25,126.11,1359.12,0,2659.48,8,2659.49,-0.01
1578,CLASS G: CONCRETE ANCILLARIES,05 REINFORCEMENT,Deformed high yield steel bars to BS 4449; Bars; supplied in straight lengths,32 mm nominal size,tonne,1174.25,126.11,1359.12,0,2659.48,8,2659.49,-0.01
1579,CLASS G: CONCRETE ANCILLARIES,05 REINFORCEMENT,Deformed high yield steel bars to BS 4449; Bars; supplied in straight lengths,40 mm nominal size,tonne,1174.25,126.11,1359.12,0,2659.48,8,2659.49,-0.01
1581,CLASS G: CONCRETE ANCILLARIES,05 REINFORCEMENT,Deformed high yield steel bars to BS 4449; Bars; supplied in bent and cut lengths,6 mm nominal size,tonne,2115.79,227.21,1359.12,0,3702.12,8,3702.13,-0.01
1582,CLASS G: CONCRETE ANCILLARIES,05 REINFORCEMENT,Deformed high yield steel bars to BS 4449; Bars; supplied in bent and cut lengths,8 mm nominal size,tonne,1782.56,191.43,1359.12,0,3333.11,8,3333.11,0.0
1583,CLASS G: CONCRETE ANCILLARIES,05 REINFORCEMENT,Deformed high yield steel bars to BS 4449; Bars; supplied in bent and cut lengths,10 mm nominal size,tonne,1782.56,191.43,1359.11,0,3333.1,8,3333.1,0.0
1585,CLASS G: CONCRETE ANCILLARIES,05 REINFORCEMENT,Deformed high yield steel bars to BS 4449; Bars; supplied in bent and cut lengths (continued),12 mm nominal size,tonne,1782.56,191.43,1359.12,0,3333.11,8,3333.11,0.0
1586,CLASS G: CONCRETE ANCILLARIES,05 REINFORCEMENT,Deformed high yield steel bars to BS 4449; Bars; supplied in bent and cut lengths (continued),16 mm nominal size,tonne,1626.51,174.68,1359.12,0,3160.31,8,3160.32,-0.01
1587,CLASS G: CONCRETE ANCILLARIES,05 REINFORCEMENT,Deformed high yield steel bars to BS 4449; Bars; supplied in bent and cut lengths (continued),20 mm nominal size,tonne,1174.25,126.11,1359.12,0,2659.48,8,2659.49,-0.01
1588,CLASS G: CONCRETE ANCILLARIES,05 REINFORCEMENT,Deformed high yield steel bars to BS 4449; Bars; supplied in bent and cut lengths (continued),25 mm nominal size,tonne,1174.25,126.11,1359.12,0,2659.48,8,2659.49,-0.01
1589,CLASS G: CONCRETE ANCILLARIES,05 REINFORCEMENT,Deformed high yield steel bars to BS 4449; Bars; supplied in bent and cut lengths (continued),32 mm nominal size,tonne,1174.25,126.11,1359.12,0,2659.48,8,2659.49,-0.01
1590,CLASS G: CONCRETE ANCILLARIES,05 REINFORCEMENT,Deformed high yield steel bars to BS 4449; Bars; supplied in bent and cut lengths (continued),40 mm nominal size,tonne,1174.25,126.11,1359.12,0,2659.48,8,2659.49,-0.01
1592,CLASS G: CONCRETE ANCILLARIES,05 REINFORCEMENT,Stainless steel bars; Alloy 1.4301; Bars; supplied in straight lengths,8 mm nominal size,tonne,1782.56,191.43,7340.73,0,9314.72,8,9314.72,0.0
1593,CLASS G: CONCRETE ANCILLARIES,05 REINFORCEMENT,Stainless steel bars; Alloy 1.4301; Bars; supplied in straight lengths,10 mm nominal size,tonne,1782.56,191.43,7340.73,0,9314.72,8,9314.72,0.0
1594,CLASS G: CONCRETE ANCILLARIES,05 REINFORCEMENT,Stainless steel bars; Alloy 1.4301; Bars; supplied in straight lengths,12 mm nominal size,tonne,1782.56,191.43,7340.73,0,9314.72,8,9314.72,0.0
1595,CLASS G: CONCRETE ANCILLARIES,05 REINFORCEMENT,Stainless steel bars; Alloy 1.4301; Bars; supplied in straight lengths,16 mm nominal size,tonne,1626.51,174.68,7340.73,0,9141.92,8,9141.93,-0.01
1596,CLASS G: CONCRETE ANCILLARIES,05 REINFORCEMENT,Stainless steel bars; Alloy 1.4301; Bars; supplied in straight lengths,20 mm nominal size,tonne,1174.25,126.11,7340.73,0,8641.09,8,8641.1,-0.01
1597,CLASS G: CONCRETE ANCILLARIES,05 REINFORCEMENT,Stainless steel bars; Alloy 1.4301; Bars; supplied in straight lengths,25 mm nominal size,tonne,1174.25,126.11,7340.73,0,8641.09,8,8641.1,-0.01
1598,CLASS G: CONCRETE ANCILLARIES,05 REINFORCEMENT,Stainless steel bars; Alloy 1.4301; Bars; supplied in straight lengths,32 mm nominal size,tonne,1174.25,126.11,7340.73,0,8641.09,8,8641.1,-0.01
1600,CLASS G: CONCRETE ANCILLARIES,05 REINFORCEMENT,Stainless steel bars; Alloy 1.4301; Bars; supplied in bent and cut lengths,8 mm nominal size,tonne,1782.56,191.43,7340.73,0,9314.72,8,9314.72,0.0
1601,CLASS G: CONCRETE ANCILLARIES,05 REINFORCEMENT,Stainless steel bars; Alloy 1.4301; Bars; supplied in bent and cut lengths,10 mm nominal size,tonne,1782.56,191.43,7340.73,0,9314.72,8,9314.72,0.0
1602,CLASS G: CONCRETE ANCILLARIES,05 REINFORCEMENT,Stainless steel bars; Alloy 1.4301; Bars; supplied in bent and cut lengths,12 mm nominal size,tonne,1782.56,191.43,7340.73,0,9314.72,8,9314.72,0.0
1603,CLASS G: CONCRETE ANCILLARIES,05 REINFORCEMENT,Stainless steel bars; Alloy 1.4301; Bars; supplied in bent and cut lengths,16 mm nominal size,tonne,1626.51,174.68,7340.73,0,9141.92,8,9141.93,-0.01
1604,CLASS G: CONCRETE ANCILLARIES,05 REINFORCEMENT,Stainless steel bars; Alloy 1.4301; Bars; supplied in bent and cut lengths,20 mm nominal size,tonne,1174.25,126.11,7340.73,0,8641.09,8,8641.1,-0.01
1605,CLASS G: CONCRETE ANCILLARIES,05 REINFORCEMENT,Stainless steel bars; Alloy 1.4301; Bars; supplied in bent and cut lengths,25 mm nominal size,tonne,1174.25,126.11,7340.73,0,8641.09,8,8641.1,-0.01
1606,CLASS G: CONCRETE ANCILLARIES,05 REINFORCEMENT,Stainless steel bars; Alloy 1.4301; Bars; supplied in bent and cut lengths,32 mm nominal size,tonne,1174.25,126.11,7340.73,0,8641.09,8,8641.1,-0.01
1608,CLASS G: CONCRETE ANCILLARIES,05 REINFORCEMENT,Additional allowances to bar reinforcement; Add to the above bars,12-15 m long; mild steel to BS 4449,tonne,0,0,114.46,0,114.46,1,114.46,0.0
1609,CLASS G: CONCRETE ANCILLARIES,05 REINFORCEMENT,Additional allowances to bar reinforcement; Add to the above bars,12-15 m long; high yield steel to BS 4449,tonne,0,0,116.02,0,116.02,1,116.02,0.0
1610,CLASS G: CONCRETE ANCILLARIES,05 REINFORCEMENT,Additional allowances to bar reinforcement; Add to the above bars,"Over 15 m long, per 500 mm increment; mild steel to BS 4449",tonne,0,0,114.46,0,114.46,1,114.46,0.0
1611,CLASS G: CONCRETE ANCILLARIES,05 REINFORCEMENT,Additional allowances to bar reinforcement; Add to the above bars,"Over 15 m long, per 500 mm increment; high yield steel to BS 4449",tonne,0,0,116.02,0,116.02,1,116.02,0.0
1613,CLASS G: CONCRETE ANCILLARIES,05 REINFORCEMENT,"Add for cutting, bending, tagging and baling reinforcement on site",6 mm nominal size,tonne,483.18,138.32,4.56,0,626.06,7,626.06,0.0
1614,CLASS G: CONCRETE ANCILLARIES,05 REINFORCEMENT,"Add for cutting, bending, tagging and baling reinforcement on site",8 mm nominal size,tonne,458.59,130.09,4.56,0,593.24,7,593.24,0.0
1615,CLASS G: CONCRETE ANCILLARIES,05 REINFORCEMENT,"Add for cutting, bending, tagging and baling reinforcement on site",10 mm nominal size,tonne,343.95,97.13,4.56,0,445.64,7,445.64,0.0
1616,CLASS G: CONCRETE ANCILLARIES,05 REINFORCEMENT,"Add for cutting, bending, tagging and baling reinforcement on site",12 mm nominal size,tonne,253.87,72.44,4.56,0,330.87,7,330.88,-0.01
1617,CLASS G: CONCRETE ANCILLARIES,05 REINFORCEMENT,"Add for cutting, bending, tagging and baling reinforcement on site",16 mm nominal size,tonne,204.74,57.64,4.56,0,266.94,7,266.94,0.0
1618,CLASS G: CONCRETE ANCILLARIES,05 REINFORCEMENT,"Add for cutting, bending, tagging and baling reinforcement on site",20 mm nominal size,tonne,167.89,47.72,4.56,0,220.17,7,220.16,0.01
1619,CLASS G: CONCRETE ANCILLARIES,05 REINFORCEMENT,"Add for cutting, bending, tagging and baling reinforcement on site",25 mm nominal size,tonne,167.89,47.72,4.56,0,220.17,7,220.16,0.01
1620,CLASS G: CONCRETE ANCILLARIES,05 REINFORCEMENT,"Add for cutting, bending, tagging and baling reinforcement on site",32 mm nominal size,tonne,139.21,39.46,4.56,0,183.23,7,183.24,-0.01
1621,CLASS G: CONCRETE ANCILLARIES,05 REINFORCEMENT,"Add for cutting, bending, tagging and baling reinforcement on site",40 mm nominal size,tonne,139.21,39.46,4.56,0,183.23,7,183.24,-0.01
1623,CLASS G: CONCRETE ANCILLARIES,05 REINFORCEMENT,Special joints; Lenton type A couplers; threaded ends on reinforcing bars,12 mm,nr,23.8,0,16.41,0,40.21,4,40.2,0.01
1624,CLASS G: CONCRETE ANCILLARIES,05 REINFORCEMENT,Special joints; Lenton type A couplers; threaded ends on reinforcing bars,16 mm,nr,23.8,0,19.39,0,43.19,4,43.19,0.0
1625,CLASS G: CONCRETE ANCILLARIES,05 REINFORCEMENT,Special joints; Lenton type A couplers; threaded ends on reinforcing bars,20 mm,nr,23.8,0,28.73,0,52.53,4,52.53,0.0
1626,CLASS G: CONCRETE ANCILLARIES,05 REINFORCEMENT,Special joints; Lenton type A couplers; threaded ends on reinforcing bars,25 mm,nr,23.8,0,39.64,0,63.44,4,63.44,0.0
1627,CLASS G: CONCRETE ANCILLARIES,05 REINFORCEMENT,Special joints; Lenton type A couplers; threaded ends on reinforcing bars,32 mm,nr,23.8,0,53.44,0,77.24,4,77.24,0.0
1628,CLASS G: CONCRETE ANCILLARIES,05 REINFORCEMENT,Special joints; Lenton type A couplers; threaded ends on reinforcing bars,40 mm,nr,23.8,0,74.26,0,98.06,4,98.05,0.01
1630,CLASS G: CONCRETE ANCILLARIES,05 REINFORCEMENT,Lenton type B couplers; threaded ends on reinforcing bars,12 mm,nr,23.8,0,51.87,0,75.67,4,75.67,0.0
1631,CLASS G: CONCRETE ANCILLARIES,05 REINFORCEMENT,Lenton type B couplers; threaded ends on reinforcing bars,16 mm,nr,23.8,0,60.33,0,84.13,4,84.13,0.0
1632,CLASS G: CONCRETE ANCILLARIES,05 REINFORCEMENT,Lenton type B couplers; threaded ends on reinforcing bars,20 mm,nr,23.8,0,65.72,0,89.52,4,89.52,0.0
1633,CLASS G: CONCRETE ANCILLARIES,05 REINFORCEMENT,Lenton type B couplers; threaded ends on reinforcing bars,25 mm,nr,23.8,0,77.17,0,100.97,4,100.97,0.0
1634,CLASS G: CONCRETE ANCILLARIES,05 REINFORCEMENT,Lenton type B couplers; threaded ends on reinforcing bars,32 mm,nr,23.8,0,103.75,0,127.55,4,127.55,0.0
1635,CLASS G: CONCRETE ANCILLARIES,05 REINFORCEMENT,Lenton type B couplers; threaded ends on reinforcing bars,40 mm,nr,23.8,0,153.03,0,176.83,4,176.83,0.0
1637,CLASS G: CONCRETE ANCILLARIES,05 REINFORCEMENT,Steel fabric to BS 4483,nominal mass 0.77 kg/m2; ref D49,m2,6.36,0.57,2.13,0,9.06,8,9.05,0.01
1638,CLASS G: CONCRETE ANCILLARIES,05 REINFORCEMENT,Steel fabric to BS 4483,nominal mass 1.54 kg/m2; ref D98,m2,6.36,0.57,4.27,0,11.2,8,11.19,0.01
1639,CLASS G: CONCRETE ANCILLARIES,05 REINFORCEMENT,Steel fabric to BS 4483,nominal mass 1.54 kg/m2; ref A98,m2,8.45,0.86,8.34,0,17.65,8,17.66,-0.01
1640,CLASS G: CONCRETE ANCILLARIES,05 REINFORCEMENT,Steel fabric to BS 4483,nominal mass 2.22 kg/m2; ref A142,m2,8.21,0.86,6.86,0,15.93,8,15.93,0.0
1641,CLASS G: CONCRETE ANCILLARIES,05 REINFORCEMENT,Steel fabric to BS 4483,nominal mass 2.61 kg/m2; ref C283,m2,7.93,0.86,8.98,0,17.77,8,17.78,-0.01
1642,CLASS G: CONCRETE ANCILLARIES,05 REINFORCEMENT,Steel fabric to BS 4483,nominal mass 3.02 kg/m2; ref A193,m2,10.58,1.14,9.76,0,21.48,8,21.47,0.01
1643,CLASS G: CONCRETE ANCILLARIES,05 REINFORCEMENT,Steel fabric to BS 4483,nominal mass 3.05 kg/m2; ref B196,m2,10.58,1.14,18.27,0,29.99,8,29.97,0.02
1644,CLASS G: CONCRETE ANCILLARIES,05 REINFORCEMENT,Steel fabric to BS 4483,nominal mass 3.41 kg/m2; ref C385,m2,10.58,1.14,11.8,0,23.52,8,23.51,0.01
1645,CLASS G: CONCRETE ANCILLARIES,05 REINFORCEMENT,Steel fabric to BS 4483,nominal mass 3.73 kg/m2; ref B283,m2,10.58,1.14,14.75,0,26.47,8,26.45,0.02
1646,CLASS G: CONCRETE ANCILLARIES,05 REINFORCEMENT,Steel fabric to BS 4483,nominal mass 3.95 kg/m2; ref A252,m2,10.58,1.14,10.82,0,22.54,8,22.52,0.02
1647,CLASS G: CONCRETE ANCILLARIES,05 REINFORCEMENT,Steel fabric to BS 4483,nominal mass 4.34 kg/m2; ref C503,m2,13.23,1.44,14.96,0,29.63,8,29.62,0.01
1648,CLASS G: CONCRETE ANCILLARIES,05 REINFORCEMENT,Steel fabric to BS 4483,nominal mass 4.35 kg/m2; ref B385,m2,13.23,1.44,15.73,0,30.4,8,30.39,0.01
1649,CLASS G: CONCRETE ANCILLARIES,05 REINFORCEMENT,Steel fabric to BS 4483,nominal mass 5.55 kg/m2; ref C636,m2,13.23,1.44,18.76,0,33.43,8,33.42,0.01
1650,CLASS G: CONCRETE ANCILLARIES,05 REINFORCEMENT,Steel fabric to BS 4483,nominal mass 5.93 kg/m2; ref B503,m2,13.23,1.44,22.63,0,37.3,8,37.29,0.01
1651,CLASS G: CONCRETE ANCILLARIES,05 REINFORCEMENT,Steel fabric to BS 4483,nominal mass 6.16 kg/m2; ref A393,m2,18.51,2.0,16.62,0,37.13,8,37.13,0.0
1652,CLASS G: CONCRETE ANCILLARIES,05 REINFORCEMENT,Steel fabric to BS 4483,nominal mass 6.72 kg/m2; ref C785,m2,18.51,2.0,21.27,0,41.78,8,41.78,0.0
1653,CLASS G: CONCRETE ANCILLARIES,05 REINFORCEMENT,Steel fabric to BS 4483,nominal mass 8.14 kg/m2; ref B785,m2,21.16,2.27,29.25,0,52.68,8,52.68,0.0
1654,CLASS G: CONCRETE ANCILLARIES,05 REINFORCEMENT,Steel fabric to BS 4483,nominal mass 10.90 kg/m2; ref B1131,m2,23.8,2.54,38.48,0,64.82,8,64.82,0.0
1657,CLASS G: CONCRETE ANCILLARIES,06 JOINTS,Joint Filler; Open surface plain; average width,ne 0.5 m; scabbling concrete for subsequent pour,m2,4.72,3.96,0,0,8.68,6,8.69,-0.01
1658,CLASS G: CONCRETE ANCILLARIES,06 JOINTS,Joint Filler; Open surface plain; average width,0.5-1 m; scabbling concrete for subsequent pour,m2,3.54,3.05,0,0,6.59,6,6.6,-0.01
1660,CLASS G: CONCRETE ANCILLARIES,06 JOINTS,Open surface with filler; average width,ne 0.5 m; 12 mm Flexcell joint filler,m2,4.72,3.96,16.2,0,24.88,7,24.88,0.0
1661,CLASS G: CONCRETE ANCILLARIES,06 JOINTS,Open surface with filler; average width,0.5-1 m; 12 mm Flexcell joint filler,m2,4.72,3.96,16.2,0,24.88,7,24.88,0.0
1662,CLASS G: CONCRETE ANCILLARIES,06 JOINTS,Open surface with filler; average width,ne 0.5 m; 19 mm Flexcell joint filler,m2,5.92,4.9,27.12,0,37.94,7,37.93,0.01
1663,CLASS G: CONCRETE ANCILLARIES,06 JOINTS,Open surface with filler; average width,0.5-1 m; 19 mm Flexcell joint filler,m2,5.92,4.9,27.12,0,37.94,7,37.93,0.01
1665,CLASS G: CONCRETE ANCILLARIES,06 JOINTS,Formed surface plain; average width (including formwork),ne 0.5 m,m2,28.38,23.81,27.88,0,80.07,6,80.07,0.0
1666,CLASS G: CONCRETE ANCILLARIES,06 JOINTS,Formed surface plain; average width (including formwork),0.5-1.0 m,m2,28.38,23.81,27.88,0,80.07,6,80.07,0.0
1668,CLASS G: CONCRETE ANCILLARIES,06 JOINTS,Formed surface with filler; average width,ne 0.5 m; 10 mm Flexcell joint filler,m2,47.29,29.63,44.07,0,120.99,7,121.01,-0.02
1671,CLASS G: CONCRETE ANCILLARIES,CONCRETE FINISHING / ACCESSORIES,Finishing of top surfaces (continued),steel trowel; level,m2,3.54,0,0,0,3.54,3,3.55,-0.01
1672,CLASS G: CONCRETE ANCILLARIES,CONCRETE FINISHING / ACCESSORIES,Finishing of top surfaces (continued),steel trowel; falls or cross-falls,m2,5.92,0,0,0,5.92,3,5.91,0.01
1673,CLASS G: CONCRETE ANCILLARIES,CONCRETE FINISHING / ACCESSORIES,Finishing of top surfaces (continued),granolithic finish 20 mm thick laid monolithically,m2,8.28,1.47,15.14,0,24.89,7,24.89,0.0
1675,CLASS G: CONCRETE ANCILLARIES,CONCRETE FINISHING / ACCESSORIES,Finishing of formed surfaces,aggregate exposure using retarder,m2,5.92,0,1.79,0,7.71,4,7.7,0.01
1676,CLASS G: CONCRETE ANCILLARIES,CONCRETE FINISHING / ACCESSORIES,Finishing of formed surfaces,bush hammering; kango hammer,m2,33.1,9.76,0,0,42.86,6,42.87,-0.01
1677,CLASS G: CONCRETE ANCILLARIES,CONCRETE FINISHING / ACCESSORIES,Finishing of formed surfaces,rubbing down concrete surfaces after striking shutters,m2,2.37,0,1.2,0,3.57,4,3.57,0.0
1679,CLASS G: CONCRETE ANCILLARIES,CONCRETE FINISHING / ACCESSORIES,Inserts totally within the concrete volume,HDPE conduit 20 mm dia.,m,11.83,0,5.2,0,17.03,4,17.03,0.0
1680,CLASS G: CONCRETE ANCILLARIES,CONCRETE FINISHING / ACCESSORIES,Inserts totally within the concrete volume,black enamelled steel conduit 20 mm dia.,m,11.83,0,3.53,0,15.36,4,15.36,0.0
1681,CLASS G: CONCRETE ANCILLARIES,CONCRETE FINISHING / ACCESSORIES,Inserts totally within the concrete volume,galvanized steel conduit 20 mm dia.,m,11.83,0,4.85,0,16.68,4,16.68,0.0
1682,CLASS G: CONCRETE ANCILLARIES,CONCRETE FINISHING / ACCESSORIES,Inserts totally within the concrete volume,Unistrut channel type P3270,m,23.64,0,18.98,0,42.62,4,42.62,0.0
1683,CLASS G: CONCRETE ANCILLARIES,CONCRETE FINISHING / ACCESSORIES,Inserts totally within the concrete volume,Unistrut channel type P3370,m,23.64,0,13.46,0,37.1,4,37.1,0.0
1685,CLASS G: CONCRETE ANCILLARIES,CONCRETE FINISHING / ACCESSORIES,Inserts projecting from surface(s) of the concrete,expanding bolt; 10 mm dia. x 25 mm deep,nr,5.92,0,3.2,0,9.12,4,9.12,0.0
1686,CLASS G: CONCRETE ANCILLARIES,CONCRETE FINISHING / ACCESSORIES,Inserts projecting from surface(s) of the concrete,holding down bolt; 16 mm dia. x 250 mm deep,nr,29.55,0,6.56,0,36.11,4,36.12,-0.01
1687,CLASS G: CONCRETE ANCILLARIES,CONCRETE FINISHING / ACCESSORIES,Inserts projecting from surface(s) of the concrete,holding down bolt; 16 mm dia. x 350 mm deep,nr,29.55,0,7.07,0,36.62,4,36.63,-0.01
1688,CLASS G: CONCRETE ANCILLARIES,CONCRETE FINISHING / ACCESSORIES,Inserts projecting from surface(s) of the concrete,holding down bolt; 20 mm dia. x 250 mm deep,nr,29.55,0,8.23,0,37.78,4,37.79,-0.01
1689,CLASS G: CONCRETE ANCILLARIES,CONCRETE FINISHING / ACCESSORIES,Inserts projecting from surface(s) of the concrete,holding down bolt; 20 mm dia. x 450 mm deep,nr,29.55,0,8.58,0,38.13,4,38.14,-0.01
1690,CLASS G: CONCRETE ANCILLARIES,CONCRETE FINISHING / ACCESSORIES,Inserts projecting from surface(s) of the concrete,vitrified clay pipe to BS 65; 100 mm dia. x 1000 mm long,nr,41.38,0,10.35,0,51.73,4,51.73,0.0
1691,CLASS G: CONCRETE ANCILLARIES,CONCRETE FINISHING / ACCESSORIES,Inserts projecting from surface(s) of the concrete,cast iron pipe to BS 437; 100 mm dia. x 1000 mm long,nr,29.55,0,47.59,0,77.14,4,77.15,-0.01
1693,CLASS G: CONCRETE ANCILLARIES,CONCRETE FINISHING / ACCESSORIES,Grouting under plates; cement and sand (1:3),area ne 0.1 m2,nr,11.83,0,0.39,0,12.22,4,12.21,0.01
1694,CLASS G: CONCRETE ANCILLARIES,CONCRETE FINISHING / ACCESSORIES,Grouting under plates; cement and sand (1:3),area 0.1-0.5 m2,nr,53.2,0,1.89,0,55.09,4,55.09,0.0
1695,CLASS G: CONCRETE ANCILLARIES,CONCRETE FINISHING / ACCESSORIES,Grouting under plates; cement and sand (1:3),area 0.5-1.0 m2,nr,92.23,0,3.77,0,96.0,4,95.99,0.01
1697,CLASS G: CONCRETE ANCILLARIES,CONCRETE FINISHING / ACCESSORIES,Grouting under plates; non-shrink cementitious grout,area ne 0.1 m2,nr,11.83,0,6.7,0,18.53,4,18.53,0.0
1698,CLASS G: CONCRETE ANCILLARIES,CONCRETE FINISHING / ACCESSORIES,Grouting under plates; non-shrink cementitious grout,area 0.1-0.5 m2,nr,53.2,0,64.45,0,117.65,4,117.64,0.01
1699,CLASS G: CONCRETE ANCILLARIES,CONCRETE FINISHING / ACCESSORIES,Grouting under plates; non-shrink cementitious grout,area 0.5-1.0 m2,nr,92.23,0,128.88,0,221.11,4,221.11,0.0
1705,CLASS H: PRECAST CONCRETE,01 BEAMS,Concrete mix C20; Beams,100 x 150 x 1050 mm long,nr,142.44,0,12.98,0,155.42,6,155.42,0.0
1706,CLASS H: PRECAST CONCRETE,01 BEAMS,Concrete mix C20; Beams,225 x 150 x 1200 mm long,nr,142.44,3.9,50.16,0,196.5,10,196.5,0.0
1707,CLASS H: PRECAST CONCRETE,01 BEAMS,Concrete mix C20; Beams,225 x 225 x 1800 mm long,nr,170.94,4.57,69.92,0,245.43,10,245.44,-0.01
1710,CLASS H: PRECAST CONCRETE,02 PRESTRESSED PRE-TENSIONED BEAMS,Concrete mix C20; Beams,100 x 65 x 1050 mm long,nr,85.47,0,7.79,0,93.26,6,93.25,0.01
1711,CLASS H: PRECAST CONCRETE,02 PRESTRESSED PRE-TENSIONED BEAMS,Concrete mix C20; Beams,265 x 65 x 1800 mm long,nr,142.44,3.83,32.47,0,178.74,10,178.74,0.0
1713,CLASS H: PRECAST CONCRETE,02 PRESTRESSED PRE-TENSIONED BEAMS,"Bridge beams; Inverted 'T' Beams, flange width 495 mm","section T1; 8 m long, 380 mm deep; mass 1.88t",nr,1327.05,0,1139.76,0,2466.81,3,2466.81,0.0
1714,CLASS H: PRECAST CONCRETE,02 PRESTRESSED PRE-TENSIONED BEAMS,"Bridge beams; Inverted 'T' Beams, flange width 495 mm","section T2; 9 m long, 420 mm deep; mass 2.29t",nr,1635.67,0,1404.8,0,3040.47,3,3040.47,0.0
1715,CLASS H: PRECAST CONCRETE,02 PRESTRESSED PRE-TENSIONED BEAMS,"Bridge beams; Inverted 'T' Beams, flange width 495 mm","section T3; 11 m long, 535 mm deep; mass 3.02t",nr,1928.86,0,1656.61,0,3585.47,3,3585.46,0.01
1716,CLASS H: PRECAST CONCRETE,02 PRESTRESSED PRE-TENSIONED BEAMS,"Bridge beams; Inverted 'T' Beams, flange width 495 mm","section T4; 12 m long, 575 mm deep; mass 3.54t",nr,2006.03,0,1722.89,0,3728.92,3,3728.91,0.01
1717,CLASS H: PRECAST CONCRETE,02 PRESTRESSED PRE-TENSIONED BEAMS,"Bridge beams; Inverted 'T' Beams, flange width 495 mm","section T5; 13 m long, 615 mm deep; mass 4.08t",nr,2237.47,0,1921.67,0,4159.14,3,4159.15,-0.01
1718,CLASS H: PRECAST CONCRETE,02 PRESTRESSED PRE-TENSIONED BEAMS,"Bridge beams; Inverted 'T' Beams, flange width 495 mm","section T6; 13 m long, 655 mm deep; mass 4.33t",nr,2237.49,0,1921.69,0,4159.18,3,4159.18,0.0
1719,CLASS H: PRECAST CONCRETE,02 PRESTRESSED PRE-TENSIONED BEAMS,"Bridge beams; Inverted 'T' Beams, flange width 495 mm","section T7; 14 m long, 695 mm deep; mass 4.95t",nr,2391.79,0,2054.21,0,4446.0,3,4446.01,-0.01
1720,CLASS H: PRECAST CONCRETE,02 PRESTRESSED PRE-TENSIONED BEAMS,"Bridge beams; Inverted 'T' Beams, flange width 495 mm","section T8; 15 m long, 735 mm deep; mass 5.60t",nr,2700.41,0,2319.26,0,5019.67,3,5019.67,0.0
1721,CLASS H: PRECAST CONCRETE,02 PRESTRESSED PRE-TENSIONED BEAMS,"Bridge beams; Inverted 'T' Beams, flange width 495 mm","section T9; 16 m long, 775 mm deep; mass 6.28t",nr,2777.55,0,2385.52,0,5163.07,3,5163.07,0.0
1722,CLASS H: PRECAST CONCRETE,02 PRESTRESSED PRE-TENSIONED BEAMS,"Bridge beams; Inverted 'T' Beams, flange width 495 mm","section T10; 18 m long, 815 mm deep; mass 7.43t",nr,3271.33,0,2809.59,0,6080.92,3,6080.92,0.0
1724,CLASS H: PRECAST CONCRETE,02 PRESTRESSED PRE-TENSIONED BEAMS,"'M' beams, flange width 970 mm","section M2; 17 m long, 720 mm deep; mass 12.95t",nr,7406.83,0,6361.38,0,13768.21,6,13768.21,0.0
1725,CLASS H: PRECAST CONCRETE,02 PRESTRESSED PRE-TENSIONED BEAMS,"'M' beams, flange width 970 mm","section M3; 18 m long, 800 mm deep; mass 15.11t",nr,6866.73,0,5897.53,0,12764.26,6,12764.26,0.0
1726,CLASS H: PRECAST CONCRETE,02 PRESTRESSED PRE-TENSIONED BEAMS,"'M' beams, flange width 970 mm","section M6; 22 m long, 1040 mm deep; mass 20.48t",nr,11141.04,0,9568.53,0,20709.57,6,20709.58,-0.01
1727,CLASS H: PRECAST CONCRETE,02 PRESTRESSED PRE-TENSIONED BEAMS,"'M' beams, flange width 970 mm","section M8; 25 m long, 1200 mm deep; mass 23.68t",nr,14350.5,0,12325.0,0,26675.5,6,26675.5,0.0
1729,CLASS H: PRECAST CONCRETE,02 PRESTRESSED PRE-TENSIONED BEAMS,"'U' beams, base width 970 mm","section U3; 16 m long, 900 mm deep; mass 19.24t",nr,11727.44,0,10072.17,0,21799.61,6,21799.61,0.0
1730,CLASS H: PRECAST CONCRETE,02 PRESTRESSED PRE-TENSIONED BEAMS,"'U' beams, base width 970 mm","section U5; 20 m long, 1000 mm deep; mass 25.64t",nr,14736.46,0,12656.47,0,27392.93,6,27392.94,-0.01
1731,CLASS H: PRECAST CONCRETE,02 PRESTRESSED PRE-TENSIONED BEAMS,"'U' beams, base width 970 mm","section U8; 24 m long, 1200 mm deep; mass 34.56t",nr,16356.72,0,14048.05,0,30404.77,6,30404.76,0.01
1732,CLASS H: PRECAST CONCRETE,02 PRESTRESSED PRE-TENSIONED BEAMS,"'U' beams, base width 970 mm","section U12; 30 m long, 1600 mm deep; mass 52.74t",nr,27274.02,0,23424.44,0,50698.46,6,50698.46,0.0
1735,CLASS H: PRECAST CONCRETE,03 PRESTRESSED PRE-TENSIONED COLUMNS,Concrete mix C32/40; Columns; including shuttering; dia.,not exceeding 300 mm,m,115.32,0,110.66,0,225.98,6,225.98,0.0
1736,CLASS H: PRECAST CONCRETE,03 PRESTRESSED PRE-TENSIONED COLUMNS,Concrete mix C32/40; Columns; including shuttering; dia.,300 mm-450 mm,m,138.4,0,132.13,0,270.53,6,270.53,0.0
1737,CLASS H: PRECAST CONCRETE,03 PRESTRESSED PRE-TENSIONED COLUMNS,Concrete mix C32/40; Columns; including shuttering; dia.,450 mm-600 mm,m,161.46,0,121.4,0,282.86,6,282.85,0.01
1738,CLASS H: PRECAST CONCRETE,03 PRESTRESSED PRE-TENSIONED COLUMNS,Concrete mix C32/40; Columns; including shuttering; dia.,600 mm-750 mm,m,161.46,0,153.6,0,315.06,6,315.06,0.0
1739,CLASS H: PRECAST CONCRETE,03 PRESTRESSED PRE-TENSIONED COLUMNS,Concrete mix C32/40; Columns; including shuttering; dia.,750 mm-900 mm,m,184.51,0,253.54,0,438.05,6,438.05,0.0
1740,CLASS H: PRECAST CONCRETE,03 PRESTRESSED PRE-TENSIONED COLUMNS,Concrete mix C32/40; Columns; including shuttering; dia.,900 mm-1050 mm,m,257.12,0,239.49,0,496.61,6,496.61,0.0
1741,CLASS H: PRECAST CONCRETE,03 PRESTRESSED PRE-TENSIONED COLUMNS,Concrete mix C32/40; Columns; including shuttering; dia.,1050 mm-1200 mm,m,294.42,0,252.38,0,546.8,6,546.8,0.0
1742,CLASS H: PRECAST CONCRETE,03 PRESTRESSED PRE-TENSIONED COLUMNS,Concrete mix C32/40; Columns; including shuttering; dia.,Exceeding 1200 mm,m,461.31,0,514.99,0,976.3,6,976.3,0.0
1745,CLASS H: PRECAST CONCRETE,05 SLABS,Prestressed precast concrete flooring planks; Bison or similar; cement mortar grout between planks on bearings; 100 mm thick floor,400 mm wide planks,m2,32.88,33.55,59.51,0,125.94,10,125.94,0.0
1746,CLASS H: PRECAST CONCRETE,05 SLABS,Prestressed precast concrete flooring planks; Bison or similar; cement mortar grout between planks on bearings; 100 mm thick floor,1200 mm wide planks,m2,18.34,18.72,74.68,0,111.74,10,111.73,0.01
1748,CLASS H: PRECAST CONCRETE,05 SLABS,150 mm thick floor,400 mm wide planks,m2,41.1,41.93,64.15,0,147.18,4,147.19,-0.01
1749,CLASS H: PRECAST CONCRETE,05 SLABS,150 mm thick floor,1200 mm wide planks,m2,22.92,23.38,78.12,0,124.42,4,124.42,0.0
1752,CLASS H: PRECAST CONCRETE,"08 COPINGS, SILLS AND WEIR BLOCKS",Concrete mix C30; Coping; weathered and throated,178 x 64 mm,m,29.56,8.37,8.78,0,46.71,10,46.71,0.0
1753,CLASS H: PRECAST CONCRETE,"08 COPINGS, SILLS AND WEIR BLOCKS",Concrete mix C30; Coping; weathered and throated,305 x 76 mm,m,21.29,6.16,14.27,0,41.72,10,41.72,0.0
1929,CLASS I: PIPEWORK - PIPES,01 CLAY PIPES,"Field drains to BS 1196, butt joints, nominal bore; excavation and supports, backfilling; 75 mm pipes; in trench, depth",not in trenches,m,8.13,0.11,19.33,0,27.57,7,27.56,0.01
1930,CLASS I: PIPEWORK - PIPES,01 CLAY PIPES,"Field drains to BS 1196, butt joints, nominal bore; excavation and supports, backfilling; 75 mm pipes; in trench, depth",ne 1.50 m deep,m,19.52,8.87,19.33,0,47.72,9,47.72,0.0
1931,CLASS I: PIPEWORK - PIPES,01 CLAY PIPES,"Field drains to BS 1196, butt joints, nominal bore; excavation and supports, backfilling; 75 mm pipes; in trench, depth",1.50-2.00 m deep,m,28.17,12.85,19.33,0,60.35,9,60.34,0.01
1932,CLASS I: PIPEWORK - PIPES,01 CLAY PIPES,"Field drains to BS 1196, butt joints, nominal bore; excavation and supports, backfilling; 75 mm pipes; in trench, depth",2.00-2.50 m deep,m,39.02,17.79,19.33,0,76.14,9,76.13,0.01
1933,CLASS I: PIPEWORK - PIPES,01 CLAY PIPES,"Field drains to BS 1196, butt joints, nominal bore; excavation and supports, backfilling; 75 mm pipes; in trench, depth",2.50-3.00 m deep,m,49.85,22.73,19.33,0,91.91,9,91.91,0.0
1935,CLASS I: PIPEWORK - PIPES,01 CLAY PIPES,"100 mm pipes; in trench, depth",not in trenches,m,8.13,0.11,27.14,0,35.38,7,35.37,0.01
1936,CLASS I: PIPEWORK - PIPES,01 CLAY PIPES,"100 mm pipes; in trench, depth",ne 1.50 m deep,m,21.67,9.85,27.14,0,58.66,15,58.68,-0.02
1937,CLASS I: PIPEWORK - PIPES,01 CLAY PIPES,"100 mm pipes; in trench, depth",1.50-2.00 m deep,m,30.35,13.82,27.14,0,71.31,15,71.33,-0.02
1938,CLASS I: PIPEWORK - PIPES,01 CLAY PIPES,"100 mm pipes; in trench, depth",2.00-2.50 m deep,m,41.18,18.76,27.14,0,87.08,15,87.08,0.0
1939,CLASS I: PIPEWORK - PIPES,01 CLAY PIPES,"100 mm pipes; in trench, depth",2.50-3.00 m deep,m,52.02,23.72,27.14,0,102.88,15,102.88,0.0
1941,CLASS I: PIPEWORK - PIPES,01 CLAY PIPES,"150 mm pipes; in trench, depth",not in trenches,m,8.13,0.11,55.37,0,63.61,7,63.6,0.01
1942,CLASS I: PIPEWORK - PIPES,01 CLAY PIPES,"150 mm pipes; in trench, depth",ne 1.50 m deep,m,23.83,10.81,55.37,0,90.01,15,90.04,-0.03
1943,CLASS I: PIPEWORK - PIPES,01 CLAY PIPES,"150 mm pipes; in trench, depth",1.50-2.00 m deep,m,32.52,14.8,55.37,0,102.69,15,102.7,-0.01
1944,CLASS I: PIPEWORK - PIPES,01 CLAY PIPES,"150 mm pipes; in trench, depth",2.00-2.50 m deep,m,43.36,19.76,55.37,0,118.49,15,118.48,0.01
1945,CLASS I: PIPEWORK - PIPES,01 CLAY PIPES,"150 mm pipes; in trench, depth",2.50-3.00 m deep,m,54.2,24.7,55.37,0,134.27,15,134.28,-0.01
1947,CLASS I: PIPEWORK - PIPES,01 CLAY PIPES,"225 mm pipes; in trench, depth",not in trenches,m,8.13,0.11,142.51,0,150.75,7,150.75,0.0
1948,CLASS I: PIPEWORK - PIPES,01 CLAY PIPES,"225 mm pipes; in trench, depth",ne 1.50 m deep,m,28.17,12.8,142.51,0,183.48,15,183.49,-0.01
1949,CLASS I: PIPEWORK - PIPES,01 CLAY PIPES,"225 mm pipes; in trench, depth",1.50-2.00 m deep,m,36.85,16.8,142.51,0,196.16,15,196.16,0.0
1950,CLASS I: PIPEWORK - PIPES,01 CLAY PIPES,"225 mm pipes; in trench, depth",2.00-2.50 m deep,m,47.7,21.73,142.51,0,211.94,15,211.94,0.0
1951,CLASS I: PIPEWORK - PIPES,01 CLAY PIPES,"225 mm pipes; in trench, depth",2.50-3.00 m deep,m,58.53,26.67,142.51,0,227.71,15,227.72,-0.01
1953,CLASS I: PIPEWORK - PIPES,01 CLAY PIPES,"Vitrified clay perforated field drains to BS EN295, sleeved joints; excavation and supports, backfilling; 100 mm pipes; in trench, depth",not in trenches,m,33.86,0.11,33.88,0,67.85,7,67.84,0.01
1954,CLASS I: PIPEWORK - PIPES,01 CLAY PIPES,"Vitrified clay perforated field drains to BS EN295, sleeved joints; excavation and supports, backfilling; 100 mm pipes; in trench, depth",ne 1.50 m deep,m,58.53,14.76,33.88,0,107.17,9,107.18,-0.01
1955,CLASS I: PIPEWORK - PIPES,01 CLAY PIPES,"Vitrified clay perforated field drains to BS EN295, sleeved joints; excavation and supports, backfilling; 100 mm pipes; in trench, depth",1.50-2.00 m deep,m,65.02,18.76,33.88,0,117.66,9,117.66,0.0
1956,CLASS I: PIPEWORK - PIPES,01 CLAY PIPES,"Vitrified clay perforated field drains to BS EN295, sleeved joints; excavation and supports, backfilling; 100 mm pipes; in trench, depth",2.00-2.50 m deep,m,78.03,23.68,33.88,0,135.59,9,135.6,-0.01
1957,CLASS I: PIPEWORK - PIPES,01 CLAY PIPES,"Vitrified clay perforated field drains to BS EN295, sleeved joints; excavation and supports, backfilling; 100 mm pipes; in trench, depth",2.50-3.00 m deep,m,88.87,28.66,33.88,0,151.41,9,151.41,0.0
1958,CLASS I: PIPEWORK - PIPES,01 CLAY PIPES,"Vitrified clay perforated field drains to BS EN295, sleeved joints; excavation and supports, backfilling; 100 mm pipes; in trench, depth",extra for bend,nr,17.34,0,32.65,0,49.99,5,49.98,0.01
1959,CLASS I: PIPEWORK - PIPES,01 CLAY PIPES,"Vitrified clay perforated field drains to BS EN295, sleeved joints; excavation and supports, backfilling; 100 mm pipes; in trench, depth",extra for single junction,nr,19.52,0,46.51,0,66.03,5,66.02,0.01
1961,CLASS I: PIPEWORK - PIPES,01 CLAY PIPES,"150 mm pipes; in trench, depth",not in trenches,m,63.64,0.11,61.55,0,125.3,7,125.29,0.01
1962,CLASS I: PIPEWORK - PIPES,01 CLAY PIPES,"150 mm pipes; in trench, depth",ne 1.50 m deep,m,93.21,16.74,61.55,0,171.5,15,171.51,-0.01
1963,CLASS I: PIPEWORK - PIPES,01 CLAY PIPES,"150 mm pipes; in trench, depth",1.50-2.00 m deep,m,99.71,19.76,61.55,0,181.02,15,181.01,0.01
1964,CLASS I: PIPEWORK - PIPES,01 CLAY PIPES,"150 mm pipes; in trench, depth",2.00-2.50 m deep,m,108.38,23.69,61.55,0,193.62,15,193.62,0.0
1965,CLASS I: PIPEWORK - PIPES,01 CLAY PIPES,"150 mm pipes; in trench, depth",2.50-3.00 m deep,m,119.22,28.66,61.55,0,209.43,15,209.43,0.0
1966,CLASS I: PIPEWORK - PIPES,01 CLAY PIPES,"150 mm pipes; in trench, depth",extra for bend,nr,27.1,0,47.43,0,74.53,6,74.52,0.01
1967,CLASS I: PIPEWORK - PIPES,01 CLAY PIPES,"150 mm pipes; in trench, depth",extra for single junction,nr,54.2,0,47.44,0,101.64,6,101.64,0.0
1969,CLASS I: PIPEWORK - PIPES,01 CLAY PIPES,"225 mm pipes; in trench, depth",not in trenches,m,74.46,0.11,70.41,0,144.98,7,144.98,0.0
1970,CLASS I: PIPEWORK - PIPES,01 CLAY PIPES,"225 mm pipes; in trench, depth",ne 1.50 m deep,m,104.06,17.74,70.41,0,192.21,15,192.2,0.01
1971,CLASS I: PIPEWORK - PIPES,01 CLAY PIPES,"225 mm pipes; in trench, depth",1.50-2.00 m deep,m,112.71,21.73,70.41,0,204.85,15,204.86,-0.01
1972,CLASS I: PIPEWORK - PIPES,01 CLAY PIPES,"225 mm pipes; in trench, depth",2.00-2.50 m deep,m,184.25,25.68,70.41,0,280.34,15,280.35,-0.01
1973,CLASS I: PIPEWORK - PIPES,01 CLAY PIPES,"225 mm pipes; in trench, depth",2.50-3.00 m deep,m,130.08,29.64,70.41,0,230.13,15,230.11,0.02
1974,CLASS I: PIPEWORK - PIPES,01 CLAY PIPES,"225 mm pipes; in trench, depth",extra for bend,nr,26.01,0,232.99,0,259.0,6,259.0,0.0
1975,CLASS I: PIPEWORK - PIPES,01 CLAY PIPES,"225 mm pipes; in trench, depth",extra for single junction,nr,42.27,0,325.29,0,367.56,6,367.57,-0.01
1977,CLASS I: PIPEWORK - PIPES,01 CLAY PIPES,"300 mm pipes; in trench, depth",not in trenches,m,162.49,0.5,126.82,0,289.81,7,289.82,-0.01
1978,CLASS I: PIPEWORK - PIPES,01 CLAY PIPES,"300 mm pipes; in trench, depth",ne 1.50 m deep,m,195.1,18.69,126.82,0,340.61,15,340.61,0.0
1979,CLASS I: PIPEWORK - PIPES,01 CLAY PIPES,"300 mm pipes; in trench, depth",1.50-2.00 m deep,m,210.25,23.69,126.82,0,360.76,15,360.77,-0.01
1980,CLASS I: PIPEWORK - PIPES,01 CLAY PIPES,"300 mm pipes; in trench, depth",2.00-2.50 m deep,m,216.77,27.64,126.82,0,371.23,15,371.24,-0.01
1981,CLASS I: PIPEWORK - PIPES,01 CLAY PIPES,"300 mm pipes; in trench, depth",2.50-3.00 m deep,m,227.61,31.61,126.82,0,386.04,15,386.05,-0.01
1982,CLASS I: PIPEWORK - PIPES,01 CLAY PIPES,"300 mm pipes; in trench, depth",extra for bend,nr,52.02,0,442.54,0,494.56,6,494.56,0.0
1983,CLASS I: PIPEWORK - PIPES,01 CLAY PIPES,"300 mm pipes; in trench, depth",extra for single junction,nr,49.85,0,834.96,0,884.81,6,884.82,-0.01
1985,CLASS I: PIPEWORK - PIPES,01 CLAY PIPES,"Vitrified clay pipes to BS EN295, plain ends with push-fit polypropylene flexible couplings; excavation and supports, backfilling; 100 mm pipes; in trenches, depth",not in trenches,m,20.32,0.76,25.42,0,46.5,7,46.5,0.0
1986,CLASS I: PIPEWORK - PIPES,01 CLAY PIPES,"Vitrified clay pipes to BS EN295, plain ends with push-fit polypropylene flexible couplings; excavation and supports, backfilling; 100 mm pipes; in trenches, depth",ne 1.50 m deep,m,47.69,22.53,25.42,0,95.64,7,95.65,-0.01
1987,CLASS I: PIPEWORK - PIPES,01 CLAY PIPES,"Vitrified clay pipes to BS EN295, plain ends with push-fit polypropylene flexible couplings; excavation and supports, backfilling; 100 mm pipes; in trenches, depth",1.50-2.00 m deep,m,54.2,29.03,25.42,0,108.65,7,108.66,-0.01
1988,CLASS I: PIPEWORK - PIPES,01 CLAY PIPES,"Vitrified clay pipes to BS EN295, plain ends with push-fit polypropylene flexible couplings; excavation and supports, backfilling; 100 mm pipes; in trenches, depth",2.00-2.50 m deep,m,65.02,36.69,25.42,0,127.13,7,127.14,-0.01
1989,CLASS I: PIPEWORK - PIPES,01 CLAY PIPES,"Vitrified clay pipes to BS EN295, plain ends with push-fit polypropylene flexible couplings; excavation and supports, backfilling; 100 mm pipes; in trenches, depth",2.50-3.00 m deep,m,75.87,44.38,25.42,0,145.67,7,145.67,0.0
1990,CLASS I: PIPEWORK - PIPES,01 CLAY PIPES,"Vitrified clay pipes to BS EN295, plain ends with push-fit polypropylene flexible couplings; excavation and supports, backfilling; 100 mm pipes; in trenches, depth",3.00-3.50 m deep,m,93.21,55.09,25.42,0,173.72,7,173.73,-0.01
1991,CLASS I: PIPEWORK - PIPES,01 CLAY PIPES,"Vitrified clay pipes to BS EN295, plain ends with push-fit polypropylene flexible couplings; excavation and supports, backfilling; 100 mm pipes; in trenches, depth",3.50-4.00 m deep,m,108.38,67.38,25.42,0,201.18,7,201.19,-0.01
1992,CLASS I: PIPEWORK - PIPES,01 CLAY PIPES,"Vitrified clay pipes to BS EN295, plain ends with push-fit polypropylene flexible couplings; excavation and supports, backfilling; 100 mm pipes; in trenches, depth",4.00-4.50 m deep,m,130.07,84.23,25.42,0,239.72,7,239.72,0.0
1993,CLASS I: PIPEWORK - PIPES,01 CLAY PIPES,"Vitrified clay pipes to BS EN295, plain ends with push-fit polypropylene flexible couplings; excavation and supports, backfilling; 100 mm pipes; in trenches, depth",4.50-5.00 m deep,m,166.91,107.3,25.42,0,299.63,7,299.64,-0.01
1994,CLASS I: PIPEWORK - PIPES,01 CLAY PIPES,"Vitrified clay pipes to BS EN295, plain ends with push-fit polypropylene flexible couplings; excavation and supports, backfilling; 100 mm pipes; in trenches, depth",5.00-5.50 m deep,m,210.26,137.99,25.42,0,373.67,7,373.67,0.0
1995,CLASS I: PIPEWORK - PIPES,01 CLAY PIPES,"Vitrified clay pipes to BS EN295, plain ends with push-fit polypropylene flexible couplings; excavation and supports, backfilling; 100 mm pipes; in trenches, depth",extra for bend,nr,10.83,0,94.37,0,105.2,5,105.21,-0.01
1996,CLASS I: PIPEWORK - PIPES,01 CLAY PIPES,"Vitrified clay pipes to BS EN295, plain ends with push-fit polypropylene flexible couplings; excavation and supports, backfilling; 100 mm pipes; in trenches, depth",extra for rest bend,nr,13.01,0,129.01,0,142.02,5,142.01,0.01
1997,CLASS I: PIPEWORK - PIPES,01 CLAY PIPES,"Vitrified clay pipes to BS EN295, plain ends with push-fit polypropylene flexible couplings; excavation and supports, backfilling; 100 mm pipes; in trenches, depth",extra for single junction; equal,nr,19.52,0,134.68,0,154.2,5,154.2,0.0
1998,CLASS I: PIPEWORK - PIPES,01 CLAY PIPES,"Vitrified clay pipes to BS EN295, plain ends with push-fit polypropylene flexible couplings; excavation and supports, backfilling; 100 mm pipes; in trenches, depth",extra for saddle; oblique,nr,49.85,0,88.04,0,137.89,5,137.9,-0.01
2000,CLASS I: PIPEWORK - PIPES,01 CLAY PIPES,"150 mm pipes; in trenches, depth",not in trenches,m,37.93,0.76,41.89,0,80.58,7,80.56,0.02
2001,CLASS I: PIPEWORK - PIPES,01 CLAY PIPES,"150 mm pipes; in trenches, depth",ne 1.50 m deep,m,69.37,25.96,41.89,0,137.22,7,137.22,0.0
2002,CLASS I: PIPEWORK - PIPES,01 CLAY PIPES,"150 mm pipes; in trenches, depth",1.50-2.00 m deep,m,43.36,30.58,41.89,0,115.83,7,115.83,0.0
2003,CLASS I: PIPEWORK - PIPES,01 CLAY PIPES,"150 mm pipes; in trenches, depth",2.00-2.50 m deep,m,67.21,36.69,41.89,0,145.79,7,145.79,0.0
2004,CLASS I: PIPEWORK - PIPES,01 CLAY PIPES,"150 mm pipes; in trenches, depth",2.50-3.00 m deep,m,75.87,44.38,41.89,0,162.14,7,162.13,0.01
2005,CLASS I: PIPEWORK - PIPES,01 CLAY PIPES,"150 mm pipes; in trenches, depth",3.00-3.50 m deep,m,84.55,59.67,41.89,0,186.11,7,186.09,0.02
2006,CLASS I: PIPEWORK - PIPES,01 CLAY PIPES,"150 mm pipes; in trenches, depth",3.50-4.00 m deep,m,97.54,68.92,41.89,0,208.35,7,208.36,-0.01
2007,CLASS I: PIPEWORK - PIPES,01 CLAY PIPES,"150 mm pipes; in trenches, depth",4.00-4.50 m deep,m,125.72,88.81,41.89,0,256.42,7,256.41,0.01
2008,CLASS I: PIPEWORK - PIPES,01 CLAY PIPES,"150 mm pipes; in trenches, depth",4.50-5.00 m deep,m,162.59,114.91,41.89,0,319.39,7,319.38,0.01
2009,CLASS I: PIPEWORK - PIPES,01 CLAY PIPES,"150 mm pipes; in trenches, depth",5.00-5.50 m deep,m,208.1,147.16,41.89,0,397.15,7,397.14,0.01
2010,CLASS I: PIPEWORK - PIPES,01 CLAY PIPES,"150 mm pipes; in trenches, depth",extra for bend,nr,32.51,0,141.63,0,174.14,5,174.15,-0.01
2011,CLASS I: PIPEWORK - PIPES,01 CLAY PIPES,"150 mm pipes; in trenches, depth",extra for rest bend,nr,19.52,0,175.29,0,194.81,5,194.81,0.0
2012,CLASS I: PIPEWORK - PIPES,01 CLAY PIPES,"150 mm pipes; in trenches, depth",extra for single junction; equal,nr,23.85,0,226.56,0,250.41,5,250.4,0.01
2013,CLASS I: PIPEWORK - PIPES,01 CLAY PIPES,"150 mm pipes; in trenches, depth",extra for taper reducer,nr,15.17,0,211.65,0,226.82,5,226.82,0.0
2014,CLASS I: PIPEWORK - PIPES,01 CLAY PIPES,"150 mm pipes; in trenches, depth",extra for saddle; oblique,nr,62.87,0,137.43,0,200.3,5,200.29,0.01
2016,CLASS I: PIPEWORK - PIPES,01 CLAY PIPES,"Vitrified clay pipes to BS EN295, plain ends with push-fit polypropylene flexible couplings; 225 mm pipes; in trenches, depth",not in trenches,m,112.39,1.04,74.76,0,188.19,7,188.19,0.0
2017,CLASS I: PIPEWORK - PIPES,01 CLAY PIPES,"Vitrified clay pipes to BS EN295, plain ends with push-fit polypropylene flexible couplings; 225 mm pipes; in trenches, depth",ne 1.50 m deep,m,147.4,27.5,74.76,0,249.66,7,249.66,0.0
2018,CLASS I: PIPEWORK - PIPES,01 CLAY PIPES,"Vitrified clay pipes to BS EN295, plain ends with push-fit polypropylene flexible couplings; 225 mm pipes; in trenches, depth",1.50-2.00 m deep,m,151.74,33.66,74.76,0,260.16,7,260.17,-0.01
2019,CLASS I: PIPEWORK - PIPES,01 CLAY PIPES,"Vitrified clay pipes to BS EN295, plain ends with push-fit polypropylene flexible couplings; 225 mm pipes; in trenches, depth",2.00-2.50 m deep,m,162.59,39.78,74.76,0,277.13,7,277.13,0.0
2020,CLASS I: PIPEWORK - PIPES,01 CLAY PIPES,"Vitrified clay pipes to BS EN295, plain ends with push-fit polypropylene flexible couplings; 225 mm pipes; in trenches, depth",2.50-3.00 m deep,m,173.41,45.85,74.76,0,294.02,7,294.02,0.0
2021,CLASS I: PIPEWORK - PIPES,01 CLAY PIPES,"Vitrified clay pipes to BS EN295, plain ends with push-fit polypropylene flexible couplings; 225 mm pipes; in trenches, depth",3.00-3.50 m deep,m,195.1,62.76,74.76,0,332.62,7,332.61,0.01
2022,CLASS I: PIPEWORK - PIPES,01 CLAY PIPES,"Vitrified clay pipes to BS EN295, plain ends with push-fit polypropylene flexible couplings; 225 mm pipes; in trenches, depth",3.50-4.00 m deep,m,208.1,71.96,74.76,0,354.82,7,354.81,0.01
2023,CLASS I: PIPEWORK - PIPES,01 CLAY PIPES,"Vitrified clay pipes to BS EN295, plain ends with push-fit polypropylene flexible couplings; 225 mm pipes; in trenches, depth",4.00-4.50 m deep,m,249.29,99.58,74.76,0,423.63,7,423.62,0.01
2024,CLASS I: PIPEWORK - PIPES,01 CLAY PIPES,"Vitrified clay pipes to BS EN295, plain ends with push-fit polypropylene flexible couplings; 225 mm pipes; in trenches, depth",4.50-5.00 m deep,m,281.8,122.59,74.76,0,479.15,7,479.14,0.01
2025,CLASS I: PIPEWORK - PIPES,01 CLAY PIPES,"Vitrified clay pipes to BS EN295, plain ends with push-fit polypropylene flexible couplings; 225 mm pipes; in trenches, depth",5.00-5.50 m deep,m,325.16,156.39,74.76,0,556.31,7,556.3,0.01
2026,CLASS I: PIPEWORK - PIPES,01 CLAY PIPES,"Vitrified clay pipes to BS EN295, plain ends with push-fit polypropylene flexible couplings; 225 mm pipes; in trenches, depth",extra for bend,nr,21.69,0,415.39,0,437.08,5,437.07,0.01
2027,CLASS I: PIPEWORK - PIPES,01 CLAY PIPES,"Vitrified clay pipes to BS EN295, plain ends with push-fit polypropylene flexible couplings; 225 mm pipes; in trenches, depth",extra for rest bend,nr,23.85,0,411.03,0,434.88,5,434.88,0.0
2028,CLASS I: PIPEWORK - PIPES,01 CLAY PIPES,"Vitrified clay pipes to BS EN295, plain ends with push-fit polypropylene flexible couplings; 225 mm pipes; in trenches, depth",extra for single junction; equal,nr,34.68,0,486.49,0,521.17,5,521.18,-0.01
2029,CLASS I: PIPEWORK - PIPES,01 CLAY PIPES,"Vitrified clay pipes to BS EN295, plain ends with push-fit polypropylene flexible couplings; 225 mm pipes; in trenches, depth",extra for taper reducer,nr,26.02,0,389.32,0,415.34,5,415.33,0.01
2030,CLASS I: PIPEWORK - PIPES,01 CLAY PIPES,"Vitrified clay pipes to BS EN295, plain ends with push-fit polypropylene flexible couplings; 225 mm pipes; in trenches, depth",extra for saddle; oblique,nr,78.03,0,391.01,0,469.04,5,469.04,0.0
2032,CLASS I: PIPEWORK - PIPES,01 CLAY PIPES,"300 mm pipes; in trenches, depth",not in trenches,m,121.85,1.32,154.69,0,277.86,7,277.87,-0.01
2033,CLASS I: PIPEWORK - PIPES,01 CLAY PIPES,"300 mm pipes; in trenches, depth",ne 1.50 m deep,m,156.07,28.99,154.69,0,339.75,7,339.75,0.0
2034,CLASS I: PIPEWORK - PIPES,01 CLAY PIPES,"300 mm pipes; in trenches, depth",1.50-2.00 m deep,m,166.91,36.69,154.69,0,358.29,7,358.3,-0.01
2035,CLASS I: PIPEWORK - PIPES,01 CLAY PIPES,"300 mm pipes; in trenches, depth",2.00-2.50 m deep,m,177.76,42.81,154.69,0,375.26,7,375.26,0.0
2036,CLASS I: PIPEWORK - PIPES,01 CLAY PIPES,"300 mm pipes; in trenches, depth",2.50-3.00 m deep,m,184.25,48.95,154.69,0,387.89,7,387.89,0.0
2037,CLASS I: PIPEWORK - PIPES,01 CLAY PIPES,"300 mm pipes; in trenches, depth",3.00-3.50 m deep,m,205.93,64.31,154.69,0,424.93,7,424.92,0.01
2038,CLASS I: PIPEWORK - PIPES,01 CLAY PIPES,"300 mm pipes; in trenches, depth",3.50-4.00 m deep,m,227.61,79.63,154.69,0,461.93,7,461.92,0.01
2039,CLASS I: PIPEWORK - PIPES,01 CLAY PIPES,"300 mm pipes; in trenches, depth",4.00-4.50 m deep,m,266.63,107.26,154.69,0,528.58,7,528.57,0.01
2040,CLASS I: PIPEWORK - PIPES,01 CLAY PIPES,"300 mm pipes; in trenches, depth",4.50-5.00 m deep,m,314.31,137.95,154.69,0,606.95,7,606.95,0.0
2041,CLASS I: PIPEWORK - PIPES,01 CLAY PIPES,"300 mm pipes; in trenches, depth",5.00-5.50 m deep,m,357.67,171.68,154.69,0,684.04,7,684.04,0.0
2042,CLASS I: PIPEWORK - PIPES,01 CLAY PIPES,"300 mm pipes; in trenches, depth",extra for bend,nr,32.51,0,585.76,0,618.27,5,618.28,-0.01
2043,CLASS I: PIPEWORK - PIPES,01 CLAY PIPES,"300 mm pipes; in trenches, depth",extra for rest bend,nr,34.68,0,1024.44,0,1059.12,5,1059.13,-0.01
2044,CLASS I: PIPEWORK - PIPES,01 CLAY PIPES,"300 mm pipes; in trenches, depth",extra for single junction; equal,nr,41.19,0,1171.83,0,1213.02,5,1213.01,0.01
2045,CLASS I: PIPEWORK - PIPES,01 CLAY PIPES,"300 mm pipes; in trenches, depth",extra for saddle; oblique,nr,95.38,0,695.63,0,791.01,5,791.01,0.0
2047,CLASS I: PIPEWORK - PIPES,01 CLAY PIPES,"Vitrified clay pipes to BS EN295, spigot and socket joints with sealing ring; excavation and supports, backfilling; 100 mm pipes; in trenches, depth",not in trenches,m,8.13,0.86,16.84,0,25.83,7,25.83,0.0
2048,CLASS I: PIPEWORK - PIPES,01 CLAY PIPES,"Vitrified clay pipes to BS EN295, spigot and socket joints with sealing ring; excavation and supports, backfilling; 100 mm pipes; in trenches, depth",ne 1.50 m deep,m,32.51,23.19,16.84,0,72.54,7,72.55,-0.01
2049,CLASS I: PIPEWORK - PIPES,01 CLAY PIPES,"Vitrified clay pipes to BS EN295, spigot and socket joints with sealing ring; excavation and supports, backfilling; 100 mm pipes; in trenches, depth",1.50-2.00 m deep,m,41.19,29.03,16.84,0,87.06,7,87.06,0.0
2050,CLASS I: PIPEWORK - PIPES,01 CLAY PIPES,"Vitrified clay pipes to BS EN295, spigot and socket joints with sealing ring; excavation and supports, backfilling; 100 mm pipes; in trenches, depth",2.00-2.50 m deep,m,52.01,36.69,16.84,0,105.54,7,105.55,-0.01
2051,CLASS I: PIPEWORK - PIPES,01 CLAY PIPES,"Vitrified clay pipes to BS EN295, spigot and socket joints with sealing ring; excavation and supports, backfilling; 100 mm pipes; in trenches, depth",2.50-3.00 m deep,m,62.87,44.38,16.84,0,124.09,7,124.08,0.01
2052,CLASS I: PIPEWORK - PIPES,01 CLAY PIPES,"Vitrified clay pipes to BS EN295, spigot and socket joints with sealing ring; excavation and supports, backfilling; 100 mm pipes; in trenches, depth",3.00-3.50 m deep,m,78.03,55.09,16.84,0,149.96,7,149.96,0.0
2053,CLASS I: PIPEWORK - PIPES,01 CLAY PIPES,"Vitrified clay pipes to BS EN295, spigot and socket joints with sealing ring; excavation and supports, backfilling; 100 mm pipes; in trenches, depth",3.50-4.00 m deep,m,95.38,67.38,16.84,0,179.6,7,179.6,0.0
2054,CLASS I: PIPEWORK - PIPES,01 CLAY PIPES,"Vitrified clay pipes to BS EN295, spigot and socket joints with sealing ring; excavation and supports, backfilling; 100 mm pipes; in trenches, depth",4.00-4.50 m deep,m,119.22,84.23,16.84,0,220.29,7,220.3,-0.01
2055,CLASS I: PIPEWORK - PIPES,01 CLAY PIPES,"Vitrified clay pipes to BS EN295, spigot and socket joints with sealing ring; excavation and supports, backfilling; 100 mm pipes; in trenches, depth",4.50-5.00 m deep,m,151.74,107.3,16.84,0,275.88,7,275.89,-0.01
2056,CLASS I: PIPEWORK - PIPES,01 CLAY PIPES,"Vitrified clay pipes to BS EN295, spigot and socket joints with sealing ring; excavation and supports, backfilling; 100 mm pipes; in trenches, depth",5.00-5.50 m deep,m,195.1,137.99,16.84,0,349.93,7,349.92,0.01
2057,CLASS I: PIPEWORK - PIPES,01 CLAY PIPES,"Vitrified clay pipes to BS EN295, spigot and socket joints with sealing ring; excavation and supports, backfilling; 100 mm pipes; in trenches, depth",extra for bend,nr,10.83,0,71.04,0,81.87,5,81.88,-0.01
2058,CLASS I: PIPEWORK - PIPES,01 CLAY PIPES,"Vitrified clay pipes to BS EN295, spigot and socket joints with sealing ring; excavation and supports, backfilling; 100 mm pipes; in trenches, depth",extra for rest bend,nr,26.02,0,52.87,0,78.89,5,78.88,0.01
2059,CLASS I: PIPEWORK - PIPES,01 CLAY PIPES,"Vitrified clay pipes to BS EN295, spigot and socket joints with sealing ring; excavation and supports, backfilling; 100 mm pipes; in trenches, depth",extra for single junction; equal,nr,19.52,0,53.18,0,72.7,5,72.7,0.0
2060,CLASS I: PIPEWORK - PIPES,01 CLAY PIPES,"Vitrified clay pipes to BS EN295, spigot and socket joints with sealing ring; excavation and supports, backfilling; 100 mm pipes; in trenches, depth",extra for saddle; oblique,nr,49.85,0,58.21,0,108.06,5,108.07,-0.01
2062,CLASS I: PIPEWORK - PIPES,01 CLAY PIPES,"150 mm pipes; in trenches, depth",not in trenches,m,8.13,0.76,25.66,0,34.55,7,34.54,0.01
2063,CLASS I: PIPEWORK - PIPES,01 CLAY PIPES,"150 mm pipes; in trenches, depth",ne 1.50 m deep,m,36.84,25.96,25.66,0,88.46,7,88.47,-0.01
2064,CLASS I: PIPEWORK - PIPES,01 CLAY PIPES,"150 mm pipes; in trenches, depth",1.50-2.00 m deep,m,43.36,30.58,25.66,0,99.6,7,99.6,0.0
2065,CLASS I: PIPEWORK - PIPES,01 CLAY PIPES,"150 mm pipes; in trenches, depth",2.00-2.50 m deep,m,52.01,36.69,25.66,0,114.36,7,114.37,-0.01
2066,CLASS I: PIPEWORK - PIPES,01 CLAY PIPES,"150 mm pipes; in trenches, depth",2.50-3.00 m deep,m,62.87,44.38,25.66,0,132.91,7,132.9,0.01
2067,CLASS I: PIPEWORK - PIPES,01 CLAY PIPES,"150 mm pipes; in trenches, depth",3.00-3.50 m deep,m,84.55,59.67,25.66,0,169.88,7,169.86,0.02
2068,CLASS I: PIPEWORK - PIPES,01 CLAY PIPES,"150 mm pipes; in trenches, depth",3.50-4.00 m deep,m,97.54,68.92,25.66,0,192.12,7,192.13,-0.01
2069,CLASS I: PIPEWORK - PIPES,01 CLAY PIPES,"150 mm pipes; in trenches, depth",4.00-4.50 m deep,m,125.72,88.81,25.66,0,240.19,7,240.18,0.01
2070,CLASS I: PIPEWORK - PIPES,01 CLAY PIPES,"150 mm pipes; in trenches, depth",4.50-5.00 m deep,m,162.59,114.91,25.66,0,303.16,7,303.15,0.01
2071,CLASS I: PIPEWORK - PIPES,01 CLAY PIPES,"150 mm pipes; in trenches, depth",5.00-5.50 m deep,m,208.1,147.16,25.66,0,380.92,7,380.91,0.01
2072,CLASS I: PIPEWORK - PIPES,01 CLAY PIPES,"150 mm pipes; in trenches, depth",extra for bend,nr,17.34,0,94.18,0,111.52,5,111.52,0.0
2073,CLASS I: PIPEWORK - PIPES,01 CLAY PIPES,"150 mm pipes; in trenches, depth",extra for rest bend,nr,19.52,0,70.55,0,90.07,5,90.07,0.0
2074,CLASS I: PIPEWORK - PIPES,01 CLAY PIPES,"150 mm pipes; in trenches, depth",extra for single junction; equal,nr,23.85,0,88.04,0,111.89,5,111.89,0.0
2075,CLASS I: PIPEWORK - PIPES,01 CLAY PIPES,"150 mm pipes; in trenches, depth",extra for double junction; equal,nr,28.17,0,132.81,0,160.98,5,160.98,0.0
2076,CLASS I: PIPEWORK - PIPES,01 CLAY PIPES,"150 mm pipes; in trenches, depth",extra for taper reducer,nr,15.17,0,120.41,0,135.58,5,135.58,0.0
2077,CLASS I: PIPEWORK - PIPES,01 CLAY PIPES,"150 mm pipes; in trenches, depth",extra for saddle; oblique,nr,62.87,0,86.59,0,149.46,5,149.45,0.01
2079,CLASS I: PIPEWORK - PIPES,01 CLAY PIPES,"225 mm pipes; in trenches, depth",not in trenches,m,10.83,1.04,57.6,0,69.47,7,69.49,-0.02
2080,CLASS I: PIPEWORK - PIPES,01 CLAY PIPES,"225 mm pipes; in trenches, depth",ne 1.50 m deep,m,39.02,27.5,57.6,0,124.12,7,124.12,0.0
2081,CLASS I: PIPEWORK - PIPES,01 CLAY PIPES,"225 mm pipes; in trenches, depth",1.50-2.00 m deep,m,47.69,33.66,57.6,0,138.95,7,138.96,-0.01
2082,CLASS I: PIPEWORK - PIPES,01 CLAY PIPES,"225 mm pipes; in trenches, depth",2.00-2.50 m deep,m,56.36,39.78,57.6,0,153.74,7,153.75,-0.01
2083,CLASS I: PIPEWORK - PIPES,01 CLAY PIPES,"225 mm pipes; in trenches, depth",2.50-3.00 m deep,m,65.02,45.85,57.6,0,168.47,7,168.48,-0.01
2084,CLASS I: PIPEWORK - PIPES,01 CLAY PIPES,"225 mm pipes; in trenches, depth",3.00-3.50 m deep,m,88.87,62.76,57.6,0,209.23,7,209.24,-0.01
2085,CLASS I: PIPEWORK - PIPES,01 CLAY PIPES,"225 mm pipes; in trenches, depth",3.50-4.00 m deep,m,101.87,71.9,57.6,0,231.37,7,231.39,-0.02
2086,CLASS I: PIPEWORK - PIPES,01 CLAY PIPES,"225 mm pipes; in trenches, depth",4.00-4.50 m deep,m,140.91,99.58,57.6,0,298.09,7,298.08,0.01
2087,CLASS I: PIPEWORK - PIPES,01 CLAY PIPES,"225 mm pipes; in trenches, depth",4.50-5.00 m deep,m,173.41,122.59,57.6,0,353.6,7,353.6,0.0
2088,CLASS I: PIPEWORK - PIPES,01 CLAY PIPES,"225 mm pipes; in trenches, depth",5.00-5.50 m deep,m,221.11,156.39,57.6,0,435.1,7,435.09,0.01
2089,CLASS I: PIPEWORK - PIPES,01 CLAY PIPES,"225 mm pipes; in trenches, depth",extra for bend,nr,21.69,0,311.29,0,332.98,5,332.97,0.01
2090,CLASS I: PIPEWORK - PIPES,01 CLAY PIPES,"225 mm pipes; in trenches, depth",extra for rest bend,nr,23.85,0,306.1,0,329.95,5,329.95,0.0
2091,CLASS I: PIPEWORK - PIPES,01 CLAY PIPES,"225 mm pipes; in trenches, depth",extra for single junction; equal,nr,179.93,0,253.48,0,433.41,5,433.4,0.01
2092,CLASS I: PIPEWORK - PIPES,01 CLAY PIPES,"225 mm pipes; in trenches, depth",extra for double junction; equal,nr,39.02,0,405.51,0,444.53,5,444.53,0.0
2093,CLASS I: PIPEWORK - PIPES,01 CLAY PIPES,"225 mm pipes; in trenches, depth",extra for taper reducer,nr,26.02,0,267.78,0,293.8,5,293.79,0.01
2094,CLASS I: PIPEWORK - PIPES,01 CLAY PIPES,"225 mm pipes; in trenches, depth",extra for saddle; oblique,nr,78.03,0,322.15,0,400.18,5,400.18,0.0
2096,CLASS I: PIPEWORK - PIPES,01 CLAY PIPES,"300 mm pipes; in trenches, depth",not in trenches,m,20.32,1.32,63.56,0,85.2,7,85.19,0.01
2097,CLASS I: PIPEWORK - PIPES,01 CLAY PIPES,"300 mm pipes; in trenches, depth",ne 1.50 m deep,m,49.85,28.99,63.56,0,142.4,7,142.4,0.0
2098,CLASS I: PIPEWORK - PIPES,01 CLAY PIPES,"300 mm pipes; in trenches, depth",1.50-2.00 m deep,m,58.53,36.69,63.56,0,158.78,7,158.78,0.0
2099,CLASS I: PIPEWORK - PIPES,01 CLAY PIPES,"300 mm pipes; in trenches, depth",2.00-2.50 m deep,m,69.37,42.81,63.56,0,175.74,7,175.74,0.0
2100,CLASS I: PIPEWORK - PIPES,01 CLAY PIPES,"300 mm pipes; in trenches, depth",2.50-3.00 m deep,m,75.87,48.95,63.56,0,188.38,7,188.37,0.01
2101,CLASS I: PIPEWORK - PIPES,01 CLAY PIPES,"300 mm pipes; in trenches, depth",3.00-3.50 m deep,m,91.04,64.31,63.56,0,218.91,7,218.91,0.0
2102,CLASS I: PIPEWORK - PIPES,01 CLAY PIPES,"300 mm pipes; in trenches, depth",3.50-4.00 m deep,m,112.71,79.63,63.56,0,255.9,7,255.9,0.0
2103,CLASS I: PIPEWORK - PIPES,01 CLAY PIPES,"300 mm pipes; in trenches, depth",4.00-4.50 m deep,m,151.74,107.26,63.56,0,322.56,7,322.56,0.0
2105,CLASS I: PIPEWORK - PIPES,01 CLAY PIPES,"Vitrified clay pipes to BS EN295, spigot and socket joints; 300 mm pipes; in trenches, depth (continued)",4.50-5.00 m deep,m,195.1,137.95,63.56,0,396.61,7,396.59,0.02
2106,CLASS I: PIPEWORK - PIPES,01 CLAY PIPES,"Vitrified clay pipes to BS EN295, spigot and socket joints; 300 mm pipes; in trenches, depth (continued)",5.00-5.50 m deep,m,242.77,171.68,63.56,0,478.01,7,478.02,-0.01
2107,CLASS I: PIPEWORK - PIPES,01 CLAY PIPES,"Vitrified clay pipes to BS EN295, spigot and socket joints; 300 mm pipes; in trenches, depth (continued)",extra for bend,nr,32.51,0,574.13,0,606.64,5,606.65,-0.01
2108,CLASS I: PIPEWORK - PIPES,01 CLAY PIPES,"Vitrified clay pipes to BS EN295, spigot and socket joints; 300 mm pipes; in trenches, depth (continued)",extra for rest bend,nr,34.68,0,809.05,0,843.73,5,843.73,0.0
2109,CLASS I: PIPEWORK - PIPES,01 CLAY PIPES,"Vitrified clay pipes to BS EN295, spigot and socket joints; 300 mm pipes; in trenches, depth (continued)",extra for single junction; equal,nr,41.19,0,809.05,0,850.24,5,850.23,0.01
2110,CLASS I: PIPEWORK - PIPES,01 CLAY PIPES,"Vitrified clay pipes to BS EN295, spigot and socket joints; 300 mm pipes; in trenches, depth (continued)",extra for double junction; equal,nr,45.53,0,930.8,0,976.33,5,976.32,0.01
2111,CLASS I: PIPEWORK - PIPES,01 CLAY PIPES,"Vitrified clay pipes to BS EN295, spigot and socket joints; 300 mm pipes; in trenches, depth (continued)",extra for taper reducer,nr,32.51,0,528.36,0,560.87,5,560.88,-0.01
2112,CLASS I: PIPEWORK - PIPES,01 CLAY PIPES,"Vitrified clay pipes to BS EN295, spigot and socket joints; 300 mm pipes; in trenches, depth (continued)",extra for saddle; oblique,nr,95.38,0,560.52,0,655.9,5,655.9,0.0
2114,CLASS I: PIPEWORK - PIPES,01 CLAY PIPES,"400 mm pipes; in trenches, depth",not in trenches,m,13.54,1.32,231.65,0,246.51,7,246.51,0.0
2115,CLASS I: PIPEWORK - PIPES,01 CLAY PIPES,"400 mm pipes; in trenches, depth",ne 1.50 m deep,m,49.85,35.1,231.65,0,316.6,7,316.6,0.0
2116,CLASS I: PIPEWORK - PIPES,01 CLAY PIPES,"400 mm pipes; in trenches, depth",1.50-2.00 m deep,m,62.87,44.36,231.65,0,338.88,7,338.86,0.02
2117,CLASS I: PIPEWORK - PIPES,01 CLAY PIPES,"400 mm pipes; in trenches, depth",2.00-2.50 m deep,m,69.37,48.93,231.65,0,349.95,7,349.94,0.01
2118,CLASS I: PIPEWORK - PIPES,01 CLAY PIPES,"400 mm pipes; in trenches, depth",2.50-3.00 m deep,m,82.38,58.17,231.65,0,372.2,7,372.19,0.01
2119,CLASS I: PIPEWORK - PIPES,01 CLAY PIPES,"400 mm pipes; in trenches, depth",3.00-3.50 m deep,m,99.71,70.43,231.65,0,401.79,7,401.79,0.0
2120,CLASS I: PIPEWORK - PIPES,01 CLAY PIPES,"400 mm pipes; in trenches, depth",3.50-4.00 m deep,m,125.72,88.78,231.65,0,446.15,7,446.15,0.0
2121,CLASS I: PIPEWORK - PIPES,01 CLAY PIPES,"400 mm pipes; in trenches, depth",4.00-4.50 m deep,m,162.59,114.86,231.65,0,509.1,7,509.09,0.01
2122,CLASS I: PIPEWORK - PIPES,01 CLAY PIPES,"400 mm pipes; in trenches, depth",4.50-5.00 m deep,m,205.93,145.55,231.65,0,583.13,7,583.13,0.0
2123,CLASS I: PIPEWORK - PIPES,01 CLAY PIPES,"400 mm pipes; in trenches, depth",5.00-5.50 m deep,m,260.13,183.94,231.65,0,675.72,7,675.72,0.0
2124,CLASS I: PIPEWORK - PIPES,01 CLAY PIPES,"400 mm pipes; in trenches, depth",extra for bend; 90 degree,nr,52.01,0,1459.17,0,1511.18,5,1511.19,-0.01
2125,CLASS I: PIPEWORK - PIPES,01 CLAY PIPES,"400 mm pipes; in trenches, depth",extra for bend; 45 degree,nr,52.01,0,1460.6,0,1512.61,5,1512.62,-0.01
2126,CLASS I: PIPEWORK - PIPES,01 CLAY PIPES,"400 mm pipes; in trenches, depth",extra for bend; 22.5 degree,nr,52.01,0,1460.64,0,1512.65,5,1512.66,-0.01
2128,CLASS I: PIPEWORK - PIPES,01 CLAY PIPES,"450 mm pipes; in trenches, depth",not in trenches,m,31.14,2.98,259.21,0,293.33,7,293.33,0.0
2129,CLASS I: PIPEWORK - PIPES,01 CLAY PIPES,"450 mm pipes; in trenches, depth",ne 1.50 m deep,m,49.85,35.1,259.21,0,344.16,7,344.16,0.0
2130,CLASS I: PIPEWORK - PIPES,01 CLAY PIPES,"450 mm pipes; in trenches, depth",1.50-2.00 m deep,m,65.02,45.83,259.21,0,370.06,7,370.06,0.0
2131,CLASS I: PIPEWORK - PIPES,01 CLAY PIPES,"450 mm pipes; in trenches, depth",2.00-2.50 m deep,m,69.37,48.93,259.21,0,377.51,7,377.51,0.0
2132,CLASS I: PIPEWORK - PIPES,01 CLAY PIPES,"450 mm pipes; in trenches, depth",2.50-3.00 m deep,m,82.38,58.17,259.21,0,399.76,7,399.75,0.01
2133,CLASS I: PIPEWORK - PIPES,01 CLAY PIPES,"450 mm pipes; in trenches, depth",3.00-3.50 m deep,m,101.87,71.9,259.21,0,432.98,7,432.99,-0.01
2134,CLASS I: PIPEWORK - PIPES,01 CLAY PIPES,"450 mm pipes; in trenches, depth",3.50-4.00 m deep,m,130.07,91.88,259.21,0,481.16,7,481.15,0.01
2135,CLASS I: PIPEWORK - PIPES,01 CLAY PIPES,"450 mm pipes; in trenches, depth",4.00-4.50 m deep,m,166.91,117.95,259.21,0,544.07,7,544.08,-0.01
2136,CLASS I: PIPEWORK - PIPES,01 CLAY PIPES,"450 mm pipes; in trenches, depth",4.50-5.00 m deep,m,210.26,148.65,259.21,0,618.12,7,618.12,0.0
2137,CLASS I: PIPEWORK - PIPES,01 CLAY PIPES,"450 mm pipes; in trenches, depth",5.00-5.50 m deep,m,260.13,183.94,259.21,0,703.28,7,703.29,-0.01
2138,CLASS I: PIPEWORK - PIPES,01 CLAY PIPES,"450 mm pipes; in trenches, depth",extra for bend; 90 degree,nr,62.87,0,1923.37,0,1986.24,5,1986.23,0.01
2139,CLASS I: PIPEWORK - PIPES,01 CLAY PIPES,"450 mm pipes; in trenches, depth",extra for bend; 45 degree,nr,62.87,0,1923.37,0,1986.24,5,1986.23,0.01
2140,CLASS I: PIPEWORK - PIPES,01 CLAY PIPES,"450 mm pipes; in trenches, depth",extra for bend; 22.5 degree,nr,62.87,0,1923.37,0,1986.24,5,1986.23,0.01
2143,CLASS I: PIPEWORK - PIPES,02 CONCRETE PIPES,"Concrete porous pipes to BS 5911; excavation and supports, backfilling; 150 mm pipes; in trench, depth",not in trenches,m,8.13,0.7,12.93,0,21.76,15,21.76,0.0
2144,CLASS I: PIPEWORK - PIPES,02 CONCRETE PIPES,"Concrete porous pipes to BS 5911; excavation and supports, backfilling; 150 mm pipes; in trench, depth",ne 1.50 m deep,m,36.85,16.74,12.93,0,66.52,15,66.53,-0.01
2145,CLASS I: PIPEWORK - PIPES,02 CONCRETE PIPES,"Concrete porous pipes to BS 5911; excavation and supports, backfilling; 150 mm pipes; in trench, depth",1.50-2.00 m deep,m,43.36,19.76,12.93,0,76.05,15,76.04,0.01
2146,CLASS I: PIPEWORK - PIPES,02 CONCRETE PIPES,"Concrete porous pipes to BS 5911; excavation and supports, backfilling; 150 mm pipes; in trench, depth",2.00-2.50 m deep,m,52.02,23.69,12.93,0,88.64,15,88.65,-0.01
2147,CLASS I: PIPEWORK - PIPES,02 CONCRETE PIPES,"Concrete porous pipes to BS 5911; excavation and supports, backfilling; 150 mm pipes; in trench, depth",2.50-3.00 m deep,m,62.85,28.66,12.93,0,104.44,15,104.46,-0.02
2148,CLASS I: PIPEWORK - PIPES,02 CONCRETE PIPES,"Concrete porous pipes to BS 5911; excavation and supports, backfilling; 150 mm pipes; in trench, depth",3.00-3.50 m deep,m,84.54,38.56,12.93,0,136.03,15,136.03,0.0
2149,CLASS I: PIPEWORK - PIPES,02 CONCRETE PIPES,"Concrete porous pipes to BS 5911; excavation and supports, backfilling; 150 mm pipes; in trench, depth",3.50-4.00 m deep,m,97.55,44.54,12.93,0,155.02,15,155.02,0.0
2150,CLASS I: PIPEWORK - PIPES,02 CONCRETE PIPES,"Concrete porous pipes to BS 5911; excavation and supports, backfilling; 150 mm pipes; in trench, depth",4.00-4.50 m deep,m,125.73,57.42,12.93,0,196.08,15,196.07,0.01
2151,CLASS I: PIPEWORK - PIPES,02 CONCRETE PIPES,"Concrete porous pipes to BS 5911; excavation and supports, backfilling; 150 mm pipes; in trench, depth",4.50-5.00 m deep,m,162.59,74.3,12.93,0,249.82,15,249.82,0.0
2152,CLASS I: PIPEWORK - PIPES,02 CONCRETE PIPES,"Concrete porous pipes to BS 5911; excavation and supports, backfilling; 150 mm pipes; in trench, depth",5.00-5.50 m deep,m,208.09,95.16,12.93,0,316.18,15,316.19,-0.01
2154,CLASS I: PIPEWORK - PIPES,02 CONCRETE PIPES,"225 mm pipes; in trench, depth",not in trenches,m,10.84,0.39,14.14,0,25.37,8,25.38,-0.01
2155,CLASS I: PIPEWORK - PIPES,02 CONCRETE PIPES,"225 mm pipes; in trench, depth",ne 1.50 m deep,m,39.02,17.74,14.14,0,70.9,15,70.89,0.01
2156,CLASS I: PIPEWORK - PIPES,02 CONCRETE PIPES,"225 mm pipes; in trench, depth",1.50-2.00 m deep,m,47.7,21.73,14.14,0,83.57,15,83.57,0.0
2157,CLASS I: PIPEWORK - PIPES,02 CONCRETE PIPES,"225 mm pipes; in trench, depth",2.00-2.50 m deep,m,56.37,25.68,14.14,0,96.19,15,96.19,0.0
2158,CLASS I: PIPEWORK - PIPES,02 CONCRETE PIPES,"225 mm pipes; in trench, depth",2.50-3.00 m deep,m,65.03,29.64,14.14,0,108.81,15,108.8,0.01
2159,CLASS I: PIPEWORK - PIPES,02 CONCRETE PIPES,"225 mm pipes; in trench, depth",3.00-3.50 m deep,m,88.87,40.57,14.14,0,143.58,15,143.56,0.02
2160,CLASS I: PIPEWORK - PIPES,02 CONCRETE PIPES,"225 mm pipes; in trench, depth",3.50-4.00 m deep,m,101.87,46.5,14.14,0,162.51,15,162.52,-0.01
2161,CLASS I: PIPEWORK - PIPES,02 CONCRETE PIPES,"225 mm pipes; in trench, depth",4.00-4.50 m deep,m,140.9,64.36,14.14,0,219.4,15,219.41,-0.01
2162,CLASS I: PIPEWORK - PIPES,02 CONCRETE PIPES,"225 mm pipes; in trench, depth",4.50-5.00 m deep,m,173.41,79.27,14.14,0,266.82,15,266.81,0.01
2163,CLASS I: PIPEWORK - PIPES,02 CONCRETE PIPES,"225 mm pipes; in trench, depth",5.00-5.50 m deep,m,221.1,101.12,14.14,0,336.36,15,336.37,-0.01
2165,CLASS I: PIPEWORK - PIPES,02 CONCRETE PIPES,"300 mm pipes; in trench, depth",not in trenches,m,13.55,0.5,14.69,0,28.74,8,28.73,0.01
2166,CLASS I: PIPEWORK - PIPES,02 CONCRETE PIPES,"300 mm pipes; in trench, depth",ne 1.50 m deep,m,41.18,18.69,14.69,0,74.56,15,74.57,-0.01
2167,CLASS I: PIPEWORK - PIPES,02 CONCRETE PIPES,"300 mm pipes; in trench, depth",1.50-2.00 m deep,m,52.02,23.69,14.69,0,90.4,15,90.4,0.0
2168,CLASS I: PIPEWORK - PIPES,02 CONCRETE PIPES,"300 mm pipes; in trench, depth",2.00-2.50 m deep,m,60.69,27.64,14.69,0,103.02,15,103.03,-0.01
2169,CLASS I: PIPEWORK - PIPES,02 CONCRETE PIPES,"300 mm pipes; in trench, depth",2.50-3.00 m deep,m,69.37,31.61,14.69,0,115.67,15,115.68,-0.01
2170,CLASS I: PIPEWORK - PIPES,02 CONCRETE PIPES,"300 mm pipes; in trench, depth",3.00-3.50 m deep,m,91.05,41.56,14.69,0,147.3,15,147.29,0.01
2171,CLASS I: PIPEWORK - PIPES,02 CONCRETE PIPES,"300 mm pipes; in trench, depth",3.50-4.00 m deep,m,112.71,51.48,14.69,0,178.88,15,178.87,0.01
2172,CLASS I: PIPEWORK - PIPES,02 CONCRETE PIPES,"300 mm pipes; in trench, depth",4.00-4.50 m deep,m,151.74,69.33,14.69,0,235.76,15,235.75,0.01
2173,CLASS I: PIPEWORK - PIPES,02 CONCRETE PIPES,"300 mm pipes; in trench, depth",4.50-5.00 m deep,m,195.1,89.19,14.69,0,298.98,15,298.97,0.01
2174,CLASS I: PIPEWORK - PIPES,02 CONCRETE PIPES,"300 mm pipes; in trench, depth",5.00-5.50 m deep,m,242.77,111.04,14.69,0,368.5,15,368.5,0.0
2176,CLASS I: PIPEWORK - PIPES,02 CONCRETE PIPES,"Concrete pipes with rebated flexible joints to BS 5911 Class 120; excavation and supports, backfilling; 300 mm pipes; in trenches, depth",not in trenches,m,16.25,0.76,46.93,0,63.94,6,63.94,0.0
2177,CLASS I: PIPEWORK - PIPES,02 CONCRETE PIPES,"Concrete pipes with rebated flexible joints to BS 5911 Class 120; excavation and supports, backfilling; 300 mm pipes; in trenches, depth",ne 1.50 m deep,m,47.7,33.61,46.93,0,128.24,6,128.23,0.01
2178,CLASS I: PIPEWORK - PIPES,02 CONCRETE PIPES,"Concrete pipes with rebated flexible joints to BS 5911 Class 120; excavation and supports, backfilling; 300 mm pipes; in trenches, depth",1.50-2.00 m deep,m,56.37,39.78,46.93,0,143.08,6,143.08,0.0
2179,CLASS I: PIPEWORK - PIPES,02 CONCRETE PIPES,"Concrete pipes with rebated flexible joints to BS 5911 Class 120; excavation and supports, backfilling; 300 mm pipes; in trenches, depth",2.00-2.50 m deep,m,65.02,45.84,46.93,0,157.79,6,157.79,0.0
2180,CLASS I: PIPEWORK - PIPES,02 CONCRETE PIPES,"Concrete pipes with rebated flexible joints to BS 5911 Class 120; excavation and supports, backfilling; 300 mm pipes; in trenches, depth",2.50-3.00 m deep,m,73.71,52.04,46.93,0,172.68,6,172.67,0.01
2181,CLASS I: PIPEWORK - PIPES,02 CONCRETE PIPES,"Concrete pipes with rebated flexible joints to BS 5911 Class 120; excavation and supports, backfilling; 300 mm pipes; in trenches, depth",3.00-3.50 m deep,m,95.37,67.34,46.93,0,209.64,6,209.64,0.0
2182,CLASS I: PIPEWORK - PIPES,02 CONCRETE PIPES,"Concrete pipes with rebated flexible joints to BS 5911 Class 120; excavation and supports, backfilling; 300 mm pipes; in trenches, depth",3.50-4.00 m deep,m,121.38,85.76,46.93,0,254.07,6,254.07,0.0
2183,CLASS I: PIPEWORK - PIPES,02 CONCRETE PIPES,"Concrete pipes with rebated flexible joints to BS 5911 Class 120; excavation and supports, backfilling; 300 mm pipes; in trenches, depth",4.00-4.50 m deep,m,158.24,111.83,46.93,0,317.0,6,317.0,0.0
2184,CLASS I: PIPEWORK - PIPES,02 CONCRETE PIPES,"Concrete pipes with rebated flexible joints to BS 5911 Class 120; excavation and supports, backfilling; 300 mm pipes; in trenches, depth",4.50-5.00 m deep,m,199.44,140.98,46.93,0,387.35,6,387.35,0.0
2185,CLASS I: PIPEWORK - PIPES,02 CONCRETE PIPES,"Concrete pipes with rebated flexible joints to BS 5911 Class 120; excavation and supports, backfilling; 300 mm pipes; in trenches, depth",5.00-5.50 m deep,m,257.95,182.4,46.93,0,487.28,6,487.28,0.0
2186,CLASS I: PIPEWORK - PIPES,02 CONCRETE PIPES,"Concrete pipes with rebated flexible joints to BS 5911 Class 120; excavation and supports, backfilling; 300 mm pipes; in trenches, depth",5.50-6.00 m deep,m,307.82,217.73,46.93,0,572.48,6,572.48,0.0
2187,CLASS I: PIPEWORK - PIPES,02 CONCRETE PIPES,"Concrete pipes with rebated flexible joints to BS 5911 Class 120; excavation and supports, backfilling; 300 mm pipes; in trenches, depth",extra for bend,nr,17.34,9.89,468.68,0,495.91,6,495.91,0.0
2189,CLASS I: PIPEWORK - PIPES,02 CONCRETE PIPES,"375 mm pipes; in trenches, depth",not in trenches,m,20.32,1.94,58.04,0,80.3,8,80.29,0.01
2190,CLASS I: PIPEWORK - PIPES,02 CONCRETE PIPES,"375 mm pipes; in trenches, depth",ne 1.50 m deep,m,52.02,36.64,58.04,0,146.7,8,146.69,0.01
2191,CLASS I: PIPEWORK - PIPES,02 CONCRETE PIPES,"375 mm pipes; in trenches, depth",1.50-2.00 m deep,m,62.85,44.36,58.04,0,165.25,8,165.25,0.0
2193,CLASS I: PIPEWORK - PIPES,02 CONCRETE PIPES,"Concrete pipes with rebated flexible joints to BS 5911 Class 120; 375 mm pipes; in trenches, depth (continued)",2.00-2.50 m deep,m,71.54,50.47,58.04,0,180.05,6,180.04,0.01
2194,CLASS I: PIPEWORK - PIPES,02 CONCRETE PIPES,"Concrete pipes with rebated flexible joints to BS 5911 Class 120; 375 mm pipes; in trenches, depth (continued)",2.50-3.00 m deep,m,82.37,58.17,58.04,0,198.58,6,198.58,0.0
2195,CLASS I: PIPEWORK - PIPES,02 CONCRETE PIPES,"Concrete pipes with rebated flexible joints to BS 5911 Class 120; 375 mm pipes; in trenches, depth (continued)",3.00-3.50 m deep,m,99.7,70.43,58.04,0,228.17,6,228.18,-0.01
2196,CLASS I: PIPEWORK - PIPES,02 CONCRETE PIPES,"Concrete pipes with rebated flexible joints to BS 5911 Class 120; 375 mm pipes; in trenches, depth (continued)",3.50-4.00 m deep,m,125.72,88.78,58.04,0,272.54,6,272.54,0.0
2197,CLASS I: PIPEWORK - PIPES,02 CONCRETE PIPES,"Concrete pipes with rebated flexible joints to BS 5911 Class 120; 375 mm pipes; in trenches, depth (continued)",4.00-4.50 m deep,m,162.58,114.86,58.04,0,335.48,6,335.48,0.0
2198,CLASS I: PIPEWORK - PIPES,02 CONCRETE PIPES,"Concrete pipes with rebated flexible joints to BS 5911 Class 120; 375 mm pipes; in trenches, depth (continued)",4.50-5.00 m deep,m,205.93,145.55,58.04,0,409.52,6,409.52,0.0
2199,CLASS I: PIPEWORK - PIPES,02 CONCRETE PIPES,"Concrete pipes with rebated flexible joints to BS 5911 Class 120; 375 mm pipes; in trenches, depth (continued)",5.00-5.50 m deep,m,260.12,183.94,58.04,0,502.1,6,502.11,-0.01
2200,CLASS I: PIPEWORK - PIPES,02 CONCRETE PIPES,"Concrete pipes with rebated flexible joints to BS 5911 Class 120; 375 mm pipes; in trenches, depth (continued)",5.50-6.00 m deep,m,314.31,222.39,58.04,0,594.74,6,594.74,0.0
2201,CLASS I: PIPEWORK - PIPES,02 CONCRETE PIPES,"Concrete pipes with rebated flexible joints to BS 5911 Class 120; 375 mm pipes; in trenches, depth (continued)",extra for bend,nr,21.68,13.82,580.19,0,615.69,6,615.69,0.0
2203,CLASS I: PIPEWORK - PIPES,02 CONCRETE PIPES,"450 mm pipes; in trenches, depth",not in trenches,m,23.01,2.22,68.48,0,93.71,8,93.72,-0.01
2204,CLASS I: PIPEWORK - PIPES,02 CONCRETE PIPES,"450 mm pipes; in trenches, depth",ne 1.50 m deep,m,54.2,38.18,68.48,0,160.86,8,160.86,0.0
2205,CLASS I: PIPEWORK - PIPES,02 CONCRETE PIPES,"450 mm pipes; in trenches, depth",1.50-2.00 m deep,m,67.21,47.39,68.48,0,183.08,8,183.07,0.01
2206,CLASS I: PIPEWORK - PIPES,02 CONCRETE PIPES,"450 mm pipes; in trenches, depth",2.00-2.50 m deep,m,75.86,53.55,68.48,0,197.89,8,197.89,0.0
2207,CLASS I: PIPEWORK - PIPES,02 CONCRETE PIPES,"450 mm pipes; in trenches, depth",2.50-3.00 m deep,m,86.71,61.19,68.48,0,216.38,8,216.37,0.01
2208,CLASS I: PIPEWORK - PIPES,02 CONCRETE PIPES,"450 mm pipes; in trenches, depth",3.00-3.50 m deep,m,104.06,73.52,68.48,0,246.06,8,246.06,0.0
2209,CLASS I: PIPEWORK - PIPES,02 CONCRETE PIPES,"450 mm pipes; in trenches, depth",3.50-4.00 m deep,m,136.56,96.45,68.48,0,301.49,8,301.49,0.0
2210,CLASS I: PIPEWORK - PIPES,02 CONCRETE PIPES,"450 mm pipes; in trenches, depth",4.00-4.50 m deep,m,173.41,122.54,68.48,0,364.43,8,364.43,0.0
2211,CLASS I: PIPEWORK - PIPES,02 CONCRETE PIPES,"450 mm pipes; in trenches, depth",4.50-5.00 m deep,m,216.77,153.24,68.48,0,438.49,8,438.49,0.0
2212,CLASS I: PIPEWORK - PIPES,02 CONCRETE PIPES,"450 mm pipes; in trenches, depth",5.00-5.50 m deep,m,270.97,191.63,68.48,0,531.08,8,531.08,0.0
2213,CLASS I: PIPEWORK - PIPES,02 CONCRETE PIPES,"450 mm pipes; in trenches, depth",5.50-6.00 m deep,m,327.32,231.55,68.48,0,627.35,8,627.35,0.0
2214,CLASS I: PIPEWORK - PIPES,02 CONCRETE PIPES,"450 mm pipes; in trenches, depth",extra for bend,nr,28.17,19.8,685.02,0,732.99,8,733.0,-0.01
2216,CLASS I: PIPEWORK - PIPES,02 CONCRETE PIPES,"525 mm pipes; in trenches, depth",not in trenches,m,27.06,2.59,89.92,0,119.57,8,119.59,-0.02
2217,CLASS I: PIPEWORK - PIPES,02 CONCRETE PIPES,"525 mm pipes; in trenches, depth",ne 1.50 m deep,m,58.53,41.19,89.92,0,189.64,8,189.64,0.0
2218,CLASS I: PIPEWORK - PIPES,02 CONCRETE PIPES,"525 mm pipes; in trenches, depth",1.50-2.00 m deep,m,71.54,50.47,89.92,0,211.93,8,211.92,0.01
2219,CLASS I: PIPEWORK - PIPES,02 CONCRETE PIPES,"525 mm pipes; in trenches, depth",2.00-2.50 m deep,m,80.2,56.59,89.92,0,226.71,8,226.71,0.0
2220,CLASS I: PIPEWORK - PIPES,02 CONCRETE PIPES,"525 mm pipes; in trenches, depth",2.50-3.00 m deep,m,91.05,64.28,89.92,0,245.25,8,245.25,0.0
2221,CLASS I: PIPEWORK - PIPES,02 CONCRETE PIPES,"525 mm pipes; in trenches, depth",3.00-3.50 m deep,m,106.22,75.01,89.92,0,271.15,8,271.14,0.01
2222,CLASS I: PIPEWORK - PIPES,02 CONCRETE PIPES,"525 mm pipes; in trenches, depth",3.50-4.00 m deep,m,140.9,99.56,89.92,0,330.38,8,330.37,0.01
2223,CLASS I: PIPEWORK - PIPES,02 CONCRETE PIPES,"525 mm pipes; in trenches, depth",4.00-4.50 m deep,m,179.92,127.11,89.92,0,396.95,8,396.95,0.0
2224,CLASS I: PIPEWORK - PIPES,02 CONCRETE PIPES,"525 mm pipes; in trenches, depth",4.50-5.00 m deep,m,223.28,157.82,89.92,0,471.02,8,471.02,0.0
2225,CLASS I: PIPEWORK - PIPES,02 CONCRETE PIPES,"525 mm pipes; in trenches, depth",5.00-5.50 m deep,m,277.47,196.21,89.92,0,563.6,8,563.59,0.01
2226,CLASS I: PIPEWORK - PIPES,02 CONCRETE PIPES,"525 mm pipes; in trenches, depth",5.50-6.00 m deep,m,335.99,237.69,89.92,0,663.6,8,663.6,0.0
2227,CLASS I: PIPEWORK - PIPES,02 CONCRETE PIPES,"525 mm pipes; in trenches, depth",extra for bend,nr,34.69,25.71,899.01,0,959.41,8,959.4,0.01
2229,CLASS I: PIPEWORK - PIPES,02 CONCRETE PIPES,"750 mm pipes; in trenches, depth",not in trenches,m,29.79,2.88,222.44,0,255.11,8,255.11,0.0
2230,CLASS I: PIPEWORK - PIPES,02 CONCRETE PIPES,"750 mm pipes; in trenches, depth",ne 1.50 m deep,m,57.52,56.12,222.44,0,336.08,8,336.09,-0.01
2231,CLASS I: PIPEWORK - PIPES,02 CONCRETE PIPES,"750 mm pipes; in trenches, depth",1.50-2.00 m deep,m,69.02,67.48,222.44,0,358.94,8,358.94,0.0
2232,CLASS I: PIPEWORK - PIPES,02 CONCRETE PIPES,"750 mm pipes; in trenches, depth",2.00-2.50 m deep,m,78.61,76.85,222.44,0,377.9,8,377.91,-0.01
2233,CLASS I: PIPEWORK - PIPES,02 CONCRETE PIPES,"750 mm pipes; in trenches, depth",2.50-3.00 m deep,m,90.11,88.1,222.44,0,400.65,8,400.67,-0.02
2234,CLASS I: PIPEWORK - PIPES,02 CONCRETE PIPES,"750 mm pipes; in trenches, depth",3.00-3.50 m deep,m,111.2,108.75,222.44,0,442.39,8,442.41,-0.02
2235,CLASS I: PIPEWORK - PIPES,02 CONCRETE PIPES,"750 mm pipes; in trenches, depth",3.50-4.00 m deep,m,153.4,150.13,222.44,0,525.97,8,525.96,0.01
2236,CLASS I: PIPEWORK - PIPES,02 CONCRETE PIPES,"750 mm pipes; in trenches, depth",4.00-4.50 m deep,m,201.33,197.09,222.44,0,620.86,8,620.87,-0.01
2237,CLASS I: PIPEWORK - PIPES,02 CONCRETE PIPES,"750 mm pipes; in trenches, depth",4.50-5.00 m deep,m,249.28,244.12,222.44,0,715.84,8,715.84,0.0
2238,CLASS I: PIPEWORK - PIPES,02 CONCRETE PIPES,"750 mm pipes; in trenches, depth",5.00-5.50 m deep,m,297.2,291.1,222.44,0,810.74,8,810.76,-0.02
2239,CLASS I: PIPEWORK - PIPES,02 CONCRETE PIPES,"750 mm pipes; in trenches, depth",5.50-6.00 m deep,m,348.98,341.98,222.44,0,913.4,8,913.41,-0.01
2240,CLASS I: PIPEWORK - PIPES,02 CONCRETE PIPES,"750 mm pipes; in trenches, depth",extra for bends,nr,46.03,80.22,2224.69,0,2350.94,8,2350.94,0.0
2242,CLASS I: PIPEWORK - PIPES,02 CONCRETE PIPES,"900 mm pipes; in trenches, depth",not in trenches,m,33.85,3.25,298.41,0,335.51,8,335.51,0.0
2243,CLASS I: PIPEWORK - PIPES,02 CONCRETE PIPES,"900 mm pipes; in trenches, depth",ne 1.50 m deep,m,63.28,61.78,298.41,0,423.47,8,423.47,0.0
2244,CLASS I: PIPEWORK - PIPES,02 CONCRETE PIPES,"900 mm pipes; in trenches, depth",1.50-2.00 m deep,m,76.7,74.97,298.41,0,450.08,8,450.07,0.01
2245,CLASS I: PIPEWORK - PIPES,02 CONCRETE PIPES,"900 mm pipes; in trenches, depth",2.00-2.50 m deep,m,88.2,86.25,298.41,0,472.86,8,472.86,0.0
2246,CLASS I: PIPEWORK - PIPES,02 CONCRETE PIPES,"900 mm pipes; in trenches, depth",2.50-3.00 m deep,m,101.63,99.39,298.41,0,499.43,8,499.42,0.01
2247,CLASS I: PIPEWORK - PIPES,02 CONCRETE PIPES,"900 mm pipes; in trenches, depth",3.00-3.50 m deep,m,134.22,131.33,298.41,0,563.96,8,563.95,0.01
2248,CLASS I: PIPEWORK - PIPES,02 CONCRETE PIPES,"900 mm pipes; in trenches, depth",3.50-4.00 m deep,m,176.41,172.64,298.41,0,647.46,8,647.45,0.01
2249,CLASS I: PIPEWORK - PIPES,02 CONCRETE PIPES,"900 mm pipes; in trenches, depth",4.00-4.50 m deep,m,230.1,225.24,298.41,0,753.75,8,753.75,0.0
2250,CLASS I: PIPEWORK - PIPES,02 CONCRETE PIPES,"900 mm pipes; in trenches, depth",4.50-5.00 m deep,m,287.61,281.67,298.41,0,867.69,8,867.7,-0.01
2251,CLASS I: PIPEWORK - PIPES,02 CONCRETE PIPES,"900 mm pipes; in trenches, depth",5.00-5.50 m deep,m,345.14,338.07,298.41,0,981.62,8,981.61,0.01
2252,CLASS I: PIPEWORK - PIPES,02 CONCRETE PIPES,"900 mm pipes; in trenches, depth",5.50-6.00 m deep,m,402.67,394.59,298.41,0,1095.67,8,1095.66,0.01
2253,CLASS I: PIPEWORK - PIPES,02 CONCRETE PIPES,"900 mm pipes; in trenches, depth",extra for bends,nr,74.78,131.05,2765.77,0,2971.6,8,2971.61,-0.01
2255,CLASS I: PIPEWORK - PIPES,02 CONCRETE PIPES,"1200 mm pipes; in trenches, depth",not in trenches,m,33.85,3.25,510.62,0,547.72,8,547.72,0.0
2256,CLASS I: PIPEWORK - PIPES,02 CONCRETE PIPES,"1200 mm pipes; in trenches, depth",ne 1.50 m deep,m,88.2,86.13,510.62,0,684.95,8,684.96,-0.01
2257,CLASS I: PIPEWORK - PIPES,02 CONCRETE PIPES,"1200 mm pipes; in trenches, depth",1.50-2.00 m deep,m,101.63,99.34,510.62,0,711.59,8,711.58,0.01
2258,CLASS I: PIPEWORK - PIPES,02 CONCRETE PIPES,"1200 mm pipes; in trenches, depth",2.00-2.50 m deep,m,115.05,112.45,510.62,0,738.12,8,738.12,0.0
2259,CLASS I: PIPEWORK - PIPES,02 CONCRETE PIPES,"1200 mm pipes; in trenches, depth",2.50-3.00 m deep,m,134.22,131.27,510.62,0,776.11,8,776.12,-0.01
2260,CLASS I: PIPEWORK - PIPES,02 CONCRETE PIPES,"1200 mm pipes; in trenches, depth",3.00-3.50 m deep,m,163.0,159.45,510.62,0,833.07,8,833.06,0.01
2261,CLASS I: PIPEWORK - PIPES,02 CONCRETE PIPES,"1200 mm pipes; in trenches, depth",3.50-4.00 m deep,m,214.77,210.18,510.62,0,935.57,8,935.56,0.01
2262,CLASS I: PIPEWORK - PIPES,02 CONCRETE PIPES,"1200 mm pipes; in trenches, depth",4.00-4.50 m deep,m,278.03,272.17,510.62,0,1060.82,8,1060.83,-0.01
2263,CLASS I: PIPEWORK - PIPES,02 CONCRETE PIPES,"1200 mm pipes; in trenches, depth",4.50-5.00 m deep,m,335.56,328.57,510.62,0,1174.75,8,1174.74,0.01
2264,CLASS I: PIPEWORK - PIPES,02 CONCRETE PIPES,"1200 mm pipes; in trenches, depth",5.00-5.50 m deep,m,393.08,385.04,510.62,0,1288.74,8,1288.74,0.0
2265,CLASS I: PIPEWORK - PIPES,02 CONCRETE PIPES,"1200 mm pipes; in trenches, depth",5.50-6.00 m deep,m,452.51,443.4,510.62,0,1406.53,8,1406.54,-0.01
2266,CLASS I: PIPEWORK - PIPES,02 CONCRETE PIPES,"1200 mm pipes; in trenches, depth",extra for bends,nr,97.8,171.69,5105.83,0,5375.32,8,5375.32,0.0
2268,CLASS I: PIPEWORK - PIPES,02 CONCRETE PIPES,"1500 mm pipes; in trenches, depth",not in trenches,m,47.39,4.54,904.37,0,956.3,8,956.3,0.0
2269,CLASS I: PIPEWORK - PIPES,02 CONCRETE PIPES,"1500 mm pipes; in trenches, depth",ne 1.50 m deep,m,115.05,112.29,904.37,0,1131.71,8,1131.72,-0.01
2270,CLASS I: PIPEWORK - PIPES,02 CONCRETE PIPES,"1500 mm pipes; in trenches, depth",1.50-2.00 m deep,m,134.22,131.22,904.37,0,1169.81,8,1169.81,0.0
2271,CLASS I: PIPEWORK - PIPES,02 CONCRETE PIPES,"1500 mm pipes; in trenches, depth",2.00-2.50 m deep,m,155.31,151.82,904.37,0,1211.5,8,1211.51,-0.01
2272,CLASS I: PIPEWORK - PIPES,02 CONCRETE PIPES,"1500 mm pipes; in trenches, depth",2.50-3.00 m deep,m,176.41,172.5,904.37,0,1253.28,8,1253.27,0.01
2273,CLASS I: PIPEWORK - PIPES,02 CONCRETE PIPES,"1500 mm pipes; in trenches, depth",3.00-3.50 m deep,m,201.33,196.95,904.37,0,1302.65,8,1302.65,0.0
2274,CLASS I: PIPEWORK - PIPES,02 CONCRETE PIPES,"1500 mm pipes; in trenches, depth",3.50-4.00 m deep,m,243.52,238.3,904.37,0,1386.19,8,1386.18,0.01
2275,CLASS I: PIPEWORK - PIPES,02 CONCRETE PIPES,"1500 mm pipes; in trenches, depth",4.00-4.50 m deep,m,325.97,319.12,904.37,0,1549.46,8,1549.46,0.0
2276,CLASS I: PIPEWORK - PIPES,02 CONCRETE PIPES,"1500 mm pipes; in trenches, depth",4.50-5.00 m deep,m,393.08,384.93,904.37,0,1682.38,8,1682.38,0.0
2277,CLASS I: PIPEWORK - PIPES,02 CONCRETE PIPES,"1500 mm pipes; in trenches, depth",5.00-5.50 m deep,m,460.18,450.75,904.37,0,1815.3,8,1815.32,-0.02
2278,CLASS I: PIPEWORK - PIPES,02 CONCRETE PIPES,"1500 mm pipes; in trenches, depth",5.50-6.00 m deep,m,527.3,511.42,911.78,0,1950.5,8,1950.5,0.0
2279,CLASS I: PIPEWORK - PIPES,02 CONCRETE PIPES,"1500 mm pipes; in trenches, depth",extra for bends,nr,120.79,212.09,9043.04,0,9375.92,8,9375.93,-0.01
2281,CLASS I: PIPEWORK - PIPES,02 CONCRETE PIPES,"1800 mm pipes; in trenches, depth",not in trenches,m,54.17,5.19,1257.83,0,1317.19,8,1317.19,0.0
2282,CLASS I: PIPEWORK - PIPES,02 CONCRETE PIPES,"1800 mm pipes; in trenches, depth",ne 1.50 m deep,m,147.66,144.13,1257.83,0,1549.62,8,1549.61,0.01
2283,CLASS I: PIPEWORK - PIPES,02 CONCRETE PIPES,"1800 mm pipes; in trenches, depth",1.50-2.00 m deep,m,174.5,170.54,1257.83,0,1602.87,8,1602.86,0.01
2284,CLASS I: PIPEWORK - PIPES,02 CONCRETE PIPES,"1800 mm pipes; in trenches, depth",2.00-2.50 m deep,m,197.5,193.02,1257.83,0,1648.35,8,1648.36,-0.01
2286,CLASS I: PIPEWORK - PIPES,02 CONCRETE PIPES,"Concrete pipes with rebated flexible joints to BS 5911 Class 120; 1800 mm pipes; in trenches, depth (continued)",2.50-3.00 m deep,m,214.76,209.99,1257.83,0,1682.58,6,1682.58,0.0
2287,CLASS I: PIPEWORK - PIPES,02 CONCRETE PIPES,"Concrete pipes with rebated flexible joints to BS 5911 Class 120; 1800 mm pipes; in trenches, depth (continued)",3.00-3.50 m deep,m,230.11,225.07,1257.83,0,1713.01,6,1713.01,0.0
2288,CLASS I: PIPEWORK - PIPES,02 CONCRETE PIPES,"Concrete pipes with rebated flexible joints to BS 5911 Class 120; 1800 mm pipes; in trenches, depth (continued)",3.50-4.00 m deep,m,291.46,285.24,1257.83,0,1834.53,6,1834.53,0.0
2289,CLASS I: PIPEWORK - PIPES,02 CONCRETE PIPES,"Concrete pipes with rebated flexible joints to BS 5911 Class 120; 1800 mm pipes; in trenches, depth (continued)",4.00-4.50 m deep,m,383.49,375.38,1257.83,0,2016.7,6,2016.72,-0.02
2290,CLASS I: PIPEWORK - PIPES,02 CONCRETE PIPES,"Concrete pipes with rebated flexible joints to BS 5911 Class 120; 1800 mm pipes; in trenches, depth (continued)",4.50-5.00 m deep,m,460.2,450.62,1257.83,0,2168.65,6,2168.65,0.0
2291,CLASS I: PIPEWORK - PIPES,02 CONCRETE PIPES,"Concrete pipes with rebated flexible joints to BS 5911 Class 120; 1800 mm pipes; in trenches, depth (continued)",5.00-5.50 m deep,m,536.89,525.87,1257.83,0,2320.59,6,2320.6,-0.01
2292,CLASS I: PIPEWORK - PIPES,02 CONCRETE PIPES,"Concrete pipes with rebated flexible joints to BS 5911 Class 120; 1800 mm pipes; in trenches, depth (continued)",5.50-6.00 m deep,m,604.0,591.81,1257.83,0,2453.64,6,2453.64,0.0
2293,CLASS I: PIPEWORK - PIPES,02 CONCRETE PIPES,"Concrete pipes with rebated flexible joints to BS 5911 Class 120; 1800 mm pipes; in trenches, depth (continued)",extra for bends,nr,147.65,259.26,12578.21,0,12985.12,6,12985.11,0.01
2295,CLASS I: PIPEWORK - PIPES,02 CONCRETE PIPES,"2100 mm pipes; in trenches, depth",not in trenches,m,216.64,5.86,1365.18,0,1587.68,8,1587.68,0.0
2296,CLASS I: PIPEWORK - PIPES,02 CONCRETE PIPES,"2100 mm pipes; in trenches, depth",ne 1.50 m deep,m,352.82,183.39,1365.18,0,1901.39,8,1901.38,0.01
2297,CLASS I: PIPEWORK - PIPES,02 CONCRETE PIPES,"2100 mm pipes; in trenches, depth",1.50-2.00 m deep,m,383.5,211.79,1365.18,0,1960.47,8,1960.47,0.0
2298,CLASS I: PIPEWORK - PIPES,02 CONCRETE PIPES,"2100 mm pipes; in trenches, depth",2.00-2.50 m deep,m,398.83,230.3,1365.18,0,1994.31,8,1994.32,-0.01
2299,CLASS I: PIPEWORK - PIPES,02 CONCRETE PIPES,"2100 mm pipes; in trenches, depth",2.50-3.00 m deep,m,412.25,243.77,1365.18,0,2021.2,8,2021.21,-0.01
2300,CLASS I: PIPEWORK - PIPES,02 CONCRETE PIPES,"2100 mm pipes; in trenches, depth",3.00-3.50 m deep,m,450.61,281.38,1365.18,0,2097.17,8,2097.17,0.0
2301,CLASS I: PIPEWORK - PIPES,02 CONCRETE PIPES,"2100 mm pipes; in trenches, depth",3.50-4.00 m deep,m,517.72,341.57,1365.18,0,2224.47,8,2224.47,0.0
2302,CLASS I: PIPEWORK - PIPES,02 CONCRETE PIPES,"2100 mm pipes; in trenches, depth",4.00-4.50 m deep,m,613.59,441.06,1365.18,0,2419.83,8,2419.83,0.0
2303,CLASS I: PIPEWORK - PIPES,02 CONCRETE PIPES,"2100 mm pipes; in trenches, depth",4.50-5.00 m deep,m,699.88,525.73,1365.18,0,2590.79,8,2590.79,0.0
2304,CLASS I: PIPEWORK - PIPES,02 CONCRETE PIPES,"2100 mm pipes; in trenches, depth",5.00-5.50 m deep,m,776.58,601.01,1365.18,0,2742.77,8,2742.77,0.0
2305,CLASS I: PIPEWORK - PIPES,02 CONCRETE PIPES,"2100 mm pipes; in trenches, depth",5.50-6.00 m deep,m,843.69,666.96,1365.18,0,2875.83,8,2875.84,-0.01
2306,CLASS I: PIPEWORK - PIPES,02 CONCRETE PIPES,"2100 mm pipes; in trenches, depth",extra for bends,nr,170.66,299.84,15139.34,0,15609.84,8,15609.83,0.01
2309,CLASS I: PIPEWORK - PIPES,03 IRON PIPES,"Cast iron pipes to BS 437 plain ended pipe with Timesaver mechanical coupling joints; excavation and supports, backfilling; 75 mm pipes; in trenches, depth",not in trenches,m,16.25,1.55,44.5,0,62.3,7,62.3,0.0
2310,CLASS I: PIPEWORK - PIPES,03 IRON PIPES,"Cast iron pipes to BS 437 plain ended pipe with Timesaver mechanical coupling joints; excavation and supports, backfilling; 75 mm pipes; in trenches, depth",ne 1.50 m deep,m,41.19,28.54,44.5,0,114.23,7,114.22,0.01
2311,CLASS I: PIPEWORK - PIPES,03 IRON PIPES,"Cast iron pipes to BS 437 plain ended pipe with Timesaver mechanical coupling joints; excavation and supports, backfilling; 75 mm pipes; in trenches, depth",1.50-2.00 m deep,m,45.53,32.12,44.5,0,122.15,7,122.14,0.01
2312,CLASS I: PIPEWORK - PIPES,03 IRON PIPES,"Cast iron pipes to BS 437 plain ended pipe with Timesaver mechanical coupling joints; excavation and supports, backfilling; 75 mm pipes; in trenches, depth",2.00-2.50 m deep,m,60.69,42.81,44.5,0,148.0,7,148.0,0.0
2313,CLASS I: PIPEWORK - PIPES,03 IRON PIPES,"Cast iron pipes to BS 437 plain ended pipe with Timesaver mechanical coupling joints; excavation and supports, backfilling; 75 mm pipes; in trenches, depth",2.50-3.00 m deep,m,73.7,52.04,44.5,0,170.24,7,170.23,0.01
2314,CLASS I: PIPEWORK - PIPES,03 IRON PIPES,"Cast iron pipes to BS 437 plain ended pipe with Timesaver mechanical coupling joints; excavation and supports, backfilling; 75 mm pipes; in trenches, depth",3.00-3.50 m deep,m,93.21,65.79,44.5,0,203.5,7,203.5,0.0
2315,CLASS I: PIPEWORK - PIPES,03 IRON PIPES,"Cast iron pipes to BS 437 plain ended pipe with Timesaver mechanical coupling joints; excavation and supports, backfilling; 75 mm pipes; in trenches, depth",3.50-4.00 m deep,m,119.22,84.21,44.5,0,247.93,7,247.93,0.0
2316,CLASS I: PIPEWORK - PIPES,03 IRON PIPES,"Cast iron pipes to BS 437 plain ended pipe with Timesaver mechanical coupling joints; excavation and supports, backfilling; 75 mm pipes; in trenches, depth",4.00-4.50 m deep,m,153.91,108.73,44.5,0,307.14,7,307.14,0.0
2317,CLASS I: PIPEWORK - PIPES,03 IRON PIPES,"Cast iron pipes to BS 437 plain ended pipe with Timesaver mechanical coupling joints; excavation and supports, backfilling; 75 mm pipes; in trenches, depth",4.50-5.00 m deep,m,192.92,136.4,44.5,0,373.82,7,373.82,0.0
2318,CLASS I: PIPEWORK - PIPES,03 IRON PIPES,"Cast iron pipes to BS 437 plain ended pipe with Timesaver mechanical coupling joints; excavation and supports, backfilling; 75 mm pipes; in trenches, depth",5.00-5.50 m deep,m,249.29,176.26,44.5,0,470.05,7,470.05,0.0
2319,CLASS I: PIPEWORK - PIPES,03 IRON PIPES,"Cast iron pipes to BS 437 plain ended pipe with Timesaver mechanical coupling joints; excavation and supports, backfilling; 75 mm pipes; in trenches, depth",extra for bend; 87.5 deg,nr,67.21,3.98,92.53,0,163.72,7,163.73,-0.01
2320,CLASS I: PIPEWORK - PIPES,03 IRON PIPES,"Cast iron pipes to BS 437 plain ended pipe with Timesaver mechanical coupling joints; excavation and supports, backfilling; 75 mm pipes; in trenches, depth",extra for bend; 45 deg,nr,67.21,3.99,64.12,0,135.32,7,135.32,0.0
2321,CLASS I: PIPEWORK - PIPES,03 IRON PIPES,"Cast iron pipes to BS 437 plain ended pipe with Timesaver mechanical coupling joints; excavation and supports, backfilling; 75 mm pipes; in trenches, depth",extra for single junction; equal,nr,104.06,7.92,96.37,0,208.35,7,208.35,0.0
2322,CLASS I: PIPEWORK - PIPES,03 IRON PIPES,"Cast iron pipes to BS 437 plain ended pipe with Timesaver mechanical coupling joints; excavation and supports, backfilling; 75 mm pipes; in trenches, depth",extra for taper reducer,nr,58.53,3.99,75.37,0,137.89,7,137.9,-0.01
2324,CLASS I: PIPEWORK - PIPES,03 IRON PIPES,"100 mm pipes; in trenches, depth",not in trenches,m,17.61,0.66,55.01,0,73.28,7,73.26,0.02
2325,CLASS I: PIPEWORK - PIPES,03 IRON PIPES,"100 mm pipes; in trenches, depth",ne 1.50 m deep,m,45.53,32.07,55.01,0,132.61,7,132.6,0.01
2326,CLASS I: PIPEWORK - PIPES,03 IRON PIPES,"100 mm pipes; in trenches, depth",1.50-2.00 m deep,m,49.85,35.15,55.01,0,140.01,7,140.02,-0.01
2327,CLASS I: PIPEWORK - PIPES,03 IRON PIPES,"100 mm pipes; in trenches, depth",2.00-2.50 m deep,m,65.02,45.83,55.01,0,165.86,7,165.86,0.0
2328,CLASS I: PIPEWORK - PIPES,03 IRON PIPES,"100 mm pipes; in trenches, depth",2.50-3.00 m deep,m,80.22,56.61,55.01,0,191.84,7,191.83,0.01
2329,CLASS I: PIPEWORK - PIPES,03 IRON PIPES,"100 mm pipes; in trenches, depth",3.00-3.50 m deep,m,104.06,73.47,55.01,0,232.54,7,232.53,0.01
2330,CLASS I: PIPEWORK - PIPES,03 IRON PIPES,"100 mm pipes; in trenches, depth",3.50-4.00 m deep,m,130.07,91.88,55.01,0,276.96,7,276.95,0.01
2331,CLASS I: PIPEWORK - PIPES,03 IRON PIPES,"100 mm pipes; in trenches, depth",4.00-4.50 m deep,m,162.59,114.86,55.01,0,332.46,7,332.45,0.01
2332,CLASS I: PIPEWORK - PIPES,03 IRON PIPES,"100 mm pipes; in trenches, depth",4.50-5.00 m deep,m,205.93,145.55,55.01,0,406.49,7,406.49,0.0
2333,CLASS I: PIPEWORK - PIPES,03 IRON PIPES,"100 mm pipes; in trenches, depth",5.00-5.50 m deep,m,264.46,187.04,55.01,0,506.51,7,506.51,0.0
2334,CLASS I: PIPEWORK - PIPES,03 IRON PIPES,"100 mm pipes; in trenches, depth",extra for bend; 87.5 deg,nr,82.38,6.01,130.15,0,218.54,7,218.54,0.0
2335,CLASS I: PIPEWORK - PIPES,03 IRON PIPES,"100 mm pipes; in trenches, depth",extra for bend; 45 deg,nr,82.38,6.01,80.3,0,168.69,7,168.69,0.0
2336,CLASS I: PIPEWORK - PIPES,03 IRON PIPES,"100 mm pipes; in trenches, depth",extra for bend; long radius,nr,82.38,6.01,135.52,0,223.91,7,223.91,0.0
2337,CLASS I: PIPEWORK - PIPES,03 IRON PIPES,"100 mm pipes; in trenches, depth",extra for single junction; equal,nr,127.9,9.93,210.9,0,348.73,7,348.73,0.0
2338,CLASS I: PIPEWORK - PIPES,03 IRON PIPES,"100 mm pipes; in trenches, depth",extra for double junction; equal,nr,173.41,15.85,175.56,0,364.82,7,364.82,0.0
2339,CLASS I: PIPEWORK - PIPES,03 IRON PIPES,"100 mm pipes; in trenches, depth",extra for taper reducer,nr,86.7,9.93,89.55,0,186.18,7,186.19,-0.01
2341,CLASS I: PIPEWORK - PIPES,03 IRON PIPES,"150 mm pipes; in trenches, depth",not in trenches,m,24.38,0.66,29.12,0,54.16,7,54.15,0.01
2342,CLASS I: PIPEWORK - PIPES,03 IRON PIPES,"150 mm pipes; in trenches, depth",ne 1.50 m deep,m,56.36,36.64,29.12,0,122.12,7,122.12,0.0
2343,CLASS I: PIPEWORK - PIPES,03 IRON PIPES,"150 mm pipes; in trenches, depth",1.50-2.00 m deep,m,67.21,42.81,29.12,0,139.14,7,139.14,0.0
2344,CLASS I: PIPEWORK - PIPES,03 IRON PIPES,"150 mm pipes; in trenches, depth",2.00-2.50 m deep,m,80.22,52.07,29.12,0,161.41,7,161.4,0.01
2345,CLASS I: PIPEWORK - PIPES,03 IRON PIPES,"150 mm pipes; in trenches, depth",2.50-3.00 m deep,m,93.21,61.19,29.12,0,183.52,7,183.52,0.0
2346,CLASS I: PIPEWORK - PIPES,03 IRON PIPES,"150 mm pipes; in trenches, depth",3.00-3.50 m deep,m,123.55,82.68,29.12,0,235.35,7,235.35,0.0
2347,CLASS I: PIPEWORK - PIPES,03 IRON PIPES,"150 mm pipes; in trenches, depth",3.50-4.00 m deep,m,132.23,93.43,29.12,0,254.78,7,254.77,0.01
2348,CLASS I: PIPEWORK - PIPES,03 IRON PIPES,"150 mm pipes; in trenches, depth",4.00-4.50 m deep,m,171.25,120.98,29.12,0,321.35,7,321.35,0.0
2349,CLASS I: PIPEWORK - PIPES,03 IRON PIPES,"150 mm pipes; in trenches, depth",4.50-5.00 m deep,m,227.61,160.91,29.12,0,417.64,7,417.64,0.0
2350,CLASS I: PIPEWORK - PIPES,03 IRON PIPES,"150 mm pipes; in trenches, depth",5.00-5.50 m deep,m,286.14,202.34,29.12,0,517.6,7,517.6,0.0
2351,CLASS I: PIPEWORK - PIPES,03 IRON PIPES,"150 mm pipes; in trenches, depth",extra for bend; 87.5 deg,nr,121.4,7.9,205.99,0,335.29,7,335.28,0.01
2352,CLASS I: PIPEWORK - PIPES,03 IRON PIPES,"150 mm pipes; in trenches, depth",extra for bend; 45 deg,nr,162.59,7.9,119.56,0,290.05,7,290.05,0.0
2353,CLASS I: PIPEWORK - PIPES,03 IRON PIPES,"150 mm pipes; in trenches, depth",extra for bend; long radius,nr,145.24,7.9,316.25,0,469.39,7,469.39,0.0
2354,CLASS I: PIPEWORK - PIPES,03 IRON PIPES,"150 mm pipes; in trenches, depth",extra for single junction; equal,nr,223.27,15.81,243.02,0,482.1,7,482.12,-0.02
2355,CLASS I: PIPEWORK - PIPES,03 IRON PIPES,"150 mm pipes; in trenches, depth",extra for taper reducer,nr,121.4,15.81,164.17,0,301.38,7,301.37,0.01
2357,CLASS I: PIPEWORK - PIPES,03 IRON PIPES,"225 mm pipes; in trenches, depth",not in trenches,m,20.32,0.66,227.19,0,248.17,7,248.16,0.01
2358,CLASS I: PIPEWORK - PIPES,03 IRON PIPES,"225 mm pipes; in trenches, depth",ne 1.50 m deep,m,54.2,38.18,227.19,0,319.57,7,319.57,0.0
2359,CLASS I: PIPEWORK - PIPES,03 IRON PIPES,"225 mm pipes; in trenches, depth",1.50-2.00 m deep,m,65.02,45.83,227.19,0,338.04,7,338.04,0.0
2360,CLASS I: PIPEWORK - PIPES,03 IRON PIPES,"225 mm pipes; in trenches, depth",2.00-2.50 m deep,m,75.87,53.5,227.19,0,356.56,7,356.56,0.0
2361,CLASS I: PIPEWORK - PIPES,03 IRON PIPES,"225 mm pipes; in trenches, depth",2.50-3.00 m deep,m,88.87,62.74,227.19,0,378.8,7,378.8,0.0
2362,CLASS I: PIPEWORK - PIPES,03 IRON PIPES,"225 mm pipes; in trenches, depth",3.00-3.50 m deep,m,117.06,82.68,227.19,0,426.93,7,426.93,0.0
2363,CLASS I: PIPEWORK - PIPES,03 IRON PIPES,"225 mm pipes; in trenches, depth",3.50-4.00 m deep,m,132.23,93.43,227.19,0,452.85,7,452.84,0.01
2364,CLASS I: PIPEWORK - PIPES,03 IRON PIPES,"225 mm pipes; in trenches, depth",4.00-4.50 m deep,m,166.91,117.95,227.19,0,512.05,7,512.06,-0.01
2365,CLASS I: PIPEWORK - PIPES,03 IRON PIPES,"225 mm pipes; in trenches, depth",4.50-5.00 m deep,m,221.11,156.33,227.19,0,604.63,7,604.63,0.0
2366,CLASS I: PIPEWORK - PIPES,03 IRON PIPES,"225 mm pipes; in trenches, depth",5.00-5.50 m deep,m,281.8,199.31,227.19,0,708.3,7,708.3,0.0
2367,CLASS I: PIPEWORK - PIPES,03 IRON PIPES,"225 mm pipes; in trenches, depth",extra for bend; 87.5 deg,nr,166.91,7.9,661.59,0,836.4,7,836.41,-0.01
2368,CLASS I: PIPEWORK - PIPES,03 IRON PIPES,"225 mm pipes; in trenches, depth",extra for bend; 45 deg,nr,166.91,7.9,659.51,0,834.32,7,834.33,-0.01
2369,CLASS I: PIPEWORK - PIPES,03 IRON PIPES,"225 mm pipes; in trenches, depth",extra for single junction; equal,nr,262.3,17.79,1412.1,0,1692.19,7,1692.19,0.0
2370,CLASS I: PIPEWORK - PIPES,03 IRON PIPES,"225 mm pipes; in trenches, depth",extra for taper reducer,nr,166.91,17.79,459.34,0,644.04,7,644.05,-0.01
2372,CLASS I: PIPEWORK - PIPES,03 IRON PIPES,"Ductile iron pipes to BS 4772, Tyton joints; excavation and supports, backfilling; 100 mm pipes; in trenches, depth",not in trenches,m,13.54,0.66,107.13,0,121.33,7,121.32,0.01
2373,CLASS I: PIPEWORK - PIPES,03 IRON PIPES,"Ductile iron pipes to BS 4772, Tyton joints; excavation and supports, backfilling; 100 mm pipes; in trenches, depth",ne 1.50 m deep,m,41.19,27.5,107.13,0,175.82,7,175.81,0.01
2374,CLASS I: PIPEWORK - PIPES,03 IRON PIPES,"Ductile iron pipes to BS 4772, Tyton joints; excavation and supports, backfilling; 100 mm pipes; in trenches, depth",1.50-2.00 m deep,m,43.36,30.58,107.13,0,181.07,7,181.07,0.0
2376,CLASS I: PIPEWORK - PIPES,03 IRON PIPES,"Ductile iron pipes to BS 4772, Tyton joints; 100 mm pipes; in trenches, depth (continued)",2.00-2.50 m deep,m,56.36,39.78,107.13,0,203.27,7,203.28,-0.01
2377,CLASS I: PIPEWORK - PIPES,03 IRON PIPES,"Ductile iron pipes to BS 4772, Tyton joints; 100 mm pipes; in trenches, depth (continued)",2.50-3.00 m deep,m,69.37,48.95,107.13,0,225.45,7,225.45,0.0
2378,CLASS I: PIPEWORK - PIPES,03 IRON PIPES,"Ductile iron pipes to BS 4772, Tyton joints; 100 mm pipes; in trenches, depth (continued)",3.00-3.50 m deep,m,91.04,64.31,107.13,0,262.48,7,262.48,0.0
2379,CLASS I: PIPEWORK - PIPES,03 IRON PIPES,"Ductile iron pipes to BS 4772, Tyton joints; 100 mm pipes; in trenches, depth (continued)",3.50-4.00 m deep,m,114.89,81.18,107.13,0,303.2,7,303.2,0.0
2380,CLASS I: PIPEWORK - PIPES,03 IRON PIPES,"Ductile iron pipes to BS 4772, Tyton joints; 100 mm pipes; in trenches, depth (continued)",4.00-4.50 m deep,m,143.07,101.13,107.13,0,351.33,7,351.33,0.0
2381,CLASS I: PIPEWORK - PIPES,03 IRON PIPES,"Ductile iron pipes to BS 4772, Tyton joints; 100 mm pipes; in trenches, depth (continued)",4.50-5.00 m deep,m,182.08,128.71,107.13,0,417.92,7,417.93,-0.01
2382,CLASS I: PIPEWORK - PIPES,03 IRON PIPES,"Ductile iron pipes to BS 4772, Tyton joints; 100 mm pipes; in trenches, depth (continued)",5.00-5.50 m deep,m,234.09,165.55,107.13,0,506.77,7,506.79,-0.02
2383,CLASS I: PIPEWORK - PIPES,03 IRON PIPES,"Ductile iron pipes to BS 4772, Tyton joints; 100 mm pipes; in trenches, depth (continued)",extra for bend; 90 deg,nr,82.38,42.86,199.1,0,324.34,7,324.34,0.0
2384,CLASS I: PIPEWORK - PIPES,03 IRON PIPES,"Ductile iron pipes to BS 4772, Tyton joints; 100 mm pipes; in trenches, depth (continued)",extra for single junction; equal,nr,130.07,11.82,428.33,0,570.22,7,570.22,0.0
2386,CLASS I: PIPEWORK - PIPES,03 IRON PIPES,"150 mm pipes; in trenches, depth",not in trenches,m,14.88,0.66,134.31,0,149.85,7,149.85,0.0
2387,CLASS I: PIPEWORK - PIPES,03 IRON PIPES,"150 mm pipes; in trenches, depth",ne 1.50 m deep,m,45.53,32.07,134.31,0,211.91,7,211.9,0.01
2388,CLASS I: PIPEWORK - PIPES,03 IRON PIPES,"150 mm pipes; in trenches, depth",1.50-2.00 m deep,m,54.2,38.24,134.31,0,226.75,7,226.75,0.0
2389,CLASS I: PIPEWORK - PIPES,03 IRON PIPES,"150 mm pipes; in trenches, depth",2.00-2.50 m deep,m,65.02,45.83,134.31,0,245.16,7,245.16,0.0
2390,CLASS I: PIPEWORK - PIPES,03 IRON PIPES,"150 mm pipes; in trenches, depth",2.50-3.00 m deep,m,80.22,56.61,134.31,0,271.14,7,271.13,0.01
2391,CLASS I: PIPEWORK - PIPES,03 IRON PIPES,"150 mm pipes; in trenches, depth",3.00-3.50 m deep,m,106.21,75.01,134.31,0,315.53,7,315.53,0.0
2392,CLASS I: PIPEWORK - PIPES,03 IRON PIPES,"150 mm pipes; in trenches, depth",3.50-4.00 m deep,m,119.22,84.21,134.31,0,337.74,7,337.74,0.0
2393,CLASS I: PIPEWORK - PIPES,03 IRON PIPES,"150 mm pipes; in trenches, depth",4.00-4.50 m deep,m,156.07,110.28,134.31,0,400.66,7,400.67,-0.01
2394,CLASS I: PIPEWORK - PIPES,03 IRON PIPES,"150 mm pipes; in trenches, depth",4.50-5.00 m deep,m,203.77,144.01,134.31,0,482.09,7,482.08,0.01
2395,CLASS I: PIPEWORK - PIPES,03 IRON PIPES,"150 mm pipes; in trenches, depth",5.00-5.50 m deep,m,257.95,182.4,134.31,0,574.66,7,574.66,0.0
2396,CLASS I: PIPEWORK - PIPES,03 IRON PIPES,"150 mm pipes; in trenches, depth",extra for bend; 90 deg,nr,123.55,7.9,306.44,0,437.89,7,437.9,-0.01
2397,CLASS I: PIPEWORK - PIPES,03 IRON PIPES,"150 mm pipes; in trenches, depth",extra for single junction; equal,nr,190.76,15.81,652.53,0,859.1,7,859.1,0.0
2399,CLASS I: PIPEWORK - PIPES,03 IRON PIPES,"250 mm pipes; in trenches, depth",not in trenches,m,21.67,0.66,176.17,0,198.5,7,198.49,0.01
2400,CLASS I: PIPEWORK - PIPES,03 IRON PIPES,"250 mm pipes; in trenches, depth",ne 1.50 m deep,m,52.01,36.64,176.17,0,264.82,7,264.83,-0.01
2401,CLASS I: PIPEWORK - PIPES,03 IRON PIPES,"250 mm pipes; in trenches, depth",1.50-2.00 m deep,m,65.02,45.83,176.17,0,287.02,7,287.02,0.0
2402,CLASS I: PIPEWORK - PIPES,03 IRON PIPES,"250 mm pipes; in trenches, depth",2.00-2.50 m deep,m,75.87,53.55,176.17,0,305.59,7,305.58,0.01
2403,CLASS I: PIPEWORK - PIPES,03 IRON PIPES,"250 mm pipes; in trenches, depth",2.50-3.00 m deep,m,91.04,64.28,176.17,0,331.49,7,331.5,-0.01
2404,CLASS I: PIPEWORK - PIPES,03 IRON PIPES,"250 mm pipes; in trenches, depth",3.00-3.50 m deep,m,121.4,85.7,176.17,0,383.27,7,383.27,0.0
2405,CLASS I: PIPEWORK - PIPES,03 IRON PIPES,"250 mm pipes; in trenches, depth",3.50-4.00 m deep,m,138.75,98.0,176.17,0,412.92,7,412.92,0.0
2406,CLASS I: PIPEWORK - PIPES,03 IRON PIPES,"250 mm pipes; in trenches, depth",4.00-4.50 m deep,m,175.59,124.08,176.17,0,475.84,7,475.85,-0.01
2407,CLASS I: PIPEWORK - PIPES,03 IRON PIPES,"250 mm pipes; in trenches, depth",4.50-5.00 m deep,m,221.11,156.33,176.17,0,553.61,7,553.61,0.0
2408,CLASS I: PIPEWORK - PIPES,03 IRON PIPES,"250 mm pipes; in trenches, depth",5.00-5.50 m deep,m,275.29,194.66,176.17,0,646.12,7,646.13,-0.01
2409,CLASS I: PIPEWORK - PIPES,03 IRON PIPES,"250 mm pipes; in trenches, depth",extra for bend; 90 deg,nr,208.1,11.82,901.02,0,1120.94,7,1120.94,0.0
2410,CLASS I: PIPEWORK - PIPES,03 IRON PIPES,"250 mm pipes; in trenches, depth",extra for single junction; equal,nr,286.14,19.8,1880.78,0,2186.72,7,2186.72,0.0
2412,CLASS I: PIPEWORK - PIPES,03 IRON PIPES,"400 mm pipes; in trenches, depth",not in trenches,m,32.51,1.41,228.09,0,262.01,7,262.01,0.0
2413,CLASS I: PIPEWORK - PIPES,03 IRON PIPES,"400 mm pipes; in trenches, depth",ne 1.50 m deep,m,71.54,50.39,228.09,0,350.02,7,350.02,0.0
2414,CLASS I: PIPEWORK - PIPES,03 IRON PIPES,"400 mm pipes; in trenches, depth",1.50-2.00 m deep,m,93.21,65.72,228.09,0,387.02,7,387.03,-0.01
2415,CLASS I: PIPEWORK - PIPES,03 IRON PIPES,"400 mm pipes; in trenches, depth",2.00-2.50 m deep,m,104.06,73.39,228.09,0,405.54,7,405.54,0.0
2416,CLASS I: PIPEWORK - PIPES,03 IRON PIPES,"400 mm pipes; in trenches, depth",2.50-3.00 m deep,m,123.55,87.21,228.09,0,438.85,7,438.86,-0.01
2417,CLASS I: PIPEWORK - PIPES,03 IRON PIPES,"400 mm pipes; in trenches, depth",3.00-3.50 m deep,m,153.91,108.64,228.09,0,490.64,7,490.64,0.0
2418,CLASS I: PIPEWORK - PIPES,03 IRON PIPES,"400 mm pipes; in trenches, depth",3.50-4.00 m deep,m,197.25,139.34,228.09,0,564.68,7,564.68,0.0
2419,CLASS I: PIPEWORK - PIPES,03 IRON PIPES,"400 mm pipes; in trenches, depth",4.00-4.50 m deep,m,251.46,177.67,228.09,0,657.22,7,657.23,-0.01
2420,CLASS I: PIPEWORK - PIPES,03 IRON PIPES,"400 mm pipes; in trenches, depth",4.50-5.00 m deep,m,318.64,225.24,228.09,0,771.97,7,771.97,0.0
2421,CLASS I: PIPEWORK - PIPES,03 IRON PIPES,"400 mm pipes; in trenches, depth",5.00-5.50 m deep,m,383.69,271.33,228.09,0,883.11,7,883.11,0.0
2423,CLASS I: PIPEWORK - PIPES,03 IRON PIPES,"600 mm pipes; in trenches, depth",not in trenches,m,46.04,1.94,290.55,0,338.53,7,338.53,0.0
2424,CLASS I: PIPEWORK - PIPES,03 IRON PIPES,"600 mm pipes; in trenches, depth",ne 1.50 m deep,m,101.87,71.72,290.55,0,464.14,7,464.14,0.0
2425,CLASS I: PIPEWORK - PIPES,03 IRON PIPES,"600 mm pipes; in trenches, depth",1.50-2.00 m deep,m,119.22,84.07,290.55,0,493.84,7,493.84,0.0
2426,CLASS I: PIPEWORK - PIPES,03 IRON PIPES,"600 mm pipes; in trenches, depth",2.00-2.50 m deep,m,143.07,100.95,290.55,0,534.57,7,534.56,0.01
2427,CLASS I: PIPEWORK - PIPES,03 IRON PIPES,"600 mm pipes; in trenches, depth",2.50-3.00 m deep,m,169.07,119.35,290.55,0,578.97,7,578.98,-0.01
2428,CLASS I: PIPEWORK - PIPES,03 IRON PIPES,"600 mm pipes; in trenches, depth",3.00-3.50 m deep,m,192.92,136.22,290.55,0,619.69,7,619.7,-0.01
2429,CLASS I: PIPEWORK - PIPES,03 IRON PIPES,"600 mm pipes; in trenches, depth",3.50-4.00 m deep,m,236.29,166.93,290.55,0,693.77,7,693.77,0.0
2430,CLASS I: PIPEWORK - PIPES,03 IRON PIPES,"600 mm pipes; in trenches, depth",4.00-4.50 m deep,m,296.97,209.86,290.55,0,797.38,7,797.39,-0.01
2431,CLASS I: PIPEWORK - PIPES,03 IRON PIPES,"600 mm pipes; in trenches, depth",4.50-5.00 m deep,m,368.52,260.53,290.55,0,919.6,7,919.59,0.01
2432,CLASS I: PIPEWORK - PIPES,03 IRON PIPES,"600 mm pipes; in trenches, depth",5.00-5.50 m deep,m,440.06,311.17,290.55,0,1041.78,7,1041.76,0.02
2435,CLASS I: PIPEWORK - PIPES,04 STEEL PIPES,"Carbon steel pipes to BS EN 10126; welded joints; (for protection and lining refer to manufacturer); excavation and supports, backfilling; 100 mm pipes; in trenches, depth",not in trenches,m,9.48,0.9,60.89,0,71.27,5,71.27,0.0
2436,CLASS I: PIPEWORK - PIPES,04 STEEL PIPES,"Carbon steel pipes to BS EN 10126; welded joints; (for protection and lining refer to manufacturer); excavation and supports, backfilling; 100 mm pipes; in trenches, depth",ne 1.50 m deep,m,32.52,22.87,60.89,0,116.28,5,116.28,0.0
2437,CLASS I: PIPEWORK - PIPES,04 STEEL PIPES,"Carbon steel pipes to BS EN 10126; welded joints; (for protection and lining refer to manufacturer); excavation and supports, backfilling; 100 mm pipes; in trenches, depth",1.50-2.00 m deep,m,36.85,26.0,60.89,0,123.74,5,123.75,-0.01
2438,CLASS I: PIPEWORK - PIPES,04 STEEL PIPES,"Carbon steel pipes to BS EN 10126; welded joints; (for protection and lining refer to manufacturer); excavation and supports, backfilling; 100 mm pipes; in trenches, depth",2.00-2.50 m deep,m,47.69,33.66,60.89,0,142.24,5,142.25,-0.01
2439,CLASS I: PIPEWORK - PIPES,04 STEEL PIPES,"Carbon steel pipes to BS EN 10126; welded joints; (for protection and lining refer to manufacturer); excavation and supports, backfilling; 100 mm pipes; in trenches, depth",2.50-3.00 m deep,m,58.53,41.28,60.89,0,160.7,5,160.7,0.0
2440,CLASS I: PIPEWORK - PIPES,04 STEEL PIPES,"Carbon steel pipes to BS EN 10126; welded joints; (for protection and lining refer to manufacturer); excavation and supports, backfilling; 100 mm pipes; in trenches, depth",3.00-3.50 m deep,m,75.87,53.55,60.89,0,190.31,5,190.3,0.01
2441,CLASS I: PIPEWORK - PIPES,04 STEEL PIPES,"Carbon steel pipes to BS EN 10126; welded joints; (for protection and lining refer to manufacturer); excavation and supports, backfilling; 100 mm pipes; in trenches, depth",3.50-4.00 m deep,m,95.38,67.38,60.89,0,223.65,5,223.65,0.0
2442,CLASS I: PIPEWORK - PIPES,04 STEEL PIPES,"Carbon steel pipes to BS EN 10126; welded joints; (for protection and lining refer to manufacturer); excavation and supports, backfilling; 100 mm pipes; in trenches, depth",4.00-4.50 m deep,m,119.22,84.23,60.89,0,264.34,5,264.35,-0.01
2443,CLASS I: PIPEWORK - PIPES,04 STEEL PIPES,"Carbon steel pipes to BS EN 10126; welded joints; (for protection and lining refer to manufacturer); excavation and supports, backfilling; 100 mm pipes; in trenches, depth",4.50-5.00 m deep,m,151.74,133.58,60.89,0,346.21,5,346.22,-0.01
2444,CLASS I: PIPEWORK - PIPES,04 STEEL PIPES,"Carbon steel pipes to BS EN 10126; welded joints; (for protection and lining refer to manufacturer); excavation and supports, backfilling; 100 mm pipes; in trenches, depth",5.00-5.50 m deep,m,188.6,133.35,60.89,0,382.84,5,382.83,0.01
2445,CLASS I: PIPEWORK - PIPES,04 STEEL PIPES,"Carbon steel pipes to BS EN 10126; welded joints; (for protection and lining refer to manufacturer); excavation and supports, backfilling; 100 mm pipes; in trenches, depth",extra for bend; 45 deg,nr,15.17,5.92,78.4,0,99.49,5,99.48,0.01
2446,CLASS I: PIPEWORK - PIPES,04 STEEL PIPES,"Carbon steel pipes to BS EN 10126; welded joints; (for protection and lining refer to manufacturer); excavation and supports, backfilling; 100 mm pipes; in trenches, depth",extra for bend; 90 deg,nr,15.17,5.92,81.72,0,102.81,5,102.8,0.01
2447,CLASS I: PIPEWORK - PIPES,04 STEEL PIPES,"Carbon steel pipes to BS EN 10126; welded joints; (for protection and lining refer to manufacturer); excavation and supports, backfilling; 100 mm pipes; in trenches, depth",extra for single junction; equal,nr,23.85,9.89,135.88,0,169.62,5,169.62,0.0
2449,CLASS I: PIPEWORK - PIPES,04 STEEL PIPES,"150 mm pipes; in trenches, depth",not in trenches,m,9.47,0.9,79.04,0,89.41,7,89.42,-0.01
2450,CLASS I: PIPEWORK - PIPES,04 STEEL PIPES,"150 mm pipes; in trenches, depth",ne 1.50 m deep,m,36.84,25.96,79.04,0,141.84,7,141.85,-0.01
2451,CLASS I: PIPEWORK - PIPES,04 STEEL PIPES,"150 mm pipes; in trenches, depth",1.50-2.00 m deep,m,43.36,30.58,79.04,0,152.98,7,152.98,0.0
2452,CLASS I: PIPEWORK - PIPES,04 STEEL PIPES,"150 mm pipes; in trenches, depth",2.00-2.50 m deep,m,52.01,36.69,79.04,0,167.74,7,167.76,-0.02
2453,CLASS I: PIPEWORK - PIPES,04 STEEL PIPES,"150 mm pipes; in trenches, depth",2.50-3.00 m deep,m,62.87,44.38,79.04,0,186.29,7,186.28,0.01
2454,CLASS I: PIPEWORK - PIPES,04 STEEL PIPES,"150 mm pipes; in trenches, depth",3.00-3.50 m deep,m,84.55,59.67,79.04,0,223.26,7,223.24,0.02
2455,CLASS I: PIPEWORK - PIPES,04 STEEL PIPES,"150 mm pipes; in trenches, depth",3.50-4.00 m deep,m,95.38,67.38,79.04,0,241.8,7,241.8,0.0
2456,CLASS I: PIPEWORK - PIPES,04 STEEL PIPES,"150 mm pipes; in trenches, depth",4.00-4.50 m deep,m,123.55,87.32,79.04,0,289.91,7,289.91,0.0
2457,CLASS I: PIPEWORK - PIPES,04 STEEL PIPES,"150 mm pipes; in trenches, depth",4.50-5.00 m deep,m,156.07,137.37,79.04,0,372.48,7,372.48,0.0
2458,CLASS I: PIPEWORK - PIPES,04 STEEL PIPES,"150 mm pipes; in trenches, depth",5.00-5.50 m deep,m,195.1,137.99,79.04,0,412.13,7,412.12,0.01
2459,CLASS I: PIPEWORK - PIPES,04 STEEL PIPES,"150 mm pipes; in trenches, depth",extra for bend; 45 deg,nr,39.02,7.9,128.96,0,175.88,7,175.88,0.0
2460,CLASS I: PIPEWORK - PIPES,04 STEEL PIPES,"150 mm pipes; in trenches, depth",extra for bend; 90 deg,nr,19.52,7.9,145.41,0,172.83,7,172.84,-0.01
2461,CLASS I: PIPEWORK - PIPES,04 STEEL PIPES,"150 mm pipes; in trenches, depth",extra for single junction; equal,nr,34.68,15.81,233.76,0,284.25,7,284.26,-0.01
2463,CLASS I: PIPEWORK - PIPES,04 STEEL PIPES,"200 mm pipes; in trenches, depth",not in trenches,m,12.19,17.92,123.08,0,153.19,7,153.18,0.01
2464,CLASS I: PIPEWORK - PIPES,04 STEEL PIPES,"200 mm pipes; in trenches, depth",ne 1.50 m deep,m,39.02,27.5,123.08,0,189.6,7,189.6,0.0
2466,CLASS I: PIPEWORK - PIPES,04 STEEL PIPES,"Carbon steel pipes to BS EN 10126; 200 mm pipes; in trenches, depth (continued)",1.50-2.00 m deep,m,45.53,32.12,123.08,0,200.73,7,200.73,0.0
2467,CLASS I: PIPEWORK - PIPES,04 STEEL PIPES,"Carbon steel pipes to BS EN 10126; 200 mm pipes; in trenches, depth (continued)",2.00-2.50 m deep,m,54.2,38.27,123.08,0,215.55,7,215.55,0.0
2468,CLASS I: PIPEWORK - PIPES,04 STEEL PIPES,"Carbon steel pipes to BS EN 10126; 200 mm pipes; in trenches, depth (continued)",2.50-3.00 m deep,m,65.02,45.85,123.08,0,233.95,7,233.96,-0.01
2469,CLASS I: PIPEWORK - PIPES,04 STEEL PIPES,"Carbon steel pipes to BS EN 10126; 200 mm pipes; in trenches, depth (continued)",3.00-3.50 m deep,m,86.7,61.22,123.08,0,271.0,7,271.0,0.0
2470,CLASS I: PIPEWORK - PIPES,04 STEEL PIPES,"Carbon steel pipes to BS EN 10126; 200 mm pipes; in trenches, depth (continued)",3.50-4.00 m deep,m,99.71,70.47,123.08,0,293.26,7,293.26,0.0
2471,CLASS I: PIPEWORK - PIPES,04 STEEL PIPES,"Carbon steel pipes to BS EN 10126; 200 mm pipes; in trenches, depth (continued)",4.00-4.50 m deep,m,127.9,90.35,123.08,0,341.33,7,341.33,0.0
2472,CLASS I: PIPEWORK - PIPES,04 STEEL PIPES,"Carbon steel pipes to BS EN 10126; 200 mm pipes; in trenches, depth (continued)",4.50-5.00 m deep,m,160.4,113.43,123.08,0,396.91,7,396.92,-0.01
2473,CLASS I: PIPEWORK - PIPES,04 STEEL PIPES,"Carbon steel pipes to BS EN 10126; 200 mm pipes; in trenches, depth (continued)",5.00-5.50 m deep,m,199.44,141.03,123.08,0,463.55,7,463.54,0.01
2474,CLASS I: PIPEWORK - PIPES,04 STEEL PIPES,"Carbon steel pipes to BS EN 10126; 200 mm pipes; in trenches, depth (continued)",extra for bend; 45 deg,nr,26.02,7.9,204.18,0,238.1,7,238.09,0.01
2475,CLASS I: PIPEWORK - PIPES,04 STEEL PIPES,"Carbon steel pipes to BS EN 10126; 200 mm pipes; in trenches, depth (continued)",extra for bend; 90 deg,nr,26.02,7.9,212.87,0,246.79,7,246.78,0.01
2476,CLASS I: PIPEWORK - PIPES,04 STEEL PIPES,"Carbon steel pipes to BS EN 10126; 200 mm pipes; in trenches, depth (continued)",extra for single junction; equal,nr,45.53,15.73,358.06,0,419.32,7,419.31,0.01
2478,CLASS I: PIPEWORK - PIPES,04 STEEL PIPES,"250 mm pipes; in trenches, depth",not in trenches,m,13.54,1.32,174.85,0,189.71,7,189.71,0.0
2479,CLASS I: PIPEWORK - PIPES,04 STEEL PIPES,"250 mm pipes; in trenches, depth",ne 1.50 m deep,m,39.02,35.61,174.85,0,249.48,7,249.47,0.01
2480,CLASS I: PIPEWORK - PIPES,04 STEEL PIPES,"250 mm pipes; in trenches, depth",1.50-2.00 m deep,m,47.69,42.6,174.85,0,265.14,7,265.14,0.0
2481,CLASS I: PIPEWORK - PIPES,04 STEEL PIPES,"250 mm pipes; in trenches, depth",2.00-2.50 m deep,m,56.36,48.58,174.85,0,279.79,7,279.79,0.0
2482,CLASS I: PIPEWORK - PIPES,04 STEEL PIPES,"250 mm pipes; in trenches, depth",2.50-3.00 m deep,m,67.21,59.95,174.85,0,302.01,7,302.01,0.0
2483,CLASS I: PIPEWORK - PIPES,04 STEEL PIPES,"250 mm pipes; in trenches, depth",3.00-3.50 m deep,m,88.87,79.33,174.85,0,343.05,7,343.05,0.0
2484,CLASS I: PIPEWORK - PIPES,04 STEEL PIPES,"250 mm pipes; in trenches, depth",3.50-4.00 m deep,m,101.87,88.98,174.85,0,365.7,7,365.7,0.0
2485,CLASS I: PIPEWORK - PIPES,04 STEEL PIPES,"250 mm pipes; in trenches, depth",4.00-4.50 m deep,m,130.07,111.17,174.85,0,416.09,7,416.08,0.01
2486,CLASS I: PIPEWORK - PIPES,04 STEEL PIPES,"250 mm pipes; in trenches, depth",4.50-5.00 m deep,m,162.59,143.08,174.85,0,480.52,7,480.51,0.01
2487,CLASS I: PIPEWORK - PIPES,04 STEEL PIPES,"250 mm pipes; in trenches, depth",5.00-5.50 m deep,m,203.77,179.3,174.85,0,557.92,7,557.92,0.0
2488,CLASS I: PIPEWORK - PIPES,04 STEEL PIPES,"250 mm pipes; in trenches, depth",extra for bend; 45 deg,nr,28.17,7.9,369.85,0,405.92,7,405.93,-0.01
2489,CLASS I: PIPEWORK - PIPES,04 STEEL PIPES,"250 mm pipes; in trenches, depth",extra for bend; 90 deg,nr,28.17,7.9,402.75,0,438.82,7,438.83,-0.01
2490,CLASS I: PIPEWORK - PIPES,04 STEEL PIPES,"250 mm pipes; in trenches, depth",extra for single junction; equal,nr,49.85,15.81,536.81,0,602.47,7,602.48,-0.01
2492,CLASS I: PIPEWORK - PIPES,04 STEEL PIPES,"300 mm pipes; in trenches, depth",not in trenches,m,14.88,1.41,215.4,0,231.69,7,231.71,-0.02
2493,CLASS I: PIPEWORK - PIPES,04 STEEL PIPES,"300 mm pipes; in trenches, depth",ne 1.50 m deep,m,43.36,30.52,215.4,0,289.28,7,289.29,-0.01
2494,CLASS I: PIPEWORK - PIPES,04 STEEL PIPES,"300 mm pipes; in trenches, depth",1.50-2.00 m deep,m,54.2,38.24,215.4,0,307.84,7,307.84,0.0
2495,CLASS I: PIPEWORK - PIPES,04 STEEL PIPES,"300 mm pipes; in trenches, depth",2.00-2.50 m deep,m,60.69,42.81,215.4,0,318.9,7,318.91,-0.01
2496,CLASS I: PIPEWORK - PIPES,04 STEEL PIPES,"300 mm pipes; in trenches, depth",2.50-3.00 m deep,m,73.7,52.04,215.4,0,341.14,7,341.14,0.0
2497,CLASS I: PIPEWORK - PIPES,04 STEEL PIPES,"300 mm pipes; in trenches, depth",3.00-3.50 m deep,m,95.38,67.34,215.4,0,378.12,7,378.12,0.0
2498,CLASS I: PIPEWORK - PIPES,04 STEEL PIPES,"300 mm pipes; in trenches, depth",3.50-4.00 m deep,m,114.89,81.18,215.4,0,411.47,7,411.48,-0.01
2499,CLASS I: PIPEWORK - PIPES,04 STEEL PIPES,"300 mm pipes; in trenches, depth",4.00-4.50 m deep,m,147.4,104.16,215.4,0,466.96,7,466.96,0.0
2500,CLASS I: PIPEWORK - PIPES,04 STEEL PIPES,"300 mm pipes; in trenches, depth",4.50-5.00 m deep,m,186.41,131.82,215.4,0,533.63,7,533.63,0.0
2501,CLASS I: PIPEWORK - PIPES,04 STEEL PIPES,"300 mm pipes; in trenches, depth",5.00-5.50 m deep,m,229.78,162.53,215.4,0,607.71,7,607.7,0.01
2502,CLASS I: PIPEWORK - PIPES,04 STEEL PIPES,"300 mm pipes; in trenches, depth",extra for bend; 45 deg,nr,30.36,11.82,431.65,0,473.83,7,473.83,0.0
2503,CLASS I: PIPEWORK - PIPES,04 STEEL PIPES,"300 mm pipes; in trenches, depth",extra for bend; 90 deg,nr,82.38,11.82,510.28,0,604.48,7,604.48,0.0
2504,CLASS I: PIPEWORK - PIPES,04 STEEL PIPES,"300 mm pipes; in trenches, depth",extra for single junction; equal,nr,54.2,25.71,723.25,0,803.16,7,803.15,0.01
2507,CLASS I: PIPEWORK - PIPES,05 POLYVINYL CHLORIDE PIPES,"Unplasticized pvc perforated pipes; ring seal sockets; excavation and supports, backfilling; 6 m pipe lengths unless stated otherwise; 82 mm pipes; in trench, depth",not in trenches; 3.00 m pipe lengths,m,8.13,0.3,23.12,0,31.55,14,31.55,0.0
2508,CLASS I: PIPEWORK - PIPES,05 POLYVINYL CHLORIDE PIPES,"Unplasticized pvc perforated pipes; ring seal sockets; excavation and supports, backfilling; 6 m pipe lengths unless stated otherwise; 82 mm pipes; in trench, depth",ne 1.50 m deep; 3.00 m pipe lengths,m,21.67,9.85,23.12,0,54.64,13,54.66,-0.02
2509,CLASS I: PIPEWORK - PIPES,05 POLYVINYL CHLORIDE PIPES,"Unplasticized pvc perforated pipes; ring seal sockets; excavation and supports, backfilling; 6 m pipe lengths unless stated otherwise; 82 mm pipes; in trench, depth",1.50-2.00 m deep,m,28.17,12.83,23.12,0,64.12,13,64.13,-0.01
2510,CLASS I: PIPEWORK - PIPES,05 POLYVINYL CHLORIDE PIPES,"Unplasticized pvc perforated pipes; ring seal sockets; excavation and supports, backfilling; 6 m pipe lengths unless stated otherwise; 82 mm pipes; in trench, depth",2.00-2.50 m deep,m,34.68,15.81,23.12,0,73.61,13,73.6,0.01
2511,CLASS I: PIPEWORK - PIPES,05 POLYVINYL CHLORIDE PIPES,"Unplasticized pvc perforated pipes; ring seal sockets; excavation and supports, backfilling; 6 m pipe lengths unless stated otherwise; 82 mm pipes; in trench, depth",2.50-3.00 m deep,m,41.18,18.77,23.12,0,83.07,13,83.07,0.0
2512,CLASS I: PIPEWORK - PIPES,05 POLYVINYL CHLORIDE PIPES,"Unplasticized pvc perforated pipes; ring seal sockets; excavation and supports, backfilling; 6 m pipe lengths unless stated otherwise; 82 mm pipes; in trench, depth",3.00-3.50 m deep,m,47.68,21.78,23.12,0,92.58,13,92.58,0.0
2513,CLASS I: PIPEWORK - PIPES,05 POLYVINYL CHLORIDE PIPES,"Unplasticized pvc perforated pipes; ring seal sockets; excavation and supports, backfilling; 6 m pipe lengths unless stated otherwise; 82 mm pipes; in trench, depth",3.50-4.00 m deep,m,54.2,24.76,23.12,0,102.08,13,102.08,0.0
2514,CLASS I: PIPEWORK - PIPES,05 POLYVINYL CHLORIDE PIPES,"Unplasticized pvc perforated pipes; ring seal sockets; excavation and supports, backfilling; 6 m pipe lengths unless stated otherwise; 82 mm pipes; in trench, depth",4.00-4.50 m deep,m,60.69,27.73,23.12,0,111.54,13,111.54,0.0
2515,CLASS I: PIPEWORK - PIPES,05 POLYVINYL CHLORIDE PIPES,"Unplasticized pvc perforated pipes; ring seal sockets; excavation and supports, backfilling; 6 m pipe lengths unless stated otherwise; 82 mm pipes; in trench, depth",4.50-5.00 m deep,m,69.37,31.71,23.12,0,124.2,13,124.19,0.01
2516,CLASS I: PIPEWORK - PIPES,05 POLYVINYL CHLORIDE PIPES,"Unplasticized pvc perforated pipes; ring seal sockets; excavation and supports, backfilling; 6 m pipe lengths unless stated otherwise; 82 mm pipes; in trench, depth",5.00-5.50 m deep,m,75.87,34.67,23.12,0,133.66,13,133.67,-0.01
2518,CLASS I: PIPEWORK - PIPES,05 POLYVINYL CHLORIDE PIPES,"110 mm pipes; in trench, depth",not in trenches,m,8.13,0.15,32.84,0,41.12,7,41.11,0.01
2519,CLASS I: PIPEWORK - PIPES,05 POLYVINYL CHLORIDE PIPES,"110 mm pipes; in trench, depth",ne 1.50 m deep,m,21.67,9.85,32.84,0,64.36,15,64.37,-0.01
2520,CLASS I: PIPEWORK - PIPES,05 POLYVINYL CHLORIDE PIPES,"110 mm pipes; in trench, depth",1.50-2.00 m deep,m,28.17,12.83,32.84,0,73.84,15,73.85,-0.01
2521,CLASS I: PIPEWORK - PIPES,05 POLYVINYL CHLORIDE PIPES,"110 mm pipes; in trench, depth",2.00-2.50 m deep,m,34.69,15.81,32.84,0,83.34,15,83.32,0.02
2522,CLASS I: PIPEWORK - PIPES,05 POLYVINYL CHLORIDE PIPES,"110 mm pipes; in trench, depth",2.50-3.00 m deep,m,41.18,18.77,32.84,0,92.79,15,92.79,0.0
2523,CLASS I: PIPEWORK - PIPES,05 POLYVINYL CHLORIDE PIPES,"110 mm pipes; in trench, depth",3.00-3.50 m deep,m,47.7,21.78,32.84,0,102.32,15,102.3,0.02
2524,CLASS I: PIPEWORK - PIPES,05 POLYVINYL CHLORIDE PIPES,"110 mm pipes; in trench, depth",3.50-4.00 m deep,m,54.2,24.76,32.84,0,111.8,15,111.79,0.01
2525,CLASS I: PIPEWORK - PIPES,05 POLYVINYL CHLORIDE PIPES,"110 mm pipes; in trench, depth",4.00-4.50 m deep,m,60.69,27.73,32.84,0,121.26,15,121.26,0.0
2526,CLASS I: PIPEWORK - PIPES,05 POLYVINYL CHLORIDE PIPES,"110 mm pipes; in trench, depth",4.50-5.00 m deep,m,69.37,31.71,32.84,0,133.92,15,133.91,0.01
2527,CLASS I: PIPEWORK - PIPES,05 POLYVINYL CHLORIDE PIPES,"110 mm pipes; in trench, depth",5.00-5.50 m deep,m,78.03,35.68,32.84,0,146.55,15,146.56,-0.01
2529,CLASS I: PIPEWORK - PIPES,05 POLYVINYL CHLORIDE PIPES,"160 mm pipes; in trench, depth",not in trenches,m,8.13,0.31,81.79,0,90.23,7,90.22,0.01
2530,CLASS I: PIPEWORK - PIPES,05 POLYVINYL CHLORIDE PIPES,"160 mm pipes; in trench, depth",ne 1.50 m deep,m,23.83,10.81,81.79,0,116.43,15,116.46,-0.03
2531,CLASS I: PIPEWORK - PIPES,05 POLYVINYL CHLORIDE PIPES,"160 mm pipes; in trench, depth",1.50-2.00 m deep,m,30.35,13.82,81.79,0,125.96,15,125.98,-0.02
2532,CLASS I: PIPEWORK - PIPES,05 POLYVINYL CHLORIDE PIPES,"160 mm pipes; in trench, depth",2.00-2.50 m deep,m,39.02,17.78,81.79,0,138.59,15,138.59,0.0
2533,CLASS I: PIPEWORK - PIPES,05 POLYVINYL CHLORIDE PIPES,"160 mm pipes; in trench, depth",2.50-3.00 m deep,m,47.7,21.76,81.79,0,151.25,15,151.23,0.02
2534,CLASS I: PIPEWORK - PIPES,05 POLYVINYL CHLORIDE PIPES,"160 mm pipes; in trench, depth",3.00-3.50 m deep,m,49.85,22.75,81.79,0,154.39,15,154.38,0.01
2535,CLASS I: PIPEWORK - PIPES,05 POLYVINYL CHLORIDE PIPES,"160 mm pipes; in trench, depth",3.50-4.00 m deep,m,56.37,25.74,81.79,0,163.9,15,163.9,0.0
2536,CLASS I: PIPEWORK - PIPES,05 POLYVINYL CHLORIDE PIPES,"160 mm pipes; in trench, depth",4.00-4.50 m deep,m,65.03,29.69,81.79,0,176.51,15,176.5,0.01
2537,CLASS I: PIPEWORK - PIPES,05 POLYVINYL CHLORIDE PIPES,"160 mm pipes; in trench, depth",4.50-5.00 m deep,m,75.86,34.67,81.79,0,192.32,15,192.33,-0.01
2538,CLASS I: PIPEWORK - PIPES,05 POLYVINYL CHLORIDE PIPES,"160 mm pipes; in trench, depth",5.00-5.50 m deep,m,86.71,39.65,81.79,0,208.15,15,208.15,0.0
2540,CLASS I: PIPEWORK - PIPES,05 POLYVINYL CHLORIDE PIPES,"Unplasticized pvc pipes; ring seal sockets; excavation and supports, backfilling; 6 m pipe lengths unless stated otherwise; 82 mm pipes; in trenches, depth",not in trenches; 3.00 m pipe lengths,m,8.13,0.76,26.95,0,35.84,7,35.84,0.0
2541,CLASS I: PIPEWORK - PIPES,05 POLYVINYL CHLORIDE PIPES,"Unplasticized pvc pipes; ring seal sockets; excavation and supports, backfilling; 6 m pipe lengths unless stated otherwise; 82 mm pipes; in trenches, depth",ne 1.50 m deep; 3.00 m pipe lengths,m,21.69,15.05,26.95,0,63.69,7,63.68,0.01
2542,CLASS I: PIPEWORK - PIPES,05 POLYVINYL CHLORIDE PIPES,"Unplasticized pvc pipes; ring seal sockets; excavation and supports, backfilling; 6 m pipe lengths unless stated otherwise; 82 mm pipes; in trenches, depth",1.50-2.00 m deep,m,28.17,19.9,26.95,0,75.02,7,75.02,0.0
2543,CLASS I: PIPEWORK - PIPES,05 POLYVINYL CHLORIDE PIPES,"Unplasticized pvc pipes; ring seal sockets; excavation and supports, backfilling; 6 m pipe lengths unless stated otherwise; 82 mm pipes; in trenches, depth",2.00-2.50 m deep,m,34.68,24.46,26.95,0,86.09,7,86.1,-0.01
2544,CLASS I: PIPEWORK - PIPES,05 POLYVINYL CHLORIDE PIPES,"Unplasticized pvc pipes; ring seal sockets; excavation and supports, backfilling; 6 m pipe lengths unless stated otherwise; 82 mm pipes; in trenches, depth",2.50-3.00 m deep,m,41.19,29.05,26.95,0,97.19,7,97.18,0.01
2545,CLASS I: PIPEWORK - PIPES,05 POLYVINYL CHLORIDE PIPES,"Unplasticized pvc pipes; ring seal sockets; excavation and supports, backfilling; 6 m pipe lengths unless stated otherwise; 82 mm pipes; in trenches, depth",3.00-3.50 m deep,m,47.69,33.71,26.95,0,108.35,7,108.35,0.0
2546,CLASS I: PIPEWORK - PIPES,05 POLYVINYL CHLORIDE PIPES,"Unplasticized pvc pipes; ring seal sockets; excavation and supports, backfilling; 6 m pipe lengths unless stated otherwise; 82 mm pipes; in trenches, depth",3.50-4.00 m deep,m,54.2,38.29,26.95,0,119.44,7,119.45,-0.01
2547,CLASS I: PIPEWORK - PIPES,05 POLYVINYL CHLORIDE PIPES,"Unplasticized pvc pipes; ring seal sockets; excavation and supports, backfilling; 6 m pipe lengths unless stated otherwise; 82 mm pipes; in trenches, depth",4.00-4.50 m deep,m,60.69,42.88,26.95,0,130.52,7,130.53,-0.01
2548,CLASS I: PIPEWORK - PIPES,05 POLYVINYL CHLORIDE PIPES,"Unplasticized pvc pipes; ring seal sockets; excavation and supports, backfilling; 6 m pipe lengths unless stated otherwise; 82 mm pipes; in trenches, depth",4.50-5.00 m deep,m,69.37,49.03,26.95,0,145.35,7,145.36,-0.01
2549,CLASS I: PIPEWORK - PIPES,05 POLYVINYL CHLORIDE PIPES,"Unplasticized pvc pipes; ring seal sockets; excavation and supports, backfilling; 6 m pipe lengths unless stated otherwise; 82 mm pipes; in trenches, depth",5.00-5.50 m deep,m,75.87,53.64,26.95,0,156.46,7,156.46,0.0
2550,CLASS I: PIPEWORK - PIPES,05 POLYVINYL CHLORIDE PIPES,"Unplasticized pvc pipes; ring seal sockets; excavation and supports, backfilling; 6 m pipe lengths unless stated otherwise; 82 mm pipes; in trenches, depth",extra for bend; short radius (socket/spigot),nr,10.83,0,65.33,0,76.16,5,76.17,-0.01
2551,CLASS I: PIPEWORK - PIPES,05 POLYVINYL CHLORIDE PIPES,"Unplasticized pvc pipes; ring seal sockets; excavation and supports, backfilling; 6 m pipe lengths unless stated otherwise; 82 mm pipes; in trenches, depth",extra for branches; equal (socket/spigot),nr,15.17,0,87.11,0,102.28,5,102.28,0.0
2553,CLASS I: PIPEWORK - PIPES,05 POLYVINYL CHLORIDE PIPES,"Unplasticized pvc pipes; ring seal sockets; 110 mm pipes; in trenches, depth",not in trenches,m,8.13,0.76,11.86,0,20.75,7,20.74,0.01
2554,CLASS I: PIPEWORK - PIPES,05 POLYVINYL CHLORIDE PIPES,"Unplasticized pvc pipes; ring seal sockets; 110 mm pipes; in trenches, depth",ne 1.50 m deep,m,21.69,15.3,11.86,0,48.85,7,48.83,0.02
2555,CLASS I: PIPEWORK - PIPES,05 POLYVINYL CHLORIDE PIPES,"Unplasticized pvc pipes; ring seal sockets; 110 mm pipes; in trenches, depth",1.50-2.00 m deep,m,28.17,19.9,11.86,0,59.93,7,59.92,0.01
2556,CLASS I: PIPEWORK - PIPES,05 POLYVINYL CHLORIDE PIPES,"Unplasticized pvc pipes; ring seal sockets; 110 mm pipes; in trenches, depth",2.00-2.50 m deep,m,34.68,24.46,11.86,0,71.0,7,71.01,-0.01
2557,CLASS I: PIPEWORK - PIPES,05 POLYVINYL CHLORIDE PIPES,"Unplasticized pvc pipes; ring seal sockets; 110 mm pipes; in trenches, depth",2.50-3.00 m deep,m,41.19,29.05,11.86,0,82.1,7,82.09,0.01
2558,CLASS I: PIPEWORK - PIPES,05 POLYVINYL CHLORIDE PIPES,"Unplasticized pvc pipes; ring seal sockets; 110 mm pipes; in trenches, depth",3.00-3.50 m deep,m,47.69,33.71,11.86,0,93.26,7,93.25,0.01
2559,CLASS I: PIPEWORK - PIPES,05 POLYVINYL CHLORIDE PIPES,"Unplasticized pvc pipes; ring seal sockets; 110 mm pipes; in trenches, depth",3.50-4.00 m deep,m,54.2,38.29,11.86,0,104.35,7,104.36,-0.01
2560,CLASS I: PIPEWORK - PIPES,05 POLYVINYL CHLORIDE PIPES,"Unplasticized pvc pipes; ring seal sockets; 110 mm pipes; in trenches, depth",4.00-4.50 m deep,m,60.69,42.88,11.86,0,115.43,7,115.43,0.0
2561,CLASS I: PIPEWORK - PIPES,05 POLYVINYL CHLORIDE PIPES,"Unplasticized pvc pipes; ring seal sockets; 110 mm pipes; in trenches, depth",4.50-5.00 m deep,m,69.37,49.03,11.86,0,130.26,7,130.26,0.0
2562,CLASS I: PIPEWORK - PIPES,05 POLYVINYL CHLORIDE PIPES,"Unplasticized pvc pipes; ring seal sockets; 110 mm pipes; in trenches, depth",5.00-5.50 m deep,m,78.03,55.18,11.86,0,145.07,7,145.07,0.0
2563,CLASS I: PIPEWORK - PIPES,05 POLYVINYL CHLORIDE PIPES,"Unplasticized pvc pipes; ring seal sockets; 110 mm pipes; in trenches, depth",extra for bend; short redius (socket/spigot),nr,10.83,0,103.01,0,113.84,5,113.85,-0.01
2564,CLASS I: PIPEWORK - PIPES,05 POLYVINYL CHLORIDE PIPES,"Unplasticized pvc pipes; ring seal sockets; 110 mm pipes; in trenches, depth",extra for bend; adjustable (socket/spigot),nr,10.83,0,101.88,0,112.71,5,112.72,-0.01
2565,CLASS I: PIPEWORK - PIPES,05 POLYVINYL CHLORIDE PIPES,"Unplasticized pvc pipes; ring seal sockets; 110 mm pipes; in trenches, depth",extra for reducer,nr,10.83,0,38.45,0,49.28,5,49.29,-0.01
2566,CLASS I: PIPEWORK - PIPES,05 POLYVINYL CHLORIDE PIPES,"Unplasticized pvc pipes; ring seal sockets; 110 mm pipes; in trenches, depth",extra for branches; equal (socket/spigot),nr,15.17,0,131.93,0,147.1,5,147.1,0.0
2568,CLASS I: PIPEWORK - PIPES,05 POLYVINYL CHLORIDE PIPES,"160 mm pipes; in trenches, depth",not in trenches,m,8.13,0.76,33.42,0,42.31,7,42.31,0.0
2569,CLASS I: PIPEWORK - PIPES,05 POLYVINYL CHLORIDE PIPES,"160 mm pipes; in trenches, depth",ne 1.50 m deep,m,23.85,16.77,33.42,0,74.04,7,74.04,0.0
2570,CLASS I: PIPEWORK - PIPES,05 POLYVINYL CHLORIDE PIPES,"160 mm pipes; in trenches, depth",1.50-2.00 m deep,m,30.36,21.44,33.42,0,85.22,7,85.21,0.01
2571,CLASS I: PIPEWORK - PIPES,05 POLYVINYL CHLORIDE PIPES,"160 mm pipes; in trenches, depth",2.00-2.50 m deep,m,39.02,27.59,33.42,0,100.03,7,100.02,0.01
2572,CLASS I: PIPEWORK - PIPES,05 POLYVINYL CHLORIDE PIPES,"160 mm pipes; in trenches, depth",2.50-3.00 m deep,m,47.69,33.69,33.42,0,114.8,7,114.8,0.0
2573,CLASS I: PIPEWORK - PIPES,05 POLYVINYL CHLORIDE PIPES,"160 mm pipes; in trenches, depth",3.00-3.50 m deep,m,49.85,35.18,33.42,0,118.45,7,118.46,-0.01
2574,CLASS I: PIPEWORK - PIPES,05 POLYVINYL CHLORIDE PIPES,"160 mm pipes; in trenches, depth",3.50-4.00 m deep,m,56.36,39.85,33.42,0,129.63,7,129.63,0.0
2575,CLASS I: PIPEWORK - PIPES,05 POLYVINYL CHLORIDE PIPES,"160 mm pipes; in trenches, depth",4.00-4.50 m deep,m,65.02,45.92,33.42,0,144.36,7,144.37,-0.01
2576,CLASS I: PIPEWORK - PIPES,05 POLYVINYL CHLORIDE PIPES,"160 mm pipes; in trenches, depth",4.50-5.00 m deep,m,75.87,53.61,33.42,0,162.9,7,162.9,0.0
2577,CLASS I: PIPEWORK - PIPES,05 POLYVINYL CHLORIDE PIPES,"160 mm pipes; in trenches, depth",5.00-5.50 m deep,m,86.7,61.31,33.42,0,181.43,7,181.44,-0.01
2578,CLASS I: PIPEWORK - PIPES,05 POLYVINYL CHLORIDE PIPES,"160 mm pipes; in trenches, depth",extra for bend; short radius (socket/spigot),nr,10.83,0,403.21,0,414.04,5,414.05,-0.01
2579,CLASS I: PIPEWORK - PIPES,05 POLYVINYL CHLORIDE PIPES,"160 mm pipes; in trenches, depth",extra for branches; equal (socket/spigot),nr,15.17,0,452.71,0,467.88,5,467.88,0.0
2581,CLASS I: PIPEWORK - PIPES,05 POLYVINYL CHLORIDE PIPES,"225 mm pipes; in trenches, depth",not in trenches,m,9.47,0.9,191.4,0,201.77,7,201.77,0.0
2582,CLASS I: PIPEWORK - PIPES,05 POLYVINYL CHLORIDE PIPES,"225 mm pipes; in trenches, depth",ne 1.50 m deep,m,26.02,18.31,191.4,0,235.73,7,235.72,0.01
2583,CLASS I: PIPEWORK - PIPES,05 POLYVINYL CHLORIDE PIPES,"225 mm pipes; in trenches, depth",1.50-2.00 m deep,m,32.51,22.92,191.4,0,246.83,7,246.84,-0.01
2584,CLASS I: PIPEWORK - PIPES,05 POLYVINYL CHLORIDE PIPES,"225 mm pipes; in trenches, depth",2.00-2.50 m deep,m,43.36,30.58,191.4,0,265.34,7,265.34,0.0
2585,CLASS I: PIPEWORK - PIPES,05 POLYVINYL CHLORIDE PIPES,"225 mm pipes; in trenches, depth",2.50-3.00 m deep,m,49.85,35.16,191.4,0,276.41,7,276.41,0.0
2586,CLASS I: PIPEWORK - PIPES,05 POLYVINYL CHLORIDE PIPES,"225 mm pipes; in trenches, depth",3.00-3.50 m deep,m,52.01,36.73,191.4,0,280.14,7,280.15,-0.01
2587,CLASS I: PIPEWORK - PIPES,05 POLYVINYL CHLORIDE PIPES,"225 mm pipes; in trenches, depth",3.50-4.00 m deep,m,58.53,41.32,191.4,0,291.25,7,291.25,0.0
2588,CLASS I: PIPEWORK - PIPES,05 POLYVINYL CHLORIDE PIPES,"225 mm pipes; in trenches, depth",4.00-4.50 m deep,m,69.37,49.01,191.4,0,309.78,7,309.78,0.0
2589,CLASS I: PIPEWORK - PIPES,05 POLYVINYL CHLORIDE PIPES,"225 mm pipes; in trenches, depth",4.50-5.00 m deep,m,78.03,55.16,191.4,0,324.59,7,324.59,0.0
2590,CLASS I: PIPEWORK - PIPES,05 POLYVINYL CHLORIDE PIPES,"225 mm pipes; in trenches, depth",5.00-5.50 m deep,m,97.54,68.99,191.4,0,357.93,7,357.94,-0.01
2591,CLASS I: PIPEWORK - PIPES,05 POLYVINYL CHLORIDE PIPES,"225 mm pipes; in trenches, depth",extra for bend; short radius 45 deg (double socket),nr,600.45,0,285.32,0,885.77,5,885.78,-0.01
2592,CLASS I: PIPEWORK - PIPES,05 POLYVINYL CHLORIDE PIPES,"225 mm pipes; in trenches, depth",extra for branches; equal (all socket),nr,19.52,0,937.15,0,956.67,5,956.66,0.01
2594,CLASS I: PIPEWORK - PIPES,05 POLYVINYL CHLORIDE PIPES,"300 mm pipes; in trenches, depth",not in trenches,m,10.83,1.04,297.34,0,309.21,7,309.22,-0.01
2595,CLASS I: PIPEWORK - PIPES,05 POLYVINYL CHLORIDE PIPES,"300 mm pipes; in trenches, depth",ne 1.50 m deep,m,28.17,19.85,297.34,0,345.36,7,345.37,-0.01
2596,CLASS I: PIPEWORK - PIPES,05 POLYVINYL CHLORIDE PIPES,"300 mm pipes; in trenches, depth",1.50-2.00 m deep,m,34.68,24.46,297.34,0,356.48,7,356.49,-0.01
2597,CLASS I: PIPEWORK - PIPES,05 POLYVINYL CHLORIDE PIPES,"300 mm pipes; in trenches, depth",2.00-2.50 m deep,m,45.53,32.12,297.34,0,374.99,7,374.99,0.0
2598,CLASS I: PIPEWORK - PIPES,05 POLYVINYL CHLORIDE PIPES,"300 mm pipes; in trenches, depth",2.50-3.00 m deep,m,49.85,35.16,297.34,0,382.35,7,382.36,-0.01
2599,CLASS I: PIPEWORK - PIPES,05 POLYVINYL CHLORIDE PIPES,"300 mm pipes; in trenches, depth",3.00-3.50 m deep,m,54.2,38.27,297.34,0,389.81,7,389.82,-0.01
2600,CLASS I: PIPEWORK - PIPES,05 POLYVINYL CHLORIDE PIPES,"300 mm pipes; in trenches, depth",3.50-4.00 m deep,m,60.69,42.88,297.34,0,400.91,7,400.92,-0.01
2601,CLASS I: PIPEWORK - PIPES,05 POLYVINYL CHLORIDE PIPES,"300 mm pipes; in trenches, depth",4.00-4.50 m deep,m,73.7,52.1,297.34,0,423.14,7,423.15,-0.01
2602,CLASS I: PIPEWORK - PIPES,05 POLYVINYL CHLORIDE PIPES,"300 mm pipes; in trenches, depth",4.50-5.00 m deep,m,82.38,58.25,297.34,0,437.97,7,437.98,-0.01
2603,CLASS I: PIPEWORK - PIPES,05 POLYVINYL CHLORIDE PIPES,"300 mm pipes; in trenches, depth",5.00-5.50 m deep,m,101.87,72.03,297.34,0,471.24,7,471.25,-0.01
2604,CLASS I: PIPEWORK - PIPES,05 POLYVINYL CHLORIDE PIPES,"300 mm pipes; in trenches, depth",extra for bend; short radius 45 deg (double socket),nr,216.77,0,2431.23,0,2648.0,5,2648.0,0.0
2605,CLASS I: PIPEWORK - PIPES,05 POLYVINYL CHLORIDE PIPES,"300 mm pipes; in trenches, depth",extra for branches; unequal (all socket),nr,19.52,0,1553.72,0,1573.24,5,1573.24,0.0
2607,CLASS I: PIPEWORK - PIPES,05 POLYVINYL CHLORIDE PIPES,"Unplasticized pvc pipes; polypropylene couplings; excavation and supports, backfilling; 6 m pipe lengths unless stated otherwise; 110 mm pipes; in trenches, depth",not in trenches,m,8.13,0.76,23.88,0,32.77,7,32.77,0.0
2608,CLASS I: PIPEWORK - PIPES,05 POLYVINYL CHLORIDE PIPES,"Unplasticized pvc pipes; polypropylene couplings; excavation and supports, backfilling; 6 m pipe lengths unless stated otherwise; 110 mm pipes; in trenches, depth",ne 1.50 m deep,m,21.69,15.3,23.88,0,60.87,7,60.86,0.01
2609,CLASS I: PIPEWORK - PIPES,05 POLYVINYL CHLORIDE PIPES,"Unplasticized pvc pipes; polypropylene couplings; excavation and supports, backfilling; 6 m pipe lengths unless stated otherwise; 110 mm pipes; in trenches, depth",1.50-2.00 m deep,m,28.17,19.9,23.88,0,71.95,7,71.95,0.0
2610,CLASS I: PIPEWORK - PIPES,05 POLYVINYL CHLORIDE PIPES,"Unplasticized pvc pipes; polypropylene couplings; excavation and supports, backfilling; 6 m pipe lengths unless stated otherwise; 110 mm pipes; in trenches, depth",2.00-2.50 m deep,m,34.68,24.46,23.88,0,83.02,7,83.03,-0.01
2611,CLASS I: PIPEWORK - PIPES,05 POLYVINYL CHLORIDE PIPES,"Unplasticized pvc pipes; polypropylene couplings; excavation and supports, backfilling; 6 m pipe lengths unless stated otherwise; 110 mm pipes; in trenches, depth",2.50-3.00 m deep,m,41.19,29.05,23.88,0,94.12,7,94.11,0.01
2612,CLASS I: PIPEWORK - PIPES,05 POLYVINYL CHLORIDE PIPES,"Unplasticized pvc pipes; polypropylene couplings; excavation and supports, backfilling; 6 m pipe lengths unless stated otherwise; 110 mm pipes; in trenches, depth",3.00-3.50 m deep,m,47.69,33.71,23.88,0,105.28,7,105.27,0.01
2613,CLASS I: PIPEWORK - PIPES,05 POLYVINYL CHLORIDE PIPES,"Unplasticized pvc pipes; polypropylene couplings; excavation and supports, backfilling; 6 m pipe lengths unless stated otherwise; 110 mm pipes; in trenches, depth",3.50-4.00 m deep,m,54.2,38.29,23.88,0,116.37,7,116.38,-0.01
2614,CLASS I: PIPEWORK - PIPES,05 POLYVINYL CHLORIDE PIPES,"Unplasticized pvc pipes; polypropylene couplings; excavation and supports, backfilling; 6 m pipe lengths unless stated otherwise; 110 mm pipes; in trenches, depth",4.00-4.50 m deep,m,60.69,42.88,23.88,0,127.45,7,127.46,-0.01
2615,CLASS I: PIPEWORK - PIPES,05 POLYVINYL CHLORIDE PIPES,"Unplasticized pvc pipes; polypropylene couplings; excavation and supports, backfilling; 6 m pipe lengths unless stated otherwise; 110 mm pipes; in trenches, depth",4.50-5.00 m deep,m,69.37,49.03,23.88,0,142.28,7,142.28,0.0
2616,CLASS I: PIPEWORK - PIPES,05 POLYVINYL CHLORIDE PIPES,"Unplasticized pvc pipes; polypropylene couplings; excavation and supports, backfilling; 6 m pipe lengths unless stated otherwise; 110 mm pipes; in trenches, depth",5.00-5.50 m deep,m,78.03,55.18,23.88,0,157.09,7,157.09,0.0
2618,CLASS I: PIPEWORK - PIPES,05 POLYVINYL CHLORIDE PIPES,"160 mm pipes; in trenches, depth",not in trenches,m,8.13,0.81,79.11,0,88.05,7,88.04,0.01
2619,CLASS I: PIPEWORK - PIPES,05 POLYVINYL CHLORIDE PIPES,"160 mm pipes; in trenches, depth",ne 1.50 m deep,m,23.85,16.77,79.11,0,119.73,7,119.72,0.01
2620,CLASS I: PIPEWORK - PIPES,05 POLYVINYL CHLORIDE PIPES,"160 mm pipes; in trenches, depth",1.50-2.00 m deep,m,30.36,21.44,79.11,0,130.91,7,130.9,0.01
2621,CLASS I: PIPEWORK - PIPES,05 POLYVINYL CHLORIDE PIPES,"160 mm pipes; in trenches, depth",2.00-2.50 m deep,m,39.02,27.59,79.11,0,145.72,7,145.71,0.01
2622,CLASS I: PIPEWORK - PIPES,05 POLYVINYL CHLORIDE PIPES,"160 mm pipes; in trenches, depth",2.50-3.00 m deep,m,47.69,33.69,79.11,0,160.49,7,160.49,0.0
2623,CLASS I: PIPEWORK - PIPES,05 POLYVINYL CHLORIDE PIPES,"160 mm pipes; in trenches, depth",3.00-3.50 m deep,m,49.85,35.18,79.11,0,164.14,7,164.15,-0.01
2624,CLASS I: PIPEWORK - PIPES,05 POLYVINYL CHLORIDE PIPES,"160 mm pipes; in trenches, depth",3.50-4.00 m deep,m,56.36,39.85,79.11,0,175.32,7,175.32,0.0
2625,CLASS I: PIPEWORK - PIPES,05 POLYVINYL CHLORIDE PIPES,"160 mm pipes; in trenches, depth",4.00-4.50 m deep,m,65.02,45.92,79.11,0,190.05,7,190.06,-0.01
2626,CLASS I: PIPEWORK - PIPES,05 POLYVINYL CHLORIDE PIPES,"160 mm pipes; in trenches, depth",4.50-5.00 m deep,m,75.87,53.61,79.11,0,208.59,7,208.59,0.0
2627,CLASS I: PIPEWORK - PIPES,05 POLYVINYL CHLORIDE PIPES,"160 mm pipes; in trenches, depth",5.00-5.50 m deep,m,86.7,61.31,79.11,0,227.12,7,227.13,-0.01
2629,CLASS I: PIPEWORK - PIPES,05 POLYVINYL CHLORIDE PIPES,"225 mm pipes; in trenches, depth",not in trenches,m,9.47,0.9,150.81,0,161.18,7,161.18,0.0
2630,CLASS I: PIPEWORK - PIPES,05 POLYVINYL CHLORIDE PIPES,"225 mm pipes; in trenches, depth",ne 1.50 m deep,m,26.02,18.31,150.81,0,195.14,7,195.13,0.01
2631,CLASS I: PIPEWORK - PIPES,05 POLYVINYL CHLORIDE PIPES,"225 mm pipes; in trenches, depth",1.50-2.00 m deep,m,32.51,22.92,150.81,0,206.24,7,206.25,-0.01
2632,CLASS I: PIPEWORK - PIPES,05 POLYVINYL CHLORIDE PIPES,"225 mm pipes; in trenches, depth",2.00-2.50 m deep,m,43.36,30.58,150.81,0,224.75,7,224.75,0.0
2633,CLASS I: PIPEWORK - PIPES,05 POLYVINYL CHLORIDE PIPES,"225 mm pipes; in trenches, depth",2.50-3.00 m deep,m,49.85,35.16,150.81,0,235.82,7,235.82,0.0
2634,CLASS I: PIPEWORK - PIPES,05 POLYVINYL CHLORIDE PIPES,"225 mm pipes; in trenches, depth",3.00-3.50 m deep,m,52.01,36.73,150.81,0,239.55,7,239.56,-0.01
2635,CLASS I: PIPEWORK - PIPES,05 POLYVINYL CHLORIDE PIPES,"225 mm pipes; in trenches, depth",3.50-4.00 m deep,m,58.53,41.32,150.81,0,250.66,7,250.66,0.0
2636,CLASS I: PIPEWORK - PIPES,05 POLYVINYL CHLORIDE PIPES,"225 mm pipes; in trenches, depth",4.00-4.50 m deep,m,69.37,49.01,150.81,0,269.19,7,269.19,0.0
2637,CLASS I: PIPEWORK - PIPES,05 POLYVINYL CHLORIDE PIPES,"225 mm pipes; in trenches, depth",4.50-5.00 m deep,m,78.03,55.16,150.81,0,284.0,7,284.0,0.0
2638,CLASS I: PIPEWORK - PIPES,05 POLYVINYL CHLORIDE PIPES,"225 mm pipes; in trenches, depth",5.00-5.50 m deep,m,97.54,68.99,150.81,0,317.34,7,317.35,-0.01
2640,CLASS I: PIPEWORK - PIPES,05 POLYVINYL CHLORIDE PIPES,"300 mm pipes; in trenches, depth",not in trenches,m,10.83,1.04,298.43,0,310.3,7,310.31,-0.01
2642,CLASS I: PIPEWORK - PIPES,05 POLYVINYL CHLORIDE PIPES,"Unplasticized pvc pipes; polypropylene couplings; 300 mm pipes; in trenches, depth (continued)",ne 1.50 m deep,m,28.17,19.85,298.43,0,346.45,7,346.46,-0.01
2643,CLASS I: PIPEWORK - PIPES,05 POLYVINYL CHLORIDE PIPES,"Unplasticized pvc pipes; polypropylene couplings; 300 mm pipes; in trenches, depth (continued)",1.50-2.00 m deep,m,34.68,24.46,298.43,0,357.57,7,357.58,-0.01
2644,CLASS I: PIPEWORK - PIPES,05 POLYVINYL CHLORIDE PIPES,"Unplasticized pvc pipes; polypropylene couplings; 300 mm pipes; in trenches, depth (continued)",2.00-2.50 m deep,m,45.53,32.12,298.43,0,376.08,7,376.08,0.0
2645,CLASS I: PIPEWORK - PIPES,05 POLYVINYL CHLORIDE PIPES,"Unplasticized pvc pipes; polypropylene couplings; 300 mm pipes; in trenches, depth (continued)",2.50-3.00 m deep,m,49.85,35.16,298.43,0,383.44,7,383.45,-0.01
2646,CLASS I: PIPEWORK - PIPES,05 POLYVINYL CHLORIDE PIPES,"Unplasticized pvc pipes; polypropylene couplings; 300 mm pipes; in trenches, depth (continued)",3.00-3.50 m deep,m,54.2,38.27,298.43,0,390.9,7,390.91,-0.01
2647,CLASS I: PIPEWORK - PIPES,05 POLYVINYL CHLORIDE PIPES,"Unplasticized pvc pipes; polypropylene couplings; 300 mm pipes; in trenches, depth (continued)",3.50-4.00 m deep,m,60.69,42.88,298.43,0,402.0,7,402.01,-0.01
2648,CLASS I: PIPEWORK - PIPES,05 POLYVINYL CHLORIDE PIPES,"Unplasticized pvc pipes; polypropylene couplings; 300 mm pipes; in trenches, depth (continued)",4.00-4.50 m deep,m,73.7,52.1,298.43,0,424.23,7,424.24,-0.01
2649,CLASS I: PIPEWORK - PIPES,05 POLYVINYL CHLORIDE PIPES,"Unplasticized pvc pipes; polypropylene couplings; 300 mm pipes; in trenches, depth (continued)",4.50-5.00 m deep,m,82.38,58.25,298.43,0,439.06,7,439.07,-0.01
2650,CLASS I: PIPEWORK - PIPES,05 POLYVINYL CHLORIDE PIPES,"Unplasticized pvc pipes; polypropylene couplings; 300 mm pipes; in trenches, depth (continued)",5.00-5.50 m deep,m,101.87,72.03,298.43,0,472.33,7,472.34,-0.01
2652,CLASS I: PIPEWORK - PIPES,05 POLYVINYL CHLORIDE PIPES,"Ultrarib unplasticized pvc pipes; ring seal joints; excavation and supports, backfilling; 150 mm pipes; in trenches, depth",not in trenches,m,17.61,1.7,38.64,0,57.95,7,57.93,0.02
2653,CLASS I: PIPEWORK - PIPES,05 POLYVINYL CHLORIDE PIPES,"Ultrarib unplasticized pvc pipes; ring seal joints; excavation and supports, backfilling; 150 mm pipes; in trenches, depth",ne 1.50 m deep,m,34.68,24.42,40.25,0,99.35,7,99.35,0.0
2654,CLASS I: PIPEWORK - PIPES,05 POLYVINYL CHLORIDE PIPES,"Ultrarib unplasticized pvc pipes; ring seal joints; excavation and supports, backfilling; 150 mm pipes; in trenches, depth",1.50-2.00 m deep,m,41.19,29.03,39.71,0,109.93,7,109.93,0.0
2655,CLASS I: PIPEWORK - PIPES,05 POLYVINYL CHLORIDE PIPES,"Ultrarib unplasticized pvc pipes; ring seal joints; excavation and supports, backfilling; 150 mm pipes; in trenches, depth",2.00-2.50 m deep,m,47.69,33.71,39.17,0,120.57,7,120.57,0.0
2656,CLASS I: PIPEWORK - PIPES,05 POLYVINYL CHLORIDE PIPES,"Ultrarib unplasticized pvc pipes; ring seal joints; excavation and supports, backfilling; 150 mm pipes; in trenches, depth",2.50-3.00 m deep,m,52.01,36.71,38.64,0,127.36,7,127.36,0.0
2657,CLASS I: PIPEWORK - PIPES,05 POLYVINYL CHLORIDE PIPES,"Ultrarib unplasticized pvc pipes; ring seal joints; excavation and supports, backfilling; 150 mm pipes; in trenches, depth",3.00-3.50 m deep,m,52.01,36.73,39.39,0,128.13,7,128.14,-0.01
2658,CLASS I: PIPEWORK - PIPES,05 POLYVINYL CHLORIDE PIPES,"Ultrarib unplasticized pvc pipes; ring seal joints; excavation and supports, backfilling; 150 mm pipes; in trenches, depth",3.50-4.00 m deep,m,58.53,41.32,38.64,0,138.49,7,138.49,0.0
2659,CLASS I: PIPEWORK - PIPES,05 POLYVINYL CHLORIDE PIPES,"Ultrarib unplasticized pvc pipes; ring seal joints; excavation and supports, backfilling; 150 mm pipes; in trenches, depth",4.00-4.50 m deep,m,69.37,49.01,38.64,0,157.02,7,157.02,0.0
2660,CLASS I: PIPEWORK - PIPES,05 POLYVINYL CHLORIDE PIPES,"Ultrarib unplasticized pvc pipes; ring seal joints; excavation and supports, backfilling; 150 mm pipes; in trenches, depth",4.50-5.00 m deep,m,78.03,55.16,39.39,0,172.58,7,172.58,0.0
2661,CLASS I: PIPEWORK - PIPES,05 POLYVINYL CHLORIDE PIPES,"Ultrarib unplasticized pvc pipes; ring seal joints; excavation and supports, backfilling; 150 mm pipes; in trenches, depth",5.00-5.50 m deep,m,97.54,68.99,39.39,0,205.92,7,205.92,0.0
2662,CLASS I: PIPEWORK - PIPES,05 POLYVINYL CHLORIDE PIPES,"Ultrarib unplasticized pvc pipes; ring seal joints; excavation and supports, backfilling; 150 mm pipes; in trenches, depth",extra for 45 deg bends; short radius (socket/spigot),nr,10.83,0,85.12,0,95.95,5,95.96,-0.01
2663,CLASS I: PIPEWORK - PIPES,05 POLYVINYL CHLORIDE PIPES,"Ultrarib unplasticized pvc pipes; ring seal joints; excavation and supports, backfilling; 150 mm pipes; in trenches, depth",extra for branches; equal (socket/spigot),nr,19.52,0,235.48,0,255.0,5,255.0,0.0
2665,CLASS I: PIPEWORK - PIPES,05 POLYVINYL CHLORIDE PIPES,"225 mm pipes; in trenches, depth",not in trenches,m,10.83,1.04,125.27,0,137.14,7,137.15,-0.01
2666,CLASS I: PIPEWORK - PIPES,05 POLYVINYL CHLORIDE PIPES,"225 mm pipes; in trenches, depth",ne 1.50 m deep,m,78.03,19.85,84.55,0,182.43,7,182.43,0.0
2667,CLASS I: PIPEWORK - PIPES,05 POLYVINYL CHLORIDE PIPES,"225 mm pipes; in trenches, depth",1.50-2.00 m deep,m,82.38,24.46,84.55,0,191.39,7,191.39,0.0
2668,CLASS I: PIPEWORK - PIPES,05 POLYVINYL CHLORIDE PIPES,"225 mm pipes; in trenches, depth",2.00-2.50 m deep,m,95.38,32.12,84.55,0,212.05,7,212.05,0.0
2669,CLASS I: PIPEWORK - PIPES,05 POLYVINYL CHLORIDE PIPES,"225 mm pipes; in trenches, depth",2.50-3.00 m deep,m,99.71,35.16,84.55,0,219.42,7,219.42,0.0
2670,CLASS I: PIPEWORK - PIPES,05 POLYVINYL CHLORIDE PIPES,"225 mm pipes; in trenches, depth",3.00-3.50 m deep,m,101.87,38.27,84.55,0,224.69,7,224.7,-0.01
2671,CLASS I: PIPEWORK - PIPES,05 POLYVINYL CHLORIDE PIPES,"225 mm pipes; in trenches, depth",3.50-4.00 m deep,m,110.54,42.88,84.55,0,237.97,7,237.98,-0.01
2672,CLASS I: PIPEWORK - PIPES,05 POLYVINYL CHLORIDE PIPES,"225 mm pipes; in trenches, depth",4.00-4.50 m deep,m,123.55,52.1,84.55,0,260.2,7,260.21,-0.01
2673,CLASS I: PIPEWORK - PIPES,05 POLYVINYL CHLORIDE PIPES,"225 mm pipes; in trenches, depth",4.50-5.00 m deep,m,132.23,58.25,84.55,0,275.03,7,275.04,-0.01
2674,CLASS I: PIPEWORK - PIPES,05 POLYVINYL CHLORIDE PIPES,"225 mm pipes; in trenches, depth",5.00-5.50 m deep,m,151.74,72.03,84.55,0,308.32,7,308.33,-0.01
2675,CLASS I: PIPEWORK - PIPES,05 POLYVINYL CHLORIDE PIPES,"225 mm pipes; in trenches, depth",extra for 45 deg bends; short radius (socket/spigot),nr,10.83,0,409.63,0,420.46,5,420.47,-0.01
2676,CLASS I: PIPEWORK - PIPES,05 POLYVINYL CHLORIDE PIPES,"225 mm pipes; in trenches, depth",extra for branches; equal (socket/spigot),nr,19.52,0,816.86,0,836.38,5,836.38,0.0
2678,CLASS I: PIPEWORK - PIPES,05 POLYVINYL CHLORIDE PIPES,"300 mm pipes; in trenches, depth",not in trenches,m,101.57,1.04,101.67,0,204.28,7,204.27,0.01
2679,CLASS I: PIPEWORK - PIPES,05 POLYVINYL CHLORIDE PIPES,"300 mm pipes; in trenches, depth",ne 1.50 m deep,m,123.55,19.85,101.67,0,245.07,7,245.08,-0.01
2680,CLASS I: PIPEWORK - PIPES,05 POLYVINYL CHLORIDE PIPES,"300 mm pipes; in trenches, depth",1.50-2.00 m deep,m,130.07,24.46,101.67,0,256.2,7,256.2,0.0
2681,CLASS I: PIPEWORK - PIPES,05 POLYVINYL CHLORIDE PIPES,"300 mm pipes; in trenches, depth",2.00-2.50 m deep,m,140.91,32.12,101.67,0,274.7,7,274.7,0.0
2682,CLASS I: PIPEWORK - PIPES,05 POLYVINYL CHLORIDE PIPES,"300 mm pipes; in trenches, depth",2.50-3.00 m deep,m,145.24,35.16,101.67,0,282.07,7,282.07,0.0
2683,CLASS I: PIPEWORK - PIPES,05 POLYVINYL CHLORIDE PIPES,"300 mm pipes; in trenches, depth",3.00-3.50 m deep,m,130.07,38.27,101.67,0,270.01,7,270.01,0.0
2684,CLASS I: PIPEWORK - PIPES,05 POLYVINYL CHLORIDE PIPES,"300 mm pipes; in trenches, depth",3.50-4.00 m deep,m,156.07,42.88,101.67,0,300.62,7,300.62,0.0
2685,CLASS I: PIPEWORK - PIPES,05 POLYVINYL CHLORIDE PIPES,"300 mm pipes; in trenches, depth",4.00-4.50 m deep,m,169.07,52.1,101.67,0,322.84,7,322.86,-0.02
2686,CLASS I: PIPEWORK - PIPES,05 POLYVINYL CHLORIDE PIPES,"300 mm pipes; in trenches, depth",4.50-5.00 m deep,m,177.76,58.25,101.67,0,337.68,7,337.68,0.0
2687,CLASS I: PIPEWORK - PIPES,05 POLYVINYL CHLORIDE PIPES,"300 mm pipes; in trenches, depth",5.00-5.50 m deep,m,197.25,72.03,101.67,0,370.95,7,370.96,-0.01
2688,CLASS I: PIPEWORK - PIPES,05 POLYVINYL CHLORIDE PIPES,"300 mm pipes; in trenches, depth",extra for 45 deg bends; short radius (socket/spigot),nr,75.87,0,743.91,0,819.78,5,819.78,0.0
2689,CLASS I: PIPEWORK - PIPES,05 POLYVINYL CHLORIDE PIPES,"300 mm pipes; in trenches, depth",extra for branches; equal (socket/spigot),nr,19.52,0,1887.42,0,1906.94,5,1906.94,0.0
2711,CLASS J: PIPEWORK - FITTINGS AND VALVES,08 VALVES AND PENSTOCKS,Valves; Non-return valves; cast iron; single door; tidal flap,250 mm,nr,230.1,30.51,474.98,0,735.59,12,735.59,0.0
2712,CLASS J: PIPEWORK - FITTINGS AND VALVES,08 VALVES AND PENSTOCKS,Valves; Non-return valves; cast iron; single door; tidal flap,350 mm,nr,230.1,30.51,906.05,0,1166.66,12,1166.67,-0.01
2713,CLASS J: PIPEWORK - FITTINGS AND VALVES,08 VALVES AND PENSTOCKS,Valves; Non-return valves; cast iron; single door; tidal flap,450 mm,nr,230.1,30.51,1319.82,0,1580.43,12,1580.43,0.0
2714,CLASS J: PIPEWORK - FITTINGS AND VALVES,08 VALVES AND PENSTOCKS,Valves; Non-return valves; cast iron; single door; tidal flap,600 mm,nr,306.8,45.73,2044.93,0,2397.46,12,2397.47,-0.01
2715,CLASS J: PIPEWORK - FITTINGS AND VALVES,08 VALVES AND PENSTOCKS,Valves; Non-return valves; cast iron; single door; tidal flap,800 mm,nr,345.14,53.39,2823.46,0,3221.99,12,3221.98,0.01
2717,CLASS J: PIPEWORK - FITTINGS AND VALVES,08 VALVES AND PENSTOCKS,Penstocks; cast iron; wall mounted; hand operated,250 mm,nr,318.3,53.39,964.75,0,1336.44,12,1336.44,0.0
2718,CLASS J: PIPEWORK - FITTINGS AND VALVES,08 VALVES AND PENSTOCKS,Penstocks; cast iron; wall mounted; hand operated,350 mm,nr,441.02,61.02,1350.46,0,1852.5,12,1852.51,-0.01
2719,CLASS J: PIPEWORK - FITTINGS AND VALVES,08 VALVES AND PENSTOCKS,Penstocks; cast iron; wall mounted; hand operated,450 mm,nr,556.07,68.66,1611.05,0,2235.78,12,2235.79,-0.01
2720,CLASS J: PIPEWORK - FITTINGS AND VALVES,08 VALVES AND PENSTOCKS,Penstocks; cast iron; wall mounted; hand operated,600 x 600 mm,nr,1035.43,122.05,2606.14,0,3763.62,12,3763.62,0.0
2721,CLASS J: PIPEWORK - FITTINGS AND VALVES,08 VALVES AND PENSTOCKS,Penstocks; cast iron; wall mounted; hand operated,1000 x 1000 mm,nr,1725.73,228.89,4501.5,0,6456.12,12,6456.12,0.0
2777,CLASS K: PIPEWORK - MANHOLES AND PIPEWORK ANCILLARIES,01 MANHOLES,750 x 700 chamber 500 depth to invert,"excavation, support, backfilling and disposal",nr,41.52,21.69,0,0,63.21,7,63.22,-0.01
2778,CLASS K: PIPEWORK - MANHOLES AND PIPEWORK ANCILLARIES,01 MANHOLES,750 x 700 chamber 500 depth to invert,concrete base,nr,16.76,4.32,41.07,0,62.15,8,62.17,-0.02
2779,CLASS K: PIPEWORK - MANHOLES AND PIPEWORK ANCILLARIES,01 MANHOLES,750 x 700 chamber 500 depth to invert,brickwork chamber,nr,146.49,14.27,120.39,0,281.15,8,281.16,-0.01
2780,CLASS K: PIPEWORK - MANHOLES AND PIPEWORK ANCILLARIES,01 MANHOLES,750 x 700 chamber 500 depth to invert,concrete cover slab,nr,103.86,57.44,198.74,0,360.04,8,360.05,-0.01
2781,CLASS K: PIPEWORK - MANHOLES AND PIPEWORK ANCILLARIES,01 MANHOLES,750 x 700 chamber 500 depth to invert,"concrete benching, main and branch channels",nr,305.07,40.46,323.88,0,669.41,8,669.41,0.0
2782,CLASS K: PIPEWORK - MANHOLES AND PIPEWORK ANCILLARIES,01 MANHOLES,750 x 700 chamber 500 depth to invert,step irons,nr,8.08,0.79,53.61,0,62.48,8,62.48,0.0
2783,CLASS K: PIPEWORK - MANHOLES AND PIPEWORK ANCILLARIES,01 MANHOLES,750 x 700 chamber 500 depth to invert,access cover and frame,nr,63.0,5.17,399.36,0,467.53,8,467.53,0.0
2784,CLASS K: PIPEWORK - MANHOLES AND PIPEWORK ANCILLARIES,01 MANHOLES,750 x 700 chamber 500 depth to invert,TOTAL,nr,684.82,144.17,1137.05,0,1966.04,8,1966.05,-0.01
2786,CLASS K: PIPEWORK - MANHOLES AND PIPEWORK ANCILLARIES,01 MANHOLES,750 x 700 chamber 1000 depth to invert,"excavation, support, backfilling and disposal",nr,81.97,43.06,0,0,125.03,7,125.02,0.01
2787,CLASS K: PIPEWORK - MANHOLES AND PIPEWORK ANCILLARIES,01 MANHOLES,750 x 700 chamber 1000 depth to invert,concrete base,nr,16.76,4.32,41.07,0,62.15,8,62.17,-0.02
2788,CLASS K: PIPEWORK - MANHOLES AND PIPEWORK ANCILLARIES,01 MANHOLES,750 x 700 chamber 1000 depth to invert,brickwork chamber,nr,293.0,28.56,240.77,0,562.33,8,562.32,0.01
2789,CLASS K: PIPEWORK - MANHOLES AND PIPEWORK ANCILLARIES,01 MANHOLES,750 x 700 chamber 1000 depth to invert,concrete cover slab,nr,103.86,57.44,198.74,0,360.04,8,360.05,-0.01
2790,CLASS K: PIPEWORK - MANHOLES AND PIPEWORK ANCILLARIES,01 MANHOLES,750 x 700 chamber 1000 depth to invert,"concrete benching, main and branch channels",nr,305.07,40.46,323.88,0,669.41,8,669.41,0.0
2791,CLASS K: PIPEWORK - MANHOLES AND PIPEWORK ANCILLARIES,01 MANHOLES,750 x 700 chamber 1000 depth to invert,step irons,nr,12.13,1.2,80.41,0,93.74,8,93.74,0.0
2792,CLASS K: PIPEWORK - MANHOLES AND PIPEWORK ANCILLARIES,01 MANHOLES,750 x 700 chamber 1000 depth to invert,access cover and frame,nr,63.0,5.17,399.36,0,467.53,8,467.53,0.0
2793,CLASS K: PIPEWORK - MANHOLES AND PIPEWORK ANCILLARIES,01 MANHOLES,750 x 700 chamber 1000 depth to invert,TOTAL,nr,875.8,180.22,1284.24,0,2340.26,8,2340.25,0.01
2795,CLASS K: PIPEWORK - MANHOLES AND PIPEWORK ANCILLARIES,01 MANHOLES,750 x 700 chamber 1500 depth to invert,"excavation, support, backfilling and disposal",nr,122.2,64.3,0,0,186.5,7,186.51,-0.01
2796,CLASS K: PIPEWORK - MANHOLES AND PIPEWORK ANCILLARIES,01 MANHOLES,750 x 700 chamber 1500 depth to invert,concrete base,nr,16.76,4.32,41.07,0,62.15,8,62.17,-0.02
2797,CLASS K: PIPEWORK - MANHOLES AND PIPEWORK ANCILLARIES,01 MANHOLES,750 x 700 chamber 1500 depth to invert,brickwork chamber,nr,468.78,45.67,361.16,0,875.61,8,875.6,0.01
2798,CLASS K: PIPEWORK - MANHOLES AND PIPEWORK ANCILLARIES,01 MANHOLES,750 x 700 chamber 1500 depth to invert,concrete cover slab,nr,103.86,57.44,198.74,0,360.04,8,360.05,-0.01
2799,CLASS K: PIPEWORK - MANHOLES AND PIPEWORK ANCILLARIES,01 MANHOLES,750 x 700 chamber 1500 depth to invert,"concrete benching, main and branch channels",nr,305.07,40.46,323.88,0,669.41,8,669.41,0.0
2800,CLASS K: PIPEWORK - MANHOLES AND PIPEWORK ANCILLARIES,01 MANHOLES,750 x 700 chamber 1500 depth to invert,step irons,nr,16.16,1.6,107.21,0,124.97,8,124.97,0.0
2801,CLASS K: PIPEWORK - MANHOLES AND PIPEWORK ANCILLARIES,01 MANHOLES,750 x 700 chamber 1500 depth to invert,access cover and frame,nr,63.0,5.17,399.36,0,467.53,8,467.53,0.0
2802,CLASS K: PIPEWORK - MANHOLES AND PIPEWORK ANCILLARIES,01 MANHOLES,750 x 700 chamber 1500 depth to invert,TOTAL,nr,1095.87,218.97,1431.43,0,2746.27,8,2746.26,0.01
2804,CLASS K: PIPEWORK - MANHOLES AND PIPEWORK ANCILLARIES,01 MANHOLES,900 x 700 chamber 500 depth to invert,"excavation, support, backfilling and disposal",nr,48.71,24.82,0,0,73.53,7,73.54,-0.01
2805,CLASS K: PIPEWORK - MANHOLES AND PIPEWORK ANCILLARIES,01 MANHOLES,900 x 700 chamber 500 depth to invert,concrete base,nr,19.57,5.06,47.91,0,72.54,8,72.54,0.0
2806,CLASS K: PIPEWORK - MANHOLES AND PIPEWORK ANCILLARIES,01 MANHOLES,900 x 700 chamber 500 depth to invert,brickwork chamber,nr,161.64,15.77,132.84,0,310.25,8,310.25,0.0
2807,CLASS K: PIPEWORK - MANHOLES AND PIPEWORK ANCILLARIES,01 MANHOLES,900 x 700 chamber 500 depth to invert,concrete cover slab,nr,103.86,57.44,198.74,0,360.04,8,360.05,-0.01
2808,CLASS K: PIPEWORK - MANHOLES AND PIPEWORK ANCILLARIES,01 MANHOLES,900 x 700 chamber 500 depth to invert,"concrete benching, main and branch channels",nr,305.07,40.46,323.88,0,669.41,8,669.41,0.0
2809,CLASS K: PIPEWORK - MANHOLES AND PIPEWORK ANCILLARIES,01 MANHOLES,900 x 700 chamber 500 depth to invert,step irons,nr,4.05,0.4,26.8,0,31.25,8,31.25,0.0
2810,CLASS K: PIPEWORK - MANHOLES AND PIPEWORK ANCILLARIES,01 MANHOLES,900 x 700 chamber 500 depth to invert,access cover and frame,nr,63.0,5.17,399.36,0,467.53,8,467.53,0.0
2811,CLASS K: PIPEWORK - MANHOLES AND PIPEWORK ANCILLARIES,01 MANHOLES,900 x 700 chamber 500 depth to invert,TOTAL,nr,705.91,149.1,1129.55,0,1984.56,8,1984.55,0.01
2813,CLASS K: PIPEWORK - MANHOLES AND PIPEWORK ANCILLARIES,01 MANHOLES,900 x 700 chamber 1000 depth to invert,"excavation, support, backfilling and disposal",nr,97.42,49.63,0,0,147.05,7,147.06,-0.01
2814,CLASS K: PIPEWORK - MANHOLES AND PIPEWORK ANCILLARIES,01 MANHOLES,900 x 700 chamber 1000 depth to invert,concrete base,nr,19.57,5.06,47.91,0,72.54,8,72.54,0.0
2815,CLASS K: PIPEWORK - MANHOLES AND PIPEWORK ANCILLARIES,01 MANHOLES,900 x 700 chamber 1000 depth to invert,brickwork chamber,nr,323.3,31.51,265.68,0,620.49,8,620.5,-0.01
2816,CLASS K: PIPEWORK - MANHOLES AND PIPEWORK ANCILLARIES,01 MANHOLES,900 x 700 chamber 1000 depth to invert,concrete cover slab,nr,103.86,57.44,198.74,0,360.04,8,360.05,-0.01
2817,CLASS K: PIPEWORK - MANHOLES AND PIPEWORK ANCILLARIES,01 MANHOLES,900 x 700 chamber 1000 depth to invert,"concrete benching, main and branch channels",nr,305.07,40.46,323.88,0,669.41,8,669.41,0.0
2818,CLASS K: PIPEWORK - MANHOLES AND PIPEWORK ANCILLARIES,01 MANHOLES,900 x 700 chamber 1000 depth to invert,step irons,nr,12.13,1.2,80.41,0,93.74,8,93.74,0.0
2819,CLASS K: PIPEWORK - MANHOLES AND PIPEWORK ANCILLARIES,01 MANHOLES,900 x 700 chamber 1000 depth to invert,access cover and frame,nr,63.0,5.17,399.36,0,467.53,8,467.53,0.0
2820,CLASS K: PIPEWORK - MANHOLES AND PIPEWORK ANCILLARIES,01 MANHOLES,900 x 700 chamber 1000 depth to invert,TOTAL,nr,924.35,190.48,1316.0,0,2430.83,8,2430.82,0.01
2822,CLASS K: PIPEWORK - MANHOLES AND PIPEWORK ANCILLARIES,01 MANHOLES,900 x 700 chamber 1500 depth to invert,"excavation, support, backfilling and disposal",nr,145.04,74.13,0,0,219.17,7,219.16,0.01
2823,CLASS K: PIPEWORK - MANHOLES AND PIPEWORK ANCILLARIES,01 MANHOLES,900 x 700 chamber 1500 depth to invert,concrete base,nr,19.57,5.06,47.91,0,72.54,8,72.54,0.0
2824,CLASS K: PIPEWORK - MANHOLES AND PIPEWORK ANCILLARIES,01 MANHOLES,900 x 700 chamber 1500 depth to invert,brickwork chamber,nr,517.28,50.39,398.52,0,966.19,8,966.19,0.0
2825,CLASS K: PIPEWORK - MANHOLES AND PIPEWORK ANCILLARIES,01 MANHOLES,900 x 700 chamber 1500 depth to invert,concrete cover slab,nr,103.86,57.44,198.74,0,360.04,8,360.05,-0.01
2827,CLASS K: PIPEWORK - MANHOLES AND PIPEWORK ANCILLARIES,01 MANHOLES,Brick construction; 900 x 700 chamber 1500 depth to invert (continued),"concrete benching, main and branch channels",nr,305.07,40.46,323.88,0,669.41,11,669.41,0.0
2828,CLASS K: PIPEWORK - MANHOLES AND PIPEWORK ANCILLARIES,01 MANHOLES,Brick construction; 900 x 700 chamber 1500 depth to invert (continued),step irons,nr,16.16,1.6,107.21,0,124.97,11,124.97,0.0
2829,CLASS K: PIPEWORK - MANHOLES AND PIPEWORK ANCILLARIES,01 MANHOLES,Brick construction; 900 x 700 chamber 1500 depth to invert (continued),access cover and frame,nr,63.0,5.17,399.36,0,467.53,11,467.53,0.0
2830,CLASS K: PIPEWORK - MANHOLES AND PIPEWORK ANCILLARIES,01 MANHOLES,Brick construction; 900 x 700 chamber 1500 depth to invert (continued),TOTAL,nr,1169.99,234.24,1475.63,0,2879.86,11,2879.86,0.0
2832,CLASS K: PIPEWORK - MANHOLES AND PIPEWORK ANCILLARIES,01 MANHOLES,1050 x 700 chamber 1500 depth to invert,"excavation, support, backfilling and disposal",nr,280.71,140.18,0,0,420.89,7,420.9,-0.01
2833,CLASS K: PIPEWORK - MANHOLES AND PIPEWORK ANCILLARIES,01 MANHOLES,1050 x 700 chamber 1500 depth to invert,concrete base,nr,23.77,6.14,58.18,0,88.09,8,88.08,0.01
2834,CLASS K: PIPEWORK - MANHOLES AND PIPEWORK ANCILLARIES,01 MANHOLES,1050 x 700 chamber 1500 depth to invert,brickwork chamber,nr,565.78,55.11,435.88,0,1056.77,8,1056.77,0.0
2835,CLASS K: PIPEWORK - MANHOLES AND PIPEWORK ANCILLARIES,01 MANHOLES,1050 x 700 chamber 1500 depth to invert,concrete cover slab,nr,121.19,66.95,212.23,0,400.37,8,400.37,0.0
2836,CLASS K: PIPEWORK - MANHOLES AND PIPEWORK ANCILLARIES,01 MANHOLES,1050 x 700 chamber 1500 depth to invert,"concrete benching, main and branch channels",nr,330.11,45.37,320.1,0,695.58,8,695.58,0.0
2837,CLASS K: PIPEWORK - MANHOLES AND PIPEWORK ANCILLARIES,01 MANHOLES,1050 x 700 chamber 1500 depth to invert,step irons,nr,32.33,3.2,214.43,0,249.96,8,249.97,-0.01
2838,CLASS K: PIPEWORK - MANHOLES AND PIPEWORK ANCILLARIES,01 MANHOLES,1050 x 700 chamber 1500 depth to invert,access cover and frame,nr,63.0,5.17,399.36,0,467.53,8,467.53,0.0
2839,CLASS K: PIPEWORK - MANHOLES AND PIPEWORK ANCILLARIES,01 MANHOLES,1050 x 700 chamber 1500 depth to invert,TOTAL,nr,1416.88,322.14,1640.19,0,3379.21,8,3379.2,0.01
2841,CLASS K: PIPEWORK - MANHOLES AND PIPEWORK ANCILLARIES,01 MANHOLES,1050 x 700 chamber 2500 depth to invert,"excavation, support, backfilling and disposal",nr,295.91,169.73,0,0,465.64,7,465.62,0.02
2842,CLASS K: PIPEWORK - MANHOLES AND PIPEWORK ANCILLARIES,01 MANHOLES,1050 x 700 chamber 2500 depth to invert,concrete base,nr,23.77,6.14,58.18,0,88.09,8,88.08,0.01
2843,CLASS K: PIPEWORK - MANHOLES AND PIPEWORK ANCILLARIES,01 MANHOLES,1050 x 700 chamber 2500 depth to invert,brickwork chamber and access shaft (700 x 700),nr,1364.92,133.01,1008.37,0,2506.3,8,2506.3,0.0
2844,CLASS K: PIPEWORK - MANHOLES AND PIPEWORK ANCILLARIES,01 MANHOLES,1050 x 700 chamber 2500 depth to invert,concrete cover slab,nr,121.19,66.95,212.23,0,400.37,8,400.37,0.0
2845,CLASS K: PIPEWORK - MANHOLES AND PIPEWORK ANCILLARIES,01 MANHOLES,1050 x 700 chamber 2500 depth to invert,concrete reducing slab,nr,157.79,74.45,256.71,0,488.95,8,488.94,0.01
2846,CLASS K: PIPEWORK - MANHOLES AND PIPEWORK ANCILLARIES,01 MANHOLES,1050 x 700 chamber 2500 depth to invert,"concrete benching, main and branch channels",nr,330.11,45.37,320.1,0,695.58,8,695.58,0.0
2847,CLASS K: PIPEWORK - MANHOLES AND PIPEWORK ANCILLARIES,01 MANHOLES,1050 x 700 chamber 2500 depth to invert,step irons,nr,32.33,3.2,214.43,0,249.96,8,249.97,-0.01
2848,CLASS K: PIPEWORK - MANHOLES AND PIPEWORK ANCILLARIES,01 MANHOLES,1050 x 700 chamber 2500 depth to invert,access cover and frame,nr,63.0,5.17,399.36,0,467.53,8,467.53,0.0
2849,CLASS K: PIPEWORK - MANHOLES AND PIPEWORK ANCILLARIES,01 MANHOLES,1050 x 700 chamber 2500 depth to invert,TOTAL,nr,2389.0,504.0,2469.39,0,5362.39,8,5362.39,0.0
2851,CLASS K: PIPEWORK - MANHOLES AND PIPEWORK ANCILLARIES,01 MANHOLES,1050 x 700 chamber 3500 depth to invert,"excavation, support, backfilling and disposal",nr,432.83,326.01,0,0,758.84,7,758.85,-0.01
2852,CLASS K: PIPEWORK - MANHOLES AND PIPEWORK ANCILLARIES,01 MANHOLES,1050 x 700 chamber 3500 depth to invert,concrete base,nr,23.77,6.14,58.18,0,88.09,8,88.08,0.01
2853,CLASS K: PIPEWORK - MANHOLES AND PIPEWORK ANCILLARIES,01 MANHOLES,1050 x 700 chamber 3500 depth to invert,brickwork chamber and access shaft (700 x 700),nr,1753.89,170.89,1298.97,0,3223.75,8,3223.73,0.02
2854,CLASS K: PIPEWORK - MANHOLES AND PIPEWORK ANCILLARIES,01 MANHOLES,1050 x 700 chamber 3500 depth to invert,concrete reducing slab,nr,157.79,74.45,256.71,0,488.95,8,488.94,0.01
2855,CLASS K: PIPEWORK - MANHOLES AND PIPEWORK ANCILLARIES,01 MANHOLES,1050 x 700 chamber 3500 depth to invert,concrete cover slab,nr,121.19,66.95,212.23,0,400.37,8,400.37,0.0
2856,CLASS K: PIPEWORK - MANHOLES AND PIPEWORK ANCILLARIES,01 MANHOLES,1050 x 700 chamber 3500 depth to invert,"concrete benching, main and branch channels",nr,405.23,63.65,338.59,0,807.47,8,807.46,0.01
2857,CLASS K: PIPEWORK - MANHOLES AND PIPEWORK ANCILLARIES,01 MANHOLES,1050 x 700 chamber 3500 depth to invert,step irons,nr,44.46,4.41,294.84,0,343.71,8,343.71,0.0
2858,CLASS K: PIPEWORK - MANHOLES AND PIPEWORK ANCILLARIES,01 MANHOLES,1050 x 700 chamber 3500 depth to invert,access cover and frame,nr,63.0,5.17,399.36,0,467.53,8,467.53,0.0
2859,CLASS K: PIPEWORK - MANHOLES AND PIPEWORK ANCILLARIES,01 MANHOLES,1050 x 700 chamber 3500 depth to invert,TOTAL,nr,3002.12,717.64,2858.88,0,6578.64,8,6578.66,-0.02
2861,CLASS K: PIPEWORK - MANHOLES AND PIPEWORK ANCILLARIES,01 MANHOLES,1350 x 700 chamber 2500 depth to invert,"excavation, support, backfilling and disposal",nr,355.3,172.45,0,0,527.75,7,527.74,0.01
2862,CLASS K: PIPEWORK - MANHOLES AND PIPEWORK ANCILLARIES,01 MANHOLES,1350 x 700 chamber 2500 depth to invert,concrete base,nr,29.37,7.58,71.87,0,108.82,8,108.82,0.0
2863,CLASS K: PIPEWORK - MANHOLES AND PIPEWORK ANCILLARIES,01 MANHOLES,1350 x 700 chamber 2500 depth to invert,brickwork chamber and access shaft (700 x 700),nr,1598.9,155.8,1181.25,0,2935.95,8,2935.95,0.0
2864,CLASS K: PIPEWORK - MANHOLES AND PIPEWORK ANCILLARIES,01 MANHOLES,1350 x 700 chamber 2500 depth to invert,concrete reducing slab,nr,157.79,74.45,256.71,0,488.95,8,488.94,0.01
2865,CLASS K: PIPEWORK - MANHOLES AND PIPEWORK ANCILLARIES,01 MANHOLES,1350 x 700 chamber 2500 depth to invert,concrete cover slab,nr,134.65,74.45,264.18,0,473.28,8,473.27,0.01
2866,CLASS K: PIPEWORK - MANHOLES AND PIPEWORK ANCILLARIES,01 MANHOLES,1350 x 700 chamber 2500 depth to invert,"concrete benching, main and branch channels",nr,477.22,81.21,355.57,0,914.0,8,913.98,0.02
2867,CLASS K: PIPEWORK - MANHOLES AND PIPEWORK ANCILLARIES,01 MANHOLES,1350 x 700 chamber 2500 depth to invert,step irons,nr,32.33,3.2,214.43,0,249.96,8,249.97,-0.01
2868,CLASS K: PIPEWORK - MANHOLES AND PIPEWORK ANCILLARIES,01 MANHOLES,1350 x 700 chamber 2500 depth to invert,access cover and frame,nr,63.0,5.17,399.36,0,467.53,8,467.53,0.0
2869,CLASS K: PIPEWORK - MANHOLES AND PIPEWORK ANCILLARIES,01 MANHOLES,1350 x 700 chamber 2500 depth to invert,TOTAL,nr,2848.53,574.31,2743.35,0,6166.19,8,6166.19,0.0
2871,CLASS K: PIPEWORK - MANHOLES AND PIPEWORK ANCILLARIES,01 MANHOLES,1350 x 700 chamber 3500 depth to invert,"excavation, support, backfilling and disposal",nr,547.85,395.14,0,0,942.99,7,942.99,0.0
2872,CLASS K: PIPEWORK - MANHOLES AND PIPEWORK ANCILLARIES,01 MANHOLES,1350 x 700 chamber 3500 depth to invert,concrete base,nr,29.37,7.58,71.87,0,108.82,8,108.82,0.0
2873,CLASS K: PIPEWORK - MANHOLES AND PIPEWORK ANCILLARIES,01 MANHOLES,1350 x 700 chamber 3500 depth to invert,brickwork chamber and access shaft (700 x 700),nr,2112.54,205.86,1521.65,0,3840.05,8,3840.05,0.0
2874,CLASS K: PIPEWORK - MANHOLES AND PIPEWORK ANCILLARIES,01 MANHOLES,1350 x 700 chamber 3500 depth to invert,concrete reducing slab,nr,157.79,74.45,256.71,0,488.95,8,488.94,0.01
2875,CLASS K: PIPEWORK - MANHOLES AND PIPEWORK ANCILLARIES,01 MANHOLES,1350 x 700 chamber 3500 depth to invert,concrete cover slab,nr,134.65,74.45,264.18,0,473.28,8,473.27,0.01
2876,CLASS K: PIPEWORK - MANHOLES AND PIPEWORK ANCILLARIES,01 MANHOLES,1350 x 700 chamber 3500 depth to invert,"concrete benching, main and branch channels",nr,477.22,81.21,355.57,0,914.0,8,913.98,0.02
2877,CLASS K: PIPEWORK - MANHOLES AND PIPEWORK ANCILLARIES,01 MANHOLES,1350 x 700 chamber 3500 depth to invert,step irons,nr,44.46,4.41,294.84,0,343.71,8,343.71,0.0
2878,CLASS K: PIPEWORK - MANHOLES AND PIPEWORK ANCILLARIES,01 MANHOLES,1350 x 700 chamber 3500 depth to invert,access cover and frame,nr,63.0,5.17,399.36,0,467.53,8,467.53,0.0
2879,CLASS K: PIPEWORK - MANHOLES AND PIPEWORK ANCILLARIES,01 MANHOLES,1350 x 700 chamber 3500 depth to invert,TOTAL,nr,3566.87,848.27,3164.17,0,7579.31,8,7579.3,0.01
2881,CLASS K: PIPEWORK - MANHOLES AND PIPEWORK ANCILLARIES,01 MANHOLES,1350 x 700 chamber 4500 depth to invert,"excavation, support, backfilling and disposal",nr,704.01,507.94,0,0,1211.95,7,1211.95,0.0
2882,CLASS K: PIPEWORK - MANHOLES AND PIPEWORK ANCILLARIES,01 MANHOLES,1350 x 700 chamber 4500 depth to invert,concrete base,nr,29.37,7.58,71.87,0,108.82,8,108.82,0.0
2883,CLASS K: PIPEWORK - MANHOLES AND PIPEWORK ANCILLARIES,01 MANHOLES,1350 x 700 chamber 4500 depth to invert,brickwork chamber and access shaft (700 x 700),nr,2593.05,252.71,1862.05,0,4707.81,8,4707.8,0.01
2884,CLASS K: PIPEWORK - MANHOLES AND PIPEWORK ANCILLARIES,01 MANHOLES,1350 x 700 chamber 4500 depth to invert,concrete reducing slab,nr,157.79,74.45,256.71,0,488.95,8,488.94,0.01
2885,CLASS K: PIPEWORK - MANHOLES AND PIPEWORK ANCILLARIES,01 MANHOLES,1350 x 700 chamber 4500 depth to invert,concrete cover slab,nr,134.65,74.45,264.18,0,473.28,8,473.27,0.01
2886,CLASS K: PIPEWORK - MANHOLES AND PIPEWORK ANCILLARIES,01 MANHOLES,1350 x 700 chamber 4500 depth to invert,"concrete benching, main and branch channels",nr,477.22,81.21,355.57,0,914.0,8,913.98,0.02
2887,CLASS K: PIPEWORK - MANHOLES AND PIPEWORK ANCILLARIES,01 MANHOLES,1350 x 700 chamber 4500 depth to invert,step irons,nr,56.58,5.6,375.25,0,437.43,8,437.44,-0.01
2888,CLASS K: PIPEWORK - MANHOLES AND PIPEWORK ANCILLARIES,01 MANHOLES,1350 x 700 chamber 4500 depth to invert,access cover and frame,nr,63.0,5.17,399.36,0,467.53,8,467.53,0.0
2889,CLASS K: PIPEWORK - MANHOLES AND PIPEWORK ANCILLARIES,01 MANHOLES,1350 x 700 chamber 4500 depth to invert,TOTAL,nr,4215.63,1009.08,3584.98,0,8809.69,8,8809.71,-0.02
2893,CLASS K: PIPEWORK - MANHOLES AND PIPEWORK ANCILLARIES,01 MANHOLES,675 dia. x 500 depth to invert,"excavation, support, backfilling and disposal",nr,28.82,15.38,0,0,44.2,7,44.2,0.0
2894,CLASS K: PIPEWORK - MANHOLES AND PIPEWORK ANCILLARIES,01 MANHOLES,675 dia. x 500 depth to invert,concrete base,nr,11.18,2.89,27.38,0,41.45,8,41.45,0.0
2895,CLASS K: PIPEWORK - MANHOLES AND PIPEWORK ANCILLARIES,01 MANHOLES,675 dia. x 500 depth to invert,main chamber rings,nr,76.95,42.52,51.06,0,170.53,8,170.52,0.01
2896,CLASS K: PIPEWORK - MANHOLES AND PIPEWORK ANCILLARIES,01 MANHOLES,675 dia. x 500 depth to invert,cover slab,nr,93.91,48.93,116.72,0,259.56,8,259.56,0.0
2897,CLASS K: PIPEWORK - MANHOLES AND PIPEWORK ANCILLARIES,01 MANHOLES,675 dia. x 500 depth to invert,concrete surround,nr,15.36,4.46,27.33,0,47.15,8,47.14,0.01
2898,CLASS K: PIPEWORK - MANHOLES AND PIPEWORK ANCILLARIES,01 MANHOLES,675 dia. x 500 depth to invert,"concrete benching, main and branch channels",nr,102.11,15.56,163.39,0,281.06,8,281.06,0.0
2899,CLASS K: PIPEWORK - MANHOLES AND PIPEWORK ANCILLARIES,01 MANHOLES,675 dia. x 500 depth to invert,step irons,nr,4.05,0.4,26.8,0,31.25,8,31.25,0.0
2900,CLASS K: PIPEWORK - MANHOLES AND PIPEWORK ANCILLARIES,01 MANHOLES,675 dia. x 500 depth to invert,access cover and frame,nr,63.0,5.17,399.36,0,467.53,8,467.53,0.0
2901,CLASS K: PIPEWORK - MANHOLES AND PIPEWORK ANCILLARIES,01 MANHOLES,675 dia. x 500 depth to invert,TOTAL,nr,395.36,135.31,812.03,0,1342.7,8,1342.7,0.0
2903,CLASS K: PIPEWORK - MANHOLES AND PIPEWORK ANCILLARIES,01 MANHOLES,675 dia. x 750 depth to invert,"excavation, support, backfilling and disposal",nr,42.14,22.74,0,0,64.88,7,64.87,0.01
2904,CLASS K: PIPEWORK - MANHOLES AND PIPEWORK ANCILLARIES,01 MANHOLES,675 dia. x 750 depth to invert,concrete base,nr,11.18,2.89,27.38,0,41.45,8,41.45,0.0
2905,CLASS K: PIPEWORK - MANHOLES AND PIPEWORK ANCILLARIES,01 MANHOLES,675 dia. x 750 depth to invert,main chamber rings,nr,115.41,63.78,76.57,0,255.76,8,255.76,0.0
2906,CLASS K: PIPEWORK - MANHOLES AND PIPEWORK ANCILLARIES,01 MANHOLES,675 dia. x 750 depth to invert,cover slab,nr,93.91,48.93,116.72,0,259.56,8,259.56,0.0
2908,CLASS K: PIPEWORK - MANHOLES AND PIPEWORK ANCILLARIES,01 MANHOLES,Precast concrete construction; 675 dia. x 750 depth to invert (continued),concrete surround,nr,23.03,6.68,40.99,0,70.7,11,70.69,0.01
2909,CLASS K: PIPEWORK - MANHOLES AND PIPEWORK ANCILLARIES,01 MANHOLES,Precast concrete construction; 675 dia. x 750 depth to invert (continued),"concrete benching, main and branch channels",nr,102.11,15.57,163.39,0,281.07,11,281.06,0.01
2910,CLASS K: PIPEWORK - MANHOLES AND PIPEWORK ANCILLARIES,01 MANHOLES,Precast concrete construction; 675 dia. x 750 depth to invert (continued),step irons,nr,8.08,0.79,53.61,0,62.48,11,62.48,0.0
2911,CLASS K: PIPEWORK - MANHOLES AND PIPEWORK ANCILLARIES,01 MANHOLES,Precast concrete construction; 675 dia. x 750 depth to invert (continued),access cover and frame,nr,63.0,5.17,399.36,0,467.53,11,467.53,0.0
2912,CLASS K: PIPEWORK - MANHOLES AND PIPEWORK ANCILLARIES,01 MANHOLES,Precast concrete construction; 675 dia. x 750 depth to invert (continued),TOTAL,nr,458.88,166.55,878.03,0,1503.46,11,1503.45,0.01
2914,CLASS K: PIPEWORK - MANHOLES AND PIPEWORK ANCILLARIES,01 MANHOLES,675 dia. x 1000 depth to invert,"excavation, support, backfilling and disposal",nr,56.55,30.42,0,0,86.97,7,86.97,0.0
2915,CLASS K: PIPEWORK - MANHOLES AND PIPEWORK ANCILLARIES,01 MANHOLES,675 dia. x 1000 depth to invert,concrete base,nr,11.18,2.89,27.38,0,41.45,8,41.45,0.0
2916,CLASS K: PIPEWORK - MANHOLES AND PIPEWORK ANCILLARIES,01 MANHOLES,675 dia. x 1000 depth to invert,main chamber rings,nr,153.9,85.04,102.1,0,341.04,8,341.03,0.01
2917,CLASS K: PIPEWORK - MANHOLES AND PIPEWORK ANCILLARIES,01 MANHOLES,675 dia. x 1000 depth to invert,cover slab,nr,93.91,48.93,116.72,0,259.56,8,259.56,0.0
2918,CLASS K: PIPEWORK - MANHOLES AND PIPEWORK ANCILLARIES,01 MANHOLES,675 dia. x 1000 depth to invert,concrete surround,nr,30.72,8.9,54.66,0,94.28,8,94.27,0.01
2919,CLASS K: PIPEWORK - MANHOLES AND PIPEWORK ANCILLARIES,01 MANHOLES,675 dia. x 1000 depth to invert,"concrete benching, main and branch channels",nr,102.11,15.56,163.39,0,281.06,8,281.06,0.0
2920,CLASS K: PIPEWORK - MANHOLES AND PIPEWORK ANCILLARIES,01 MANHOLES,675 dia. x 1000 depth to invert,step irons,nr,12.13,1.2,80.41,0,93.74,8,93.74,0.0
2921,CLASS K: PIPEWORK - MANHOLES AND PIPEWORK ANCILLARIES,01 MANHOLES,675 dia. x 1000 depth to invert,access cover and frame,nr,63.0,5.17,399.36,0,467.53,8,467.53,0.0
2922,CLASS K: PIPEWORK - MANHOLES AND PIPEWORK ANCILLARIES,01 MANHOLES,675 dia. x 1000 depth to invert,TOTAL,nr,523.47,198.12,944.02,0,1665.61,8,1665.62,-0.01
2924,CLASS K: PIPEWORK - MANHOLES AND PIPEWORK ANCILLARIES,01 MANHOLES,675 dia. x 1250 depth to invert,"excavation, support, backfilling and disposal",nr,70.97,38.12,0,0,109.09,7,109.08,0.01
2925,CLASS K: PIPEWORK - MANHOLES AND PIPEWORK ANCILLARIES,01 MANHOLES,675 dia. x 1250 depth to invert,concrete base,nr,11.18,2.89,27.38,0,41.45,8,41.45,0.0
2926,CLASS K: PIPEWORK - MANHOLES AND PIPEWORK ANCILLARIES,01 MANHOLES,675 dia. x 1250 depth to invert,main chamber rings,nr,192.36,106.3,127.63,0,426.29,8,426.29,0.0
2927,CLASS K: PIPEWORK - MANHOLES AND PIPEWORK ANCILLARIES,01 MANHOLES,675 dia. x 1250 depth to invert,cover slab,nr,93.91,48.93,116.72,0,259.56,8,259.56,0.0
2928,CLASS K: PIPEWORK - MANHOLES AND PIPEWORK ANCILLARIES,01 MANHOLES,675 dia. x 1250 depth to invert,concrete surround,nr,38.38,11.13,68.32,0,117.83,8,117.82,0.01
2929,CLASS K: PIPEWORK - MANHOLES AND PIPEWORK ANCILLARIES,01 MANHOLES,675 dia. x 1250 depth to invert,"concrete benching, main and branch channels",nr,102.11,15.56,163.39,0,281.06,8,281.06,0.0
2930,CLASS K: PIPEWORK - MANHOLES AND PIPEWORK ANCILLARIES,01 MANHOLES,675 dia. x 1250 depth to invert,step irons,nr,16.16,1.6,107.21,0,124.97,8,124.97,0.0
2931,CLASS K: PIPEWORK - MANHOLES AND PIPEWORK ANCILLARIES,01 MANHOLES,675 dia. x 1250 depth to invert,access cover and frame,nr,63.0,5.17,399.36,0,467.53,8,467.53,0.0
2932,CLASS K: PIPEWORK - MANHOLES AND PIPEWORK ANCILLARIES,01 MANHOLES,675 dia. x 1250 depth to invert,TOTAL,nr,588.09,229.69,1010.01,0,1827.79,8,1827.78,0.01
2934,CLASS K: PIPEWORK - MANHOLES AND PIPEWORK ANCILLARIES,01 MANHOLES,900 dia. x 750 depth to invert,"excavation, support, backfilling and disposal",nr,71.83,35.16,0,0,106.99,7,107.0,-0.01
2935,CLASS K: PIPEWORK - MANHOLES AND PIPEWORK ANCILLARIES,01 MANHOLES,900 dia. x 750 depth to invert,concrete base,nr,19.57,5.06,47.91,0,72.54,8,72.54,0.0
2936,CLASS K: PIPEWORK - MANHOLES AND PIPEWORK ANCILLARIES,01 MANHOLES,900 dia. x 750 depth to invert,main chamber rings,nr,137.06,75.73,176.11,0,388.9,8,388.9,0.0
2937,CLASS K: PIPEWORK - MANHOLES AND PIPEWORK ANCILLARIES,01 MANHOLES,900 dia. x 750 depth to invert,cover slab,nr,182.74,100.96,234.82,0,518.52,8,518.53,-0.01
2938,CLASS K: PIPEWORK - MANHOLES AND PIPEWORK ANCILLARIES,01 MANHOLES,900 dia. x 750 depth to invert,concrete surround,nr,30.72,8.9,54.66,0,94.28,8,94.27,0.01
2939,CLASS K: PIPEWORK - MANHOLES AND PIPEWORK ANCILLARIES,01 MANHOLES,900 dia. x 750 depth to invert,"concrete benching, main and branch channels",nr,143.84,26.5,176.39,0,346.73,8,346.73,0.0
2940,CLASS K: PIPEWORK - MANHOLES AND PIPEWORK ANCILLARIES,01 MANHOLES,900 dia. x 750 depth to invert,step irons,nr,8.08,0.79,53.61,0,62.48,8,62.48,0.0
2941,CLASS K: PIPEWORK - MANHOLES AND PIPEWORK ANCILLARIES,01 MANHOLES,900 dia. x 750 depth to invert,access cover and frame,nr,63.0,5.17,399.36,0,467.53,8,467.53,0.0
2942,CLASS K: PIPEWORK - MANHOLES AND PIPEWORK ANCILLARIES,01 MANHOLES,900 dia. x 750 depth to invert,TOTAL,nr,656.85,258.29,1142.85,0,2057.99,8,2057.99,0.0
2944,CLASS K: PIPEWORK - MANHOLES AND PIPEWORK ANCILLARIES,01 MANHOLES,900 dia. x 1000 depth to invert,"excavation, support, backfilling and disposal",nr,95.64,46.84,0,0,142.48,7,142.48,0.0
2945,CLASS K: PIPEWORK - MANHOLES AND PIPEWORK ANCILLARIES,01 MANHOLES,900 dia. x 1000 depth to invert,concrete base,nr,19.57,5.06,47.91,0,72.54,8,72.54,0.0
2946,CLASS K: PIPEWORK - MANHOLES AND PIPEWORK ANCILLARIES,01 MANHOLES,900 dia. x 1000 depth to invert,main chamber rings,nr,182.74,100.96,234.82,0,518.52,8,518.53,-0.01
2947,CLASS K: PIPEWORK - MANHOLES AND PIPEWORK ANCILLARIES,01 MANHOLES,900 dia. x 1000 depth to invert,cover slab,nr,182.74,100.96,234.82,0,518.52,8,518.53,-0.01
2948,CLASS K: PIPEWORK - MANHOLES AND PIPEWORK ANCILLARIES,01 MANHOLES,900 dia. x 1000 depth to invert,concrete surround,nr,40.33,11.68,71.73,0,123.74,8,123.73,0.01
2949,CLASS K: PIPEWORK - MANHOLES AND PIPEWORK ANCILLARIES,01 MANHOLES,900 dia. x 1000 depth to invert,"concrete benching, main and branch channels",nr,143.84,26.5,176.39,0,346.73,8,346.73,0.0
2950,CLASS K: PIPEWORK - MANHOLES AND PIPEWORK ANCILLARIES,01 MANHOLES,900 dia. x 1000 depth to invert,step irons,nr,12.13,1.2,80.41,0,93.74,8,93.74,0.0
2951,CLASS K: PIPEWORK - MANHOLES AND PIPEWORK ANCILLARIES,01 MANHOLES,900 dia. x 1000 depth to invert,access cover and frame,nr,63.0,5.17,399.36,0,467.53,8,467.53,0.0
2952,CLASS K: PIPEWORK - MANHOLES AND PIPEWORK ANCILLARIES,01 MANHOLES,900 dia. x 1000 depth to invert,TOTAL,nr,739.98,298.37,1245.43,0,2283.78,8,2283.79,-0.01
2954,CLASS K: PIPEWORK - MANHOLES AND PIPEWORK ANCILLARIES,01 MANHOLES,900 dia. x 1500 depth to invert,"excavation, support, backfilling and disposal",nr,144.78,70.67,0,0,215.45,7,215.45,0.0
2955,CLASS K: PIPEWORK - MANHOLES AND PIPEWORK ANCILLARIES,01 MANHOLES,900 dia. x 1500 depth to invert,concrete base,nr,19.57,5.06,47.91,0,72.54,8,72.54,0.0
2956,CLASS K: PIPEWORK - MANHOLES AND PIPEWORK ANCILLARIES,01 MANHOLES,900 dia. x 1500 depth to invert,main chamber rings,nr,274.11,151.45,352.21,0,777.77,8,777.77,0.0
2957,CLASS K: PIPEWORK - MANHOLES AND PIPEWORK ANCILLARIES,01 MANHOLES,900 dia. x 1500 depth to invert,cover slab,nr,103.86,57.44,198.74,0,360.04,8,360.05,-0.01
2958,CLASS K: PIPEWORK - MANHOLES AND PIPEWORK ANCILLARIES,01 MANHOLES,900 dia. x 1500 depth to invert,concrete surround,nr,61.43,17.8,109.3,0,188.53,8,188.53,0.0
2959,CLASS K: PIPEWORK - MANHOLES AND PIPEWORK ANCILLARIES,01 MANHOLES,900 dia. x 1500 depth to invert,"concrete benching, main and branch channels",nr,143.84,26.5,176.39,0,346.73,8,346.73,0.0
2960,CLASS K: PIPEWORK - MANHOLES AND PIPEWORK ANCILLARIES,01 MANHOLES,900 dia. x 1500 depth to invert,step irons,nr,16.16,1.6,107.21,0,124.97,8,124.97,0.0
2961,CLASS K: PIPEWORK - MANHOLES AND PIPEWORK ANCILLARIES,01 MANHOLES,900 dia. x 1500 depth to invert,access cover and frame,nr,63.0,5.17,399.36,0,467.53,8,467.53,0.0
2962,CLASS K: PIPEWORK - MANHOLES AND PIPEWORK ANCILLARIES,01 MANHOLES,900 dia. x 1500 depth to invert,TOTAL,nr,826.76,335.67,1391.14,0,2553.57,8,2553.58,-0.01
2964,CLASS K: PIPEWORK - MANHOLES AND PIPEWORK ANCILLARIES,01 MANHOLES,1200 dia. x 1500 depth to invert,"excavation, support, backfilling and disposal",nr,248.3,111.4,0,0,359.7,7,359.7,0.0
2965,CLASS K: PIPEWORK - MANHOLES AND PIPEWORK ANCILLARIES,01 MANHOLES,1200 dia. x 1500 depth to invert,concrete base,nr,34.95,9.02,85.55,0,129.52,8,129.53,-0.01
2966,CLASS K: PIPEWORK - MANHOLES AND PIPEWORK ANCILLARIES,01 MANHOLES,1200 dia. x 1500 depth to invert,main chamber rings,nr,337.6,186.58,351.85,0,876.03,8,876.03,0.0
2967,CLASS K: PIPEWORK - MANHOLES AND PIPEWORK ANCILLARIES,01 MANHOLES,1200 dia. x 1500 depth to invert,cover slab,nr,134.65,74.45,264.18,0,473.28,8,473.27,0.01
2968,CLASS K: PIPEWORK - MANHOLES AND PIPEWORK ANCILLARIES,01 MANHOLES,1200 dia. x 1500 depth to invert,concrete surround,nr,81.59,23.64,145.18,0,250.41,8,250.41,0.0
2969,CLASS K: PIPEWORK - MANHOLES AND PIPEWORK ANCILLARIES,01 MANHOLES,1200 dia. x 1500 depth to invert,"concrete benching, main and branch channels",nr,258.6,53.66,197.52,0,509.78,8,509.8,-0.02
2970,CLASS K: PIPEWORK - MANHOLES AND PIPEWORK ANCILLARIES,01 MANHOLES,1200 dia. x 1500 depth to invert,step irons,nr,16.16,1.6,107.21,0,124.97,8,124.97,0.0
2971,CLASS K: PIPEWORK - MANHOLES AND PIPEWORK ANCILLARIES,01 MANHOLES,1200 dia. x 1500 depth to invert,access cover and frame,nr,63.0,5.17,399.36,0,467.53,8,467.53,0.0
2972,CLASS K: PIPEWORK - MANHOLES AND PIPEWORK ANCILLARIES,01 MANHOLES,1200 dia. x 1500 depth to invert,TOTAL,nr,1174.85,465.52,1550.86,0,3191.23,8,3191.24,-0.01
2974,CLASS K: PIPEWORK - MANHOLES AND PIPEWORK ANCILLARIES,01 MANHOLES,1200 dia. x 2000 depth to invert,"excavation, support, backfilling and disposal",nr,346.07,175.19,0,0,521.26,7,521.25,0.01
2975,CLASS K: PIPEWORK - MANHOLES AND PIPEWORK ANCILLARIES,01 MANHOLES,1200 dia. x 2000 depth to invert,concrete base,nr,34.95,9.02,85.55,0,129.52,8,129.53,-0.01
2976,CLASS K: PIPEWORK - MANHOLES AND PIPEWORK ANCILLARIES,01 MANHOLES,1200 dia. x 2000 depth to invert,main chamber rings,nr,450.11,248.78,469.14,0,1168.03,8,1168.04,-0.01
2977,CLASS K: PIPEWORK - MANHOLES AND PIPEWORK ANCILLARIES,01 MANHOLES,1200 dia. x 2000 depth to invert,cover slab,nr,134.65,74.45,264.18,0,473.28,8,473.27,0.01
2978,CLASS K: PIPEWORK - MANHOLES AND PIPEWORK ANCILLARIES,01 MANHOLES,1200 dia. x 2000 depth to invert,concrete surround,nr,108.46,31.43,193.0,0,332.89,8,332.88,0.01
2979,CLASS K: PIPEWORK - MANHOLES AND PIPEWORK ANCILLARIES,01 MANHOLES,1200 dia. x 2000 depth to invert,"concrete benching, main and branch channels",nr,258.6,53.66,197.52,0,509.78,8,509.8,-0.02
2980,CLASS K: PIPEWORK - MANHOLES AND PIPEWORK ANCILLARIES,01 MANHOLES,1200 dia. x 2000 depth to invert,step irons,nr,24.26,2.4,160.83,0,187.49,8,187.48,0.01
2981,CLASS K: PIPEWORK - MANHOLES AND PIPEWORK ANCILLARIES,01 MANHOLES,1200 dia. x 2000 depth to invert,access cover and frame,nr,63.0,5.17,399.36,0,467.53,8,467.53,0.0
2982,CLASS K: PIPEWORK - MANHOLES AND PIPEWORK ANCILLARIES,01 MANHOLES,1200 dia. x 2000 depth to invert,TOTAL,nr,1420.12,600.1,1769.58,0,3789.8,8,3789.79,0.01
2984,CLASS K: PIPEWORK - MANHOLES AND PIPEWORK ANCILLARIES,01 MANHOLES,1200 dia. x 2500 depth to invert,"excavation, support, backfilling and disposal",nr,432.83,219.09,0,0,651.92,7,651.92,0.0
2985,CLASS K: PIPEWORK - MANHOLES AND PIPEWORK ANCILLARIES,01 MANHOLES,1200 dia. x 2500 depth to invert,concrete base,nr,34.95,9.02,85.55,0,129.52,8,129.53,-0.01
2986,CLASS K: PIPEWORK - MANHOLES AND PIPEWORK ANCILLARIES,01 MANHOLES,1200 dia. x 2500 depth to invert,main chamber rings,nr,562.64,310.98,586.42,0,1460.04,8,1460.05,-0.01
2987,CLASS K: PIPEWORK - MANHOLES AND PIPEWORK ANCILLARIES,01 MANHOLES,1200 dia. x 2500 depth to invert,cover slab,nr,134.65,74.45,264.18,0,473.28,8,473.27,0.01
2988,CLASS K: PIPEWORK - MANHOLES AND PIPEWORK ANCILLARIES,01 MANHOLES,1200 dia. x 2500 depth to invert,concrete surround,nr,135.35,39.21,240.83,0,415.39,8,415.37,0.02
2989,CLASS K: PIPEWORK - MANHOLES AND PIPEWORK ANCILLARIES,01 MANHOLES,1200 dia. x 2500 depth to invert,"concrete benching, main and branch channels",nr,258.6,53.66,197.52,0,509.78,8,509.8,-0.02
2990,CLASS K: PIPEWORK - MANHOLES AND PIPEWORK ANCILLARIES,01 MANHOLES,1200 dia. x 2500 depth to invert,step irons,nr,32.33,3.2,214.43,0,249.96,8,249.97,-0.01
2991,CLASS K: PIPEWORK - MANHOLES AND PIPEWORK ANCILLARIES,01 MANHOLES,1200 dia. x 2500 depth to invert,access cover and frame,nr,63.0,5.17,399.36,0,467.53,8,467.53,0.0
2992,CLASS K: PIPEWORK - MANHOLES AND PIPEWORK ANCILLARIES,01 MANHOLES,1200 dia. x 2500 depth to invert,TOTAL,nr,1654.35,714.79,1988.3,0,4357.44,8,4357.44,0.0
2994,CLASS K: PIPEWORK - MANHOLES AND PIPEWORK ANCILLARIES,01 MANHOLES,1200 dia. x 3000 depth to invert,"excavation, support, backfilling and disposal",nr,519.77,263.02,0,0,782.79,7,782.8,-0.01
2995,CLASS K: PIPEWORK - MANHOLES AND PIPEWORK ANCILLARIES,01 MANHOLES,1200 dia. x 3000 depth to invert,concrete base,nr,34.95,9.02,85.55,0,129.52,8,129.53,-0.01
2996,CLASS K: PIPEWORK - MANHOLES AND PIPEWORK ANCILLARIES,01 MANHOLES,1200 dia. x 3000 depth to invert,main chamber rings,nr,675.17,373.18,703.71,0,1752.06,8,1752.06,0.0
2997,CLASS K: PIPEWORK - MANHOLES AND PIPEWORK ANCILLARIES,01 MANHOLES,1200 dia. x 3000 depth to invert,cover slab,nr,134.65,74.45,264.18,0,473.28,8,473.27,0.01
2998,CLASS K: PIPEWORK - MANHOLES AND PIPEWORK ANCILLARIES,01 MANHOLES,1200 dia. x 3000 depth to invert,concrete surround,nr,163.18,47.28,290.35,0,500.81,8,500.81,0.0
3000,CLASS K: PIPEWORK - MANHOLES AND PIPEWORK ANCILLARIES,01 MANHOLES,Precast concrete construction; 1200 dia. x 3000 depth to invert (continued),"concrete benching, main and branch channels",nr,258.6,53.67,197.52,0,509.79,11,509.8,-0.01
3001,CLASS K: PIPEWORK - MANHOLES AND PIPEWORK ANCILLARIES,01 MANHOLES,Precast concrete construction; 1200 dia. x 3000 depth to invert (continued),step irons,nr,36.39,3.6,241.24,0,281.23,11,281.22,0.01
3002,CLASS K: PIPEWORK - MANHOLES AND PIPEWORK ANCILLARIES,01 MANHOLES,Precast concrete construction; 1200 dia. x 3000 depth to invert (continued),access cover and frame,nr,63.0,5.17,399.36,0,467.53,11,467.53,0.0
3003,CLASS K: PIPEWORK - MANHOLES AND PIPEWORK ANCILLARIES,01 MANHOLES,Precast concrete construction; 1200 dia. x 3000 depth to invert (continued),TOTAL,nr,1885.71,829.36,2181.91,0,4896.98,11,4897.0,-0.02
3005,CLASS K: PIPEWORK - MANHOLES AND PIPEWORK ANCILLARIES,01 MANHOLES,1800 dia. x 2000 depth to invert,"excavation, support, backfilling and disposal",nr,718.27,291.54,0,0,1009.81,7,1009.8,0.01
3006,CLASS K: PIPEWORK - MANHOLES AND PIPEWORK ANCILLARIES,01 MANHOLES,1800 dia. x 2000 depth to invert,concrete base,nr,79.69,20.57,195.07,0,295.33,8,295.33,0.0
3007,CLASS K: PIPEWORK - MANHOLES AND PIPEWORK ANCILLARIES,01 MANHOLES,1800 dia. x 2000 depth to invert,main chamber rings,nr,577.08,318.98,1235.4,0,2131.46,8,2131.46,0.0
3008,CLASS K: PIPEWORK - MANHOLES AND PIPEWORK ANCILLARIES,01 MANHOLES,1800 dia. x 2000 depth to invert,cover slab,nr,173.13,95.71,712.26,0,981.1,8,981.09,0.01
3009,CLASS K: PIPEWORK - MANHOLES AND PIPEWORK ANCILLARIES,01 MANHOLES,1800 dia. x 2000 depth to invert,concrete surround,nr,163.18,47.28,290.35,0,500.81,8,500.81,0.0
3010,CLASS K: PIPEWORK - MANHOLES AND PIPEWORK ANCILLARIES,01 MANHOLES,1800 dia. x 2000 depth to invert,"concrete benching, main and branch channels",nr,311.53,63.82,224.71,0,600.06,8,600.05,0.01
3011,CLASS K: PIPEWORK - MANHOLES AND PIPEWORK ANCILLARIES,01 MANHOLES,1800 dia. x 2000 depth to invert,step irons,nr,24.26,2.4,160.83,0,187.49,8,187.48,0.01
3012,CLASS K: PIPEWORK - MANHOLES AND PIPEWORK ANCILLARIES,01 MANHOLES,1800 dia. x 2000 depth to invert,access cover and frame,nr,63.0,5.17,399.36,0,467.53,8,467.53,0.0
3013,CLASS K: PIPEWORK - MANHOLES AND PIPEWORK ANCILLARIES,01 MANHOLES,1800 dia. x 2000 depth to invert,TOTAL,nr,2110.1,845.45,3217.98,0,6173.53,8,6173.54,-0.01
3015,CLASS K: PIPEWORK - MANHOLES AND PIPEWORK ANCILLARIES,01 MANHOLES,1800 dia. x 2500 depth to invert,"excavation, support, backfilling and disposal",nr,937.01,420.01,0,0,1357.02,7,1357.03,-0.01
3016,CLASS K: PIPEWORK - MANHOLES AND PIPEWORK ANCILLARIES,01 MANHOLES,1800 dia. x 2500 depth to invert,concrete base,nr,79.69,20.57,195.07,0,295.33,8,295.33,0.0
3017,CLASS K: PIPEWORK - MANHOLES AND PIPEWORK ANCILLARIES,01 MANHOLES,1800 dia. x 2500 depth to invert,main chamber rings,nr,721.35,398.72,1544.25,0,2664.32,8,2664.31,0.01
3018,CLASS K: PIPEWORK - MANHOLES AND PIPEWORK ANCILLARIES,01 MANHOLES,1800 dia. x 2500 depth to invert,cover slab,nr,173.13,95.71,712.26,0,981.1,8,981.09,0.01
3019,CLASS K: PIPEWORK - MANHOLES AND PIPEWORK ANCILLARIES,01 MANHOLES,1800 dia. x 2500 depth to invert,concrete surround,nr,203.5,58.95,362.09,0,624.54,8,624.55,-0.01
3020,CLASS K: PIPEWORK - MANHOLES AND PIPEWORK ANCILLARIES,01 MANHOLES,1800 dia. x 2500 depth to invert,"concrete benching, main and branch channels",nr,311.53,63.82,224.71,0,600.06,8,600.05,0.01
3021,CLASS K: PIPEWORK - MANHOLES AND PIPEWORK ANCILLARIES,01 MANHOLES,1800 dia. x 2500 depth to invert,step irons,nr,32.33,3.2,214.43,0,249.96,8,249.97,-0.01
3022,CLASS K: PIPEWORK - MANHOLES AND PIPEWORK ANCILLARIES,01 MANHOLES,1800 dia. x 2500 depth to invert,access cover and frame,nr,63.0,5.17,399.36,0,467.53,8,467.53,0.0
3023,CLASS K: PIPEWORK - MANHOLES AND PIPEWORK ANCILLARIES,01 MANHOLES,1800 dia. x 2500 depth to invert,TOTAL,nr,2521.52,1066.17,3652.16,0,7239.85,8,7239.84,0.01
3025,CLASS K: PIPEWORK - MANHOLES AND PIPEWORK ANCILLARIES,01 MANHOLES,1800 dia. x 3000 depth to invert,"excavation, support, backfilling and disposal",nr,1125.38,506.56,0,0,1631.94,7,1631.93,0.01
3026,CLASS K: PIPEWORK - MANHOLES AND PIPEWORK ANCILLARIES,01 MANHOLES,1800 dia. x 3000 depth to invert,concrete base,nr,79.69,20.57,195.07,0,295.33,8,295.33,0.0
3027,CLASS K: PIPEWORK - MANHOLES AND PIPEWORK ANCILLARIES,01 MANHOLES,1800 dia. x 3000 depth to invert,main chamber rings,nr,865.63,478.46,1853.1,0,3197.19,8,3197.19,0.0
3028,CLASS K: PIPEWORK - MANHOLES AND PIPEWORK ANCILLARIES,01 MANHOLES,1800 dia. x 3000 depth to invert,cover slab,nr,173.13,95.71,712.26,0,981.1,8,981.09,0.01
3029,CLASS K: PIPEWORK - MANHOLES AND PIPEWORK ANCILLARIES,01 MANHOLES,1800 dia. x 3000 depth to invert,concrete surround,nr,243.8,70.65,433.82,0,748.27,8,748.27,0.0
3030,CLASS K: PIPEWORK - MANHOLES AND PIPEWORK ANCILLARIES,01 MANHOLES,1800 dia. x 3000 depth to invert,"concrete benching, main and branch channels",nr,311.53,63.82,224.71,0,600.06,8,600.05,0.01
3031,CLASS K: PIPEWORK - MANHOLES AND PIPEWORK ANCILLARIES,01 MANHOLES,1800 dia. x 3000 depth to invert,step irons,nr,36.39,3.6,241.24,0,281.23,8,281.22,0.01
3032,CLASS K: PIPEWORK - MANHOLES AND PIPEWORK ANCILLARIES,01 MANHOLES,1800 dia. x 3000 depth to invert,access cover and frame,nr,63.0,5.17,399.36,0,467.53,8,467.53,0.0
3033,CLASS K: PIPEWORK - MANHOLES AND PIPEWORK ANCILLARIES,01 MANHOLES,1800 dia. x 3000 depth to invert,TOTAL,nr,2898.52,1244.53,4059.56,0,8202.61,8,8202.61,0.0
3035,CLASS K: PIPEWORK - MANHOLES AND PIPEWORK ANCILLARIES,01 MANHOLES,1800 dia. x 3500 depth to invert,"excavation, support, backfilling and disposal",nr,1365.15,742.84,0,0,2107.99,7,2107.98,0.01
3036,CLASS K: PIPEWORK - MANHOLES AND PIPEWORK ANCILLARIES,01 MANHOLES,1800 dia. x 3500 depth to invert,concrete base,nr,79.69,20.57,195.07,0,295.33,8,295.33,0.0
3037,CLASS K: PIPEWORK - MANHOLES AND PIPEWORK ANCILLARIES,01 MANHOLES,1800 dia. x 3500 depth to invert,main chamber rings,nr,1009.89,558.21,2161.95,0,3730.05,8,3730.05,0.0
3038,CLASS K: PIPEWORK - MANHOLES AND PIPEWORK ANCILLARIES,01 MANHOLES,1800 dia. x 3500 depth to invert,cover slab,nr,173.13,95.71,712.26,0,981.1,8,981.09,0.01
3039,CLASS K: PIPEWORK - MANHOLES AND PIPEWORK ANCILLARIES,01 MANHOLES,1800 dia. x 3500 depth to invert,concrete surround,nr,285.08,82.59,507.26,0,874.93,8,874.93,0.0
3040,CLASS K: PIPEWORK - MANHOLES AND PIPEWORK ANCILLARIES,01 MANHOLES,1800 dia. x 3500 depth to invert,"concrete benching, main and branch channels",nr,311.53,63.82,224.71,0,600.06,8,600.05,0.01
3041,CLASS K: PIPEWORK - MANHOLES AND PIPEWORK ANCILLARIES,01 MANHOLES,1800 dia. x 3500 depth to invert,step irons,nr,44.46,4.41,294.84,0,343.71,8,343.71,0.0
3042,CLASS K: PIPEWORK - MANHOLES AND PIPEWORK ANCILLARIES,01 MANHOLES,1800 dia. x 3500 depth to invert,access cover and frame,nr,63.0,5.17,399.36,0,467.53,8,467.53,0.0
3043,CLASS K: PIPEWORK - MANHOLES AND PIPEWORK ANCILLARIES,01 MANHOLES,1800 dia. x 3500 depth to invert,TOTAL,nr,3331.9,1573.32,4495.45,0,9400.67,8,9400.68,-0.01
3045,CLASS K: PIPEWORK - MANHOLES AND PIPEWORK ANCILLARIES,01 MANHOLES,1800 dia. x 4000 depth to invert,"excavation, support, backfilling and disposal",nr,1559.24,848.68,0,0,2407.92,7,2407.92,0.0
3046,CLASS K: PIPEWORK - MANHOLES AND PIPEWORK ANCILLARIES,01 MANHOLES,1800 dia. x 4000 depth to invert,concrete base,nr,79.69,20.57,195.07,0,295.33,8,295.33,0.0
3047,CLASS K: PIPEWORK - MANHOLES AND PIPEWORK ANCILLARIES,01 MANHOLES,1800 dia. x 4000 depth to invert,main chamber rings,nr,1154.15,637.96,2470.8,0,4262.91,8,4262.9,0.01
3048,CLASS K: PIPEWORK - MANHOLES AND PIPEWORK ANCILLARIES,01 MANHOLES,1800 dia. x 4000 depth to invert,cover slab,nr,173.13,95.71,712.26,0,981.1,8,981.09,0.01
3049,CLASS K: PIPEWORK - MANHOLES AND PIPEWORK ANCILLARIES,01 MANHOLES,1800 dia. x 4000 depth to invert,concrete surround,nr,325.38,94.28,579.0,0,998.66,8,998.67,-0.01
3050,CLASS K: PIPEWORK - MANHOLES AND PIPEWORK ANCILLARIES,01 MANHOLES,1800 dia. x 4000 depth to invert,"concrete benching, main and branch channels",nr,311.53,63.82,224.71,0,600.06,8,600.05,0.01
3051,CLASS K: PIPEWORK - MANHOLES AND PIPEWORK ANCILLARIES,01 MANHOLES,1800 dia. x 4000 depth to invert,step irons,nr,52.53,5.2,348.45,0,406.18,8,406.19,-0.01
3052,CLASS K: PIPEWORK - MANHOLES AND PIPEWORK ANCILLARIES,01 MANHOLES,1800 dia. x 4000 depth to invert,access cover and frame,nr,63.0,5.17,399.36,0,467.53,8,467.53,0.0
3053,CLASS K: PIPEWORK - MANHOLES AND PIPEWORK ANCILLARIES,01 MANHOLES,1800 dia. x 4000 depth to invert,TOTAL,nr,3718.66,1771.4,4929.65,0,10419.71,8,10419.71,0.0
3055,CLASS K: PIPEWORK - MANHOLES AND PIPEWORK ANCILLARIES,01 MANHOLES,2400 dia. x 3000 depth to invert,"excavation, support, backfilling and disposal",nr,899.25,758.79,0,0,1658.04,7,1658.03,0.01
3056,CLASS K: PIPEWORK - MANHOLES AND PIPEWORK ANCILLARIES,01 MANHOLES,2400 dia. x 3000 depth to invert,concrete base,nr,142.6,36.82,349.07,0,528.49,8,528.48,0.01
3057,CLASS K: PIPEWORK - MANHOLES AND PIPEWORK ANCILLARIES,01 MANHOLES,2400 dia. x 3000 depth to invert,main chamber rings,nr,1167.71,1586.48,5298.05,0,8052.24,8,8052.24,0.0
3058,CLASS K: PIPEWORK - MANHOLES AND PIPEWORK ANCILLARIES,01 MANHOLES,2400 dia. x 3000 depth to invert,cover slab,nr,237.88,323.2,2019.87,0,2580.95,8,2580.95,0.0
3059,CLASS K: PIPEWORK - MANHOLES AND PIPEWORK ANCILLARIES,01 MANHOLES,2400 dia. x 3000 depth to invert,concrete surround,nr,325.38,94.28,579.0,0,998.66,8,998.67,-0.01
3060,CLASS K: PIPEWORK - MANHOLES AND PIPEWORK ANCILLARIES,01 MANHOLES,2400 dia. x 3000 depth to invert,"concrete benching, main and branch channels",nr,334.66,63.82,224.71,0,623.19,8,623.19,0.0
3061,CLASS K: PIPEWORK - MANHOLES AND PIPEWORK ANCILLARIES,01 MANHOLES,2400 dia. x 3000 depth to invert,step irons,nr,36.39,3.6,241.24,0,281.23,8,281.22,0.01
3062,CLASS K: PIPEWORK - MANHOLES AND PIPEWORK ANCILLARIES,01 MANHOLES,2400 dia. x 3000 depth to invert,access cover and frame,nr,63.0,5.17,399.36,0,467.53,8,467.53,0.0
3063,CLASS K: PIPEWORK - MANHOLES AND PIPEWORK ANCILLARIES,01 MANHOLES,2400 dia. x 3000 depth to invert,TOTAL,nr,3206.83,2872.16,9111.3,0,15190.29,8,15190.29,0.0
3065,CLASS K: PIPEWORK - MANHOLES AND PIPEWORK ANCILLARIES,01 MANHOLES,2400 dia. x 4500 depth to invert,"excavation, support, backfilling and disposal",nr,3053.64,1505.08,0,0,4558.72,7,4558.71,0.01
3066,CLASS K: PIPEWORK - MANHOLES AND PIPEWORK ANCILLARIES,01 MANHOLES,2400 dia. x 4500 depth to invert,concrete base,nr,142.6,36.82,349.07,0,528.49,8,528.48,0.01
3067,CLASS K: PIPEWORK - MANHOLES AND PIPEWORK ANCILLARIES,01 MANHOLES,2400 dia. x 4500 depth to invert,main chamber rings,nr,1751.56,2379.72,7947.07,0,12078.35,8,12078.36,-0.01
3068,CLASS K: PIPEWORK - MANHOLES AND PIPEWORK ANCILLARIES,01 MANHOLES,2400 dia. x 4500 depth to invert,cover slab,nr,237.88,323.2,2019.87,0,2580.95,8,2580.95,0.0
3069,CLASS K: PIPEWORK - MANHOLES AND PIPEWORK ANCILLARIES,01 MANHOLES,2400 dia. x 4500 depth to invert,concrete surround,nr,488.58,141.55,869.36,0,1499.49,8,1499.48,0.01
3070,CLASS K: PIPEWORK - MANHOLES AND PIPEWORK ANCILLARIES,01 MANHOLES,2400 dia. x 4500 depth to invert,"concrete benching, main and branch channels",nr,334.66,63.82,224.71,0,623.19,8,623.19,0.0
3071,CLASS K: PIPEWORK - MANHOLES AND PIPEWORK ANCILLARIES,01 MANHOLES,2400 dia. x 4500 depth to invert,step irons,nr,56.58,5.6,375.25,0,437.43,8,437.44,-0.01
3072,CLASS K: PIPEWORK - MANHOLES AND PIPEWORK ANCILLARIES,01 MANHOLES,2400 dia. x 4500 depth to invert,access cover and frame,nr,63.0,5.17,399.36,0,467.53,8,467.53,0.0
3073,CLASS K: PIPEWORK - MANHOLES AND PIPEWORK ANCILLARIES,01 MANHOLES,2400 dia. x 4500 depth to invert,TOTAL,nr,6128.48,4460.96,12184.69,0,22774.13,8,22774.13,0.0
3075,CLASS K: PIPEWORK - MANHOLES AND PIPEWORK ANCILLARIES,01 MANHOLES,2700 dia. x 3000 depth to invert,"excavation, support, backfilling and disposal",nr,2463.96,1002.91,0,0,3466.87,7,3466.86,0.01
3076,CLASS K: PIPEWORK - MANHOLES AND PIPEWORK ANCILLARIES,01 MANHOLES,2700 dia. x 3000 depth to invert,concrete base,nr,180.35,46.57,441.47,0,668.39,8,668.38,0.01
3077,CLASS K: PIPEWORK - MANHOLES AND PIPEWORK ANCILLARIES,01 MANHOLES,2700 dia. x 3000 depth to invert,main chamber rings,nr,1297.45,1762.75,5717.09,0,8777.29,8,8777.3,-0.01
3078,CLASS K: PIPEWORK - MANHOLES AND PIPEWORK ANCILLARIES,01 MANHOLES,2700 dia. x 3000 depth to invert,cover slab,nr,259.49,352.55,4063.14,0,4675.18,8,4675.18,0.0
3079,CLASS K: PIPEWORK - MANHOLES AND PIPEWORK ANCILLARIES,01 MANHOLES,2700 dia. x 3000 depth to invert,concrete surround,nr,366.66,106.23,652.44,0,1125.33,8,1125.35,-0.02
3080,CLASS K: PIPEWORK - MANHOLES AND PIPEWORK ANCILLARIES,01 MANHOLES,2700 dia. x 3000 depth to invert,"concrete benching, main and branch channels",nr,343.91,63.82,224.71,0,632.44,8,632.44,0.0
3081,CLASS K: PIPEWORK - MANHOLES AND PIPEWORK ANCILLARIES,01 MANHOLES,2700 dia. x 3000 depth to invert,step irons,nr,36.39,3.6,241.24,0,281.23,8,281.22,0.01
3082,CLASS K: PIPEWORK - MANHOLES AND PIPEWORK ANCILLARIES,01 MANHOLES,2700 dia. x 3000 depth to invert,access cover and frame,nr,63.0,5.17,399.36,0,467.53,8,467.53,0.0
3083,CLASS K: PIPEWORK - MANHOLES AND PIPEWORK ANCILLARIES,01 MANHOLES,2700 dia. x 3000 depth to invert,TOTAL,nr,5011.2,3343.58,11739.45,0,20094.23,8,20094.24,-0.01
3085,CLASS K: PIPEWORK - MANHOLES AND PIPEWORK ANCILLARIES,01 MANHOLES,2700 dia. x 4500 depth to invert,"excavation, support, backfilling and disposal",nr,3837.02,1823.6,0,0,5660.62,7,5660.62,0.0
3086,CLASS K: PIPEWORK - MANHOLES AND PIPEWORK ANCILLARIES,01 MANHOLES,2700 dia. x 4500 depth to invert,concrete base,nr,179.38,46.33,439.75,0,665.46,8,665.47,-0.01
3087,CLASS K: PIPEWORK - MANHOLES AND PIPEWORK ANCILLARIES,01 MANHOLES,2700 dia. x 4500 depth to invert,main chamber rings,nr,1946.19,2644.13,8575.64,0,13165.96,8,13165.96,0.0
3088,CLASS K: PIPEWORK - MANHOLES AND PIPEWORK ANCILLARIES,01 MANHOLES,2700 dia. x 4500 depth to invert,cover slab,nr,259.49,352.55,4063.14,0,4675.18,8,4675.18,0.0
3089,CLASS K: PIPEWORK - MANHOLES AND PIPEWORK ANCILLARIES,01 MANHOLES,2700 dia. x 4500 depth to invert,concrete surround,nr,550.0,159.36,978.66,0,1688.02,8,1688.02,0.0
3090,CLASS K: PIPEWORK - MANHOLES AND PIPEWORK ANCILLARIES,01 MANHOLES,2700 dia. x 4500 depth to invert,"concrete benching, main and branch channels",nr,343.91,63.82,224.71,0,632.44,8,632.44,0.0
3092,CLASS K: PIPEWORK - MANHOLES AND PIPEWORK ANCILLARIES,01 MANHOLES,Precast concrete construction; 2700 dia. x 4500 depth to invert (continued),step irons,nr,56.58,5.6,375.25,0,437.43,11,437.44,-0.01
3093,CLASS K: PIPEWORK - MANHOLES AND PIPEWORK ANCILLARIES,01 MANHOLES,Precast concrete construction; 2700 dia. x 4500 depth to invert (continued),access cover and frame,nr,63.0,5.17,399.36,0,467.53,11,467.53,0.0
3094,CLASS K: PIPEWORK - MANHOLES AND PIPEWORK ANCILLARIES,01 MANHOLES,Precast concrete construction; 2700 dia. x 4500 depth to invert (continued),TOTAL,nr,7235.58,5100.53,15056.53,0,27392.64,11,27392.65,-0.01
3096,CLASS K: PIPEWORK - MANHOLES AND PIPEWORK ANCILLARIES,01 MANHOLES,3000 dia. x 3000 depth to invert,"excavation, support, backfilling and disposal",nr,3025.87,1205.76,0,0,4231.63,7,4231.62,0.01
3097,CLASS K: PIPEWORK - MANHOLES AND PIPEWORK ANCILLARIES,01 MANHOLES,3000 dia. x 3000 depth to invert,concrete base,nr,222.3,57.4,544.15,0,823.85,8,823.83,0.02
3098,CLASS K: PIPEWORK - MANHOLES AND PIPEWORK ANCILLARIES,01 MANHOLES,3000 dia. x 3000 depth to invert,main chamber rings,nr,1394.76,1894.91,7328.1,0,10617.77,8,10617.77,0.0
3099,CLASS K: PIPEWORK - MANHOLES AND PIPEWORK ANCILLARIES,01 MANHOLES,3000 dia. x 3000 depth to invert,cover slab,nr,34.0,71.81,3877.91,0,3983.72,8,3983.71,0.01
3100,CLASS K: PIPEWORK - MANHOLES AND PIPEWORK ANCILLARIES,01 MANHOLES,3000 dia. x 3000 depth to invert,concrete surround,nr,406.97,117.92,724.17,0,1249.06,8,1249.08,-0.02
3101,CLASS K: PIPEWORK - MANHOLES AND PIPEWORK ANCILLARIES,01 MANHOLES,3000 dia. x 3000 depth to invert,"concrete benching, main and branch channels",nr,377.16,63.82,224.71,0,665.69,8,665.68,0.01
3102,CLASS K: PIPEWORK - MANHOLES AND PIPEWORK ANCILLARIES,01 MANHOLES,3000 dia. x 3000 depth to invert,step irons,nr,36.39,3.6,241.24,0,281.23,8,281.22,0.01
3103,CLASS K: PIPEWORK - MANHOLES AND PIPEWORK ANCILLARIES,01 MANHOLES,3000 dia. x 3000 depth to invert,access cover and frame,nr,63.0,5.17,399.36,0,467.53,8,467.53,0.0
3104,CLASS K: PIPEWORK - MANHOLES AND PIPEWORK ANCILLARIES,01 MANHOLES,3000 dia. x 3000 depth to invert,TOTAL,nr,5560.42,3420.37,13339.64,0,22320.43,8,22320.42,0.01
3106,CLASS K: PIPEWORK - MANHOLES AND PIPEWORK ANCILLARIES,01 MANHOLES,3000 dia. x 4500 depth to invert,"excavation, support, backfilling and disposal",nr,4709.01,2170.84,0,0,6879.85,7,6879.85,0.0
3107,CLASS K: PIPEWORK - MANHOLES AND PIPEWORK ANCILLARIES,01 MANHOLES,3000 dia. x 4500 depth to invert,concrete base,nr,222.3,57.4,544.15,0,823.85,8,823.83,0.02
3108,CLASS K: PIPEWORK - MANHOLES AND PIPEWORK ANCILLARIES,01 MANHOLES,3000 dia. x 4500 depth to invert,main chamber rings,nr,2092.14,2842.36,10992.16,0,15926.66,8,15926.66,0.0
3109,CLASS K: PIPEWORK - MANHOLES AND PIPEWORK ANCILLARIES,01 MANHOLES,3000 dia. x 4500 depth to invert,cover slab,nr,34.0,71.81,3877.91,0,3983.72,8,3983.71,0.01
3110,CLASS K: PIPEWORK - MANHOLES AND PIPEWORK ANCILLARIES,01 MANHOLES,3000 dia. x 4500 depth to invert,concrete surround,nr,610.48,176.87,1086.27,0,1873.62,8,1873.62,0.0
3111,CLASS K: PIPEWORK - MANHOLES AND PIPEWORK ANCILLARIES,01 MANHOLES,3000 dia. x 4500 depth to invert,"concrete benching, main and branch channels",nr,377.16,63.82,224.71,0,665.69,8,665.68,0.01
3112,CLASS K: PIPEWORK - MANHOLES AND PIPEWORK ANCILLARIES,01 MANHOLES,3000 dia. x 4500 depth to invert,step irons,nr,56.58,5.6,375.25,0,437.43,8,437.44,-0.01
3113,CLASS K: PIPEWORK - MANHOLES AND PIPEWORK ANCILLARIES,01 MANHOLES,3000 dia. x 4500 depth to invert,access cover and frame,nr,63.0,5.17,399.36,0,467.53,8,467.53,0.0
3114,CLASS K: PIPEWORK - MANHOLES AND PIPEWORK ANCILLARIES,01 MANHOLES,3000 dia. x 4500 depth to invert,TOTAL,nr,8164.65,5393.87,17499.79,0,31058.31,8,31058.31,0.0
3116,CLASS K: PIPEWORK - MANHOLES AND PIPEWORK ANCILLARIES,01 MANHOLES,3000 dia. x 6000 depth to invert,"excavation, support, backfilling and disposal",nr,6278.32,2894.38,0,0,9172.7,7,9172.69,0.01
3117,CLASS K: PIPEWORK - MANHOLES AND PIPEWORK ANCILLARIES,01 MANHOLES,3000 dia. x 6000 depth to invert,concrete base,nr,222.3,57.4,544.15,0,823.85,8,823.83,0.02
3118,CLASS K: PIPEWORK - MANHOLES AND PIPEWORK ANCILLARIES,01 MANHOLES,3000 dia. x 6000 depth to invert,main chamber rings,nr,2789.54,3789.8,14656.21,0,21235.55,8,21235.55,0.0
3119,CLASS K: PIPEWORK - MANHOLES AND PIPEWORK ANCILLARIES,01 MANHOLES,3000 dia. x 6000 depth to invert,cover slab,nr,34.0,71.81,3877.91,0,3983.72,8,3983.71,0.01
3120,CLASS K: PIPEWORK - MANHOLES AND PIPEWORK ANCILLARIES,01 MANHOLES,3000 dia. x 6000 depth to invert,concrete surround,nr,813.97,235.84,1448.35,0,2498.16,8,2498.14,0.02
3121,CLASS K: PIPEWORK - MANHOLES AND PIPEWORK ANCILLARIES,01 MANHOLES,3000 dia. x 6000 depth to invert,"concrete benching, main and branch channels",nr,377.16,63.82,224.71,0,665.69,8,665.68,0.01
3122,CLASS K: PIPEWORK - MANHOLES AND PIPEWORK ANCILLARIES,01 MANHOLES,3000 dia. x 6000 depth to invert,step irons,nr,76.79,7.6,509.27,0,593.66,8,593.67,-0.01
3123,CLASS K: PIPEWORK - MANHOLES AND PIPEWORK ANCILLARIES,01 MANHOLES,3000 dia. x 6000 depth to invert,access cover and frame,nr,63.0,5.17,399.36,0,467.53,8,467.53,0.0
3124,CLASS K: PIPEWORK - MANHOLES AND PIPEWORK ANCILLARIES,01 MANHOLES,3000 dia. x 6000 depth to invert,TOTAL,nr,10655.03,7125.83,21659.95,0,39440.81,8,39440.8,0.01
3126,CLASS K: PIPEWORK - MANHOLES AND PIPEWORK ANCILLARIES,01 MANHOLES,Precast concrete circular manhole; CPM Perfect Manhole; complete with preformed benching and outlets to base; elastomeric seal to joints to rings; single steps as required. Excavations and backfilling not included; 1200 mm dia. with up to four outlets 100 mm or 150 mm dia.; effective internal depth,1250 mm deep,nr,254.31,69.77,1549.64,0,1873.72,8,1873.72,0.0
3127,CLASS K: PIPEWORK - MANHOLES AND PIPEWORK ANCILLARIES,01 MANHOLES,Precast concrete circular manhole; CPM Perfect Manhole; complete with preformed benching and outlets to base; elastomeric seal to joints to rings; single steps as required. Excavations and backfilling not included; 1200 mm dia. with up to four outlets 100 mm or 150 mm dia.; effective internal depth,1500 mm deep,nr,237.31,69.77,1770.12,0,2077.2,8,2077.19,0.01
3128,CLASS K: PIPEWORK - MANHOLES AND PIPEWORK ANCILLARIES,01 MANHOLES,Precast concrete circular manhole; CPM Perfect Manhole; complete with preformed benching and outlets to base; elastomeric seal to joints to rings; single steps as required. Excavations and backfilling not included; 1200 mm dia. with up to four outlets 100 mm or 150 mm dia.; effective internal depth,1800 mm deep,nr,267.77,69.77,1862.74,0,2200.28,8,2200.27,0.01
3129,CLASS K: PIPEWORK - MANHOLES AND PIPEWORK ANCILLARIES,01 MANHOLES,Precast concrete circular manhole; CPM Perfect Manhole; complete with preformed benching and outlets to base; elastomeric seal to joints to rings; single steps as required. Excavations and backfilling not included; 1200 mm dia. with up to four outlets 100 mm or 150 mm dia.; effective internal depth,2000 mm deep,nr,267.77,69.77,2144.02,0,2481.56,8,2481.56,0.0
3130,CLASS K: PIPEWORK - MANHOLES AND PIPEWORK ANCILLARIES,01 MANHOLES,Precast concrete circular manhole; CPM Perfect Manhole; complete with preformed benching and outlets to base; elastomeric seal to joints to rings; single steps as required. Excavations and backfilling not included; 1200 mm dia. with up to four outlets 100 mm or 150 mm dia.; effective internal depth,2500 mm deep,nr,289.03,87.2,2457.13,0,2833.36,8,2833.36,0.0
3132,CLASS K: PIPEWORK - MANHOLES AND PIPEWORK ANCILLARIES,01 MANHOLES,1500 mm dia. with up to four outlets up to 450 mm dia.; effective internal depth,2000 mm deep,nr,289.03,87.2,4505.36,0,4881.59,8,4881.59,0.0
3133,CLASS K: PIPEWORK - MANHOLES AND PIPEWORK ANCILLARIES,01 MANHOLES,1500 mm dia. with up to four outlets up to 450 mm dia.; effective internal depth,2500 mm deep,nr,320.04,97.67,5027.34,0,5445.05,8,5445.05,0.0
3134,CLASS K: PIPEWORK - MANHOLES AND PIPEWORK ANCILLARIES,01 MANHOLES,1500 mm dia. with up to four outlets up to 450 mm dia.; effective internal depth,3000 mm deep,nr,326.14,97.67,5131.61,0,5555.42,8,5555.42,0.0
3135,CLASS K: PIPEWORK - MANHOLES AND PIPEWORK ANCILLARIES,01 MANHOLES,1500 mm dia. with up to four outlets up to 450 mm dia.; effective internal depth,3500 mm deep,nr,355.32,111.61,5365.78,0,5832.71,8,5832.72,-0.01
3136,CLASS K: PIPEWORK - MANHOLES AND PIPEWORK ANCILLARIES,01 MANHOLES,1500 mm dia. with up to four outlets up to 450 mm dia.; effective internal depth,4000 mm deep,nr,371.76,115.12,6082.95,0,6569.83,8,6569.83,0.0
3137,CLASS K: PIPEWORK - MANHOLES AND PIPEWORK ANCILLARIES,01 MANHOLES,1500 mm dia. with up to four outlets up to 450 mm dia.; effective internal depth,4500 mm deep,nr,371.76,115.12,6604.92,0,7091.8,8,7091.8,0.0
3139,CLASS K: PIPEWORK - MANHOLES AND PIPEWORK ANCILLARIES,01 MANHOLES,1500 mm dia. with up to four outlets up to 600 mm dia.; effective internal depth,4000 mm deep,nr,418.64,122.09,5909.32,0,6450.05,8,6450.06,-0.01
3140,CLASS K: PIPEWORK - MANHOLES AND PIPEWORK ANCILLARIES,01 MANHOLES,1500 mm dia. with up to four outlets up to 600 mm dia.; effective internal depth,4500 mm deep,nr,474.6,139.53,6279.57,0,6893.7,8,6893.72,-0.02
3143,CLASS K: PIPEWORK - MANHOLES AND PIPEWORK ANCILLARIES,03 GULLIES,"Vitrified clay; set in concrete grade C20, 150 mm thick; additional excavation and disposal; Road gully; 450 mm dia. x 900 mm deep, 100 mm or 150 mm outlet; cast iron road gully grating and frame group 4","434 x 434 mm, on Class B engineering brick seating",nr,95.87,2.5,1144.83,0,1243.2,8,1243.2,0.0
3145,CLASS K: PIPEWORK - MANHOLES AND PIPEWORK ANCILLARIES,03 GULLIES,Yard gully (mud); trapped with rodding eye; galvanized bucket; stopper,"225 mm dia., 100 mm dia. outlet, cast iron hinged grate and frame",nr,57.53,1.5,856.88,0,915.91,8,915.9,0.01
3146,CLASS K: PIPEWORK - MANHOLES AND PIPEWORK ANCILLARIES,03 GULLIES,Yard gully (mud); trapped with rodding eye; galvanized bucket; stopper,"Grease interceptors; internal access and bucket 600 x 450 mm, metal tray and lid, square hopper with horizontal inlet",nr,67.12,1.75,4449.39,0,4518.26,8,4518.26,0.0
3148,CLASS K: PIPEWORK - MANHOLES AND PIPEWORK ANCILLARIES,03 GULLIES,"Precast concrete; set in concrete grade C20, 150 mm thick; additional excavation and disposal; Road gully; trapped with rodding eye; galvanized bucket; stopper","450 mm dia. x 750 mm deep; cast iron road gully grating and frame group 4, 434 x 434 mm, on Class B engineering brick seating",nr,95.87,2.5,699.21,0,797.58,8,797.58,0.0
3149,CLASS K: PIPEWORK - MANHOLES AND PIPEWORK ANCILLARIES,03 GULLIES,"Precast concrete; set in concrete grade C20, 150 mm thick; additional excavation and disposal; Road gully; trapped with rodding eye; galvanized bucket; stopper","450 mm dia. x 900 mm deep; cast iron road gully grating and frame group 4, 434 x 434 mm, on Class B engineering brick seating",nr,103.54,2.71,733.69,0,839.94,8,839.94,0.0
3150,CLASS K: PIPEWORK - MANHOLES AND PIPEWORK ANCILLARIES,03 GULLIES,"Precast concrete; set in concrete grade C20, 150 mm thick; additional excavation and disposal; Road gully; trapped with rodding eye; galvanized bucket; stopper","450 mm dia. x 1050 mm deep, cast iron road gully grating and frame group 4, 434 x 434 mm, on Class B engineering brick seating",nr,111.22,2.9,756.48,0,870.6,8,870.59,0.01
3155,CLASS K: PIPEWORK - MANHOLES AND PIPEWORK ANCILLARIES,"04 FRENCH DRAINS, RUBBLE DRAINS, DITCHES",Excavation; Excavation of trenches for unpiped rubble drains (excluding trench support); cross-sectional area,0.25-0.50 m2,m,21.1,9.71,0,0,30.81,10,30.81,0.0
3157,CLASS K: PIPEWORK - MANHOLES AND PIPEWORK ANCILLARIES,"04 FRENCH DRAINS, RUBBLE DRAINS, DITCHES",Excavation of trenches for unpiped rubble drains (excluding trench support); cross-sectional area (continued),0.50-0.75 m2,m,24.93,11.64,0,0,36.57,10,36.56,0.01
3158,CLASS K: PIPEWORK - MANHOLES AND PIPEWORK ANCILLARIES,"04 FRENCH DRAINS, RUBBLE DRAINS, DITCHES",Excavation of trenches for unpiped rubble drains (excluding trench support); cross-sectional area (continued),0.75-1.00 m2,m,29.73,13.57,0,0,43.3,10,43.3,0.0
3159,CLASS K: PIPEWORK - MANHOLES AND PIPEWORK ANCILLARIES,"04 FRENCH DRAINS, RUBBLE DRAINS, DITCHES",Excavation of trenches for unpiped rubble drains (excluding trench support); cross-sectional area (continued),1.00-1.50 m2,m,35.47,16.49,0,0,51.96,10,51.96,0.0
3160,CLASS K: PIPEWORK - MANHOLES AND PIPEWORK ANCILLARIES,"04 FRENCH DRAINS, RUBBLE DRAINS, DITCHES",Excavation of trenches for unpiped rubble drains (excluding trench support); cross-sectional area (continued),1.50-2.00 m2,m,42.19,19.39,0,0,61.58,10,61.57,0.01
3162,CLASS K: PIPEWORK - MANHOLES AND PIPEWORK ANCILLARIES,"04 FRENCH DRAINS, RUBBLE DRAINS, DITCHES",Excavation of rectangular section ditches; unlined; cross-sectional area,0.25-0.50 m2,m,21.1,11.79,0,0,32.89,10,32.89,0.0
3163,CLASS K: PIPEWORK - MANHOLES AND PIPEWORK ANCILLARIES,"04 FRENCH DRAINS, RUBBLE DRAINS, DITCHES",Excavation of rectangular section ditches; unlined; cross-sectional area,0.50-0.75 m2,m,26.83,13.03,0,0,39.86,10,39.88,-0.02
3164,CLASS K: PIPEWORK - MANHOLES AND PIPEWORK ANCILLARIES,"04 FRENCH DRAINS, RUBBLE DRAINS, DITCHES",Excavation of rectangular section ditches; unlined; cross-sectional area,0.75-1.00 m2,m,32.59,15.88,0,0,48.47,10,48.49,-0.02
3165,CLASS K: PIPEWORK - MANHOLES AND PIPEWORK ANCILLARIES,"04 FRENCH DRAINS, RUBBLE DRAINS, DITCHES",Excavation of rectangular section ditches; unlined; cross-sectional area,1.00-1.50 m2,m,40.27,19.69,0,0,59.96,10,59.97,-0.01
3166,CLASS K: PIPEWORK - MANHOLES AND PIPEWORK ANCILLARIES,"04 FRENCH DRAINS, RUBBLE DRAINS, DITCHES",Excavation of rectangular section ditches; unlined; cross-sectional area,1.50-2.00 m2,m,49.85,24.92,0,0,74.77,10,74.77,0.0
3168,CLASS K: PIPEWORK - MANHOLES AND PIPEWORK ANCILLARIES,"04 FRENCH DRAINS, RUBBLE DRAINS, DITCHES",Excavation of rectangular ditches; lined with precast concrete slabs; cross-sectional area,0.25-0.50 m2,m,30.69,16.07,28.31,0,75.07,11,75.06,0.01
3169,CLASS K: PIPEWORK - MANHOLES AND PIPEWORK ANCILLARIES,"04 FRENCH DRAINS, RUBBLE DRAINS, DITCHES",Excavation of rectangular ditches; lined with precast concrete slabs; cross-sectional area,0.50-0.75 m2,m,51.77,26.36,41.3,0,119.43,11,119.43,0.0
3170,CLASS K: PIPEWORK - MANHOLES AND PIPEWORK ANCILLARIES,"04 FRENCH DRAINS, RUBBLE DRAINS, DITCHES",Excavation of rectangular ditches; lined with precast concrete slabs; cross-sectional area,0.75-1.00 m2,m,72.87,38.32,58.55,0,169.74,11,169.74,0.0
3171,CLASS K: PIPEWORK - MANHOLES AND PIPEWORK ANCILLARIES,"04 FRENCH DRAINS, RUBBLE DRAINS, DITCHES",Excavation of rectangular ditches; lined with precast concrete slabs; cross-sectional area,1.00-1.50 m2,m,80.54,43.48,82.51,0,206.53,11,206.53,0.0
3172,CLASS K: PIPEWORK - MANHOLES AND PIPEWORK ANCILLARIES,"04 FRENCH DRAINS, RUBBLE DRAINS, DITCHES",Excavation of rectangular ditches; lined with precast concrete slabs; cross-sectional area,1.50-2.00 m2,m,92.04,48.23,116.6,0,256.87,11,256.88,-0.01
3174,CLASS K: PIPEWORK - MANHOLES AND PIPEWORK ANCILLARIES,"04 FRENCH DRAINS, RUBBLE DRAINS, DITCHES",Excavation of vee section ditches; unlined; cross-sectional area,0.25-0.50 m2,m,21.1,11.63,0,0,32.73,10,32.72,0.01
3175,CLASS K: PIPEWORK - MANHOLES AND PIPEWORK ANCILLARIES,"04 FRENCH DRAINS, RUBBLE DRAINS, DITCHES",Excavation of vee section ditches; unlined; cross-sectional area,0.50-0.75 m2,m,24.93,13.77,0,0,38.7,10,38.7,0.0
3176,CLASS K: PIPEWORK - MANHOLES AND PIPEWORK ANCILLARIES,"04 FRENCH DRAINS, RUBBLE DRAINS, DITCHES",Excavation of vee section ditches; unlined; cross-sectional area,0.75-1.00 m2,m,28.75,16.0,0,0,44.75,10,44.75,0.0
3177,CLASS K: PIPEWORK - MANHOLES AND PIPEWORK ANCILLARIES,"04 FRENCH DRAINS, RUBBLE DRAINS, DITCHES",Excavation of vee section ditches; unlined; cross-sectional area,1.00-1.50 m2,m,36.43,20.37,0,0,56.8,10,56.8,0.0
3178,CLASS K: PIPEWORK - MANHOLES AND PIPEWORK ANCILLARIES,"04 FRENCH DRAINS, RUBBLE DRAINS, DITCHES",Excavation of vee section ditches; unlined; cross-sectional area,1.50-2.00 m2,m,46.03,25.4,0,0,71.43,10,71.43,0.0
3180,CLASS K: PIPEWORK - MANHOLES AND PIPEWORK ANCILLARIES,"04 FRENCH DRAINS, RUBBLE DRAINS, DITCHES",Filling,Filling French and rubble drains with graded material graded material; 20 mm stone aggregate,m3,59.45,33.5,145.95,0,238.9,11,238.88,0.02
3181,CLASS K: PIPEWORK - MANHOLES AND PIPEWORK ANCILLARIES,"04 FRENCH DRAINS, RUBBLE DRAINS, DITCHES",Filling,broken brick/concrete rubble,m3,59.45,29.85,157.73,0,247.03,11,247.02,0.01
3184,CLASS K: PIPEWORK - MANHOLES AND PIPEWORK ANCILLARIES,"04 FRENCH DRAINS, RUBBLE DRAINS, DITCHES",HydroBlox surface and sub-surface drains; Recycled plastic; water conveyance plank format as a French/land drain alternative and or retrofit solution for existing drainage installations,Single unit 1.00 m x 220 mm deep x 45 mm thick x providing 1003 l/min permeability; backfilled with excavated material,m,59.63,29.77,0,0,89.4,10,89.39,0.01
3185,CLASS K: PIPEWORK - MANHOLES AND PIPEWORK ANCILLARIES,"04 FRENCH DRAINS, RUBBLE DRAINS, DITCHES",HydroBlox surface and sub-surface drains; Recycled plastic; water conveyance plank format as a French/land drain alternative and or retrofit solution for existing drainage installations,Two units 1.00 m x 220 mm deep x 90 mm thick x providing 2006 l/min permeability; backfilled with excavated material,m,111.49,55.64,0,0,167.13,10,167.13,0.0
3186,CLASS K: PIPEWORK - MANHOLES AND PIPEWORK ANCILLARIES,"04 FRENCH DRAINS, RUBBLE DRAINS, DITCHES",HydroBlox surface and sub-surface drains; Recycled plastic; water conveyance plank format as a French/land drain alternative and or retrofit solution for existing drainage installations,Four units 1.00 m x 220 mm deep x 180 mm thick x providing 4012 l/min permeability; backfilled with excavated material,m,214.57,107.08,0,0,321.65,10,321.66,-0.01
3189,CLASS K: PIPEWORK - MANHOLES AND PIPEWORK ANCILLARIES,05 DUCTS AND METAL CULVERTS,"Galvanized steel culverts; bitumen coated; Sectional corrugated metal culverts, nominal internal dia. 0.5-1 m; 1000 mm nominal internal dia., 1.6 mm thick",not in trenches,m,28.75,1.82,215.09,0,245.66,11,245.64,0.02
3190,CLASS K: PIPEWORK - MANHOLES AND PIPEWORK ANCILLARIES,05 DUCTS AND METAL CULVERTS,"Galvanized steel culverts; bitumen coated; Sectional corrugated metal culverts, nominal internal dia. 0.5-1 m; 1000 mm nominal internal dia., 1.6 mm thick","in trenches, depth not exceeding 1.5 m",m,59.45,33.84,215.09,0,308.38,11,308.38,0.0
3191,CLASS K: PIPEWORK - MANHOLES AND PIPEWORK ANCILLARIES,05 DUCTS AND METAL CULVERTS,"Galvanized steel culverts; bitumen coated; Sectional corrugated metal culverts, nominal internal dia. 0.5-1 m; 1000 mm nominal internal dia., 1.6 mm thick","in trenches, depth 1.5-2 m",m,82.44,46.97,215.09,0,344.5,11,344.5,0.0
3192,CLASS K: PIPEWORK - MANHOLES AND PIPEWORK ANCILLARIES,05 DUCTS AND METAL CULVERTS,"Galvanized steel culverts; bitumen coated; Sectional corrugated metal culverts, nominal internal dia. 0.5-1 m; 1000 mm nominal internal dia., 1.6 mm thick","in trenches, depth 2-2.5 m",m,97.79,55.72,215.09,0,368.6,11,368.59,0.01
3193,CLASS K: PIPEWORK - MANHOLES AND PIPEWORK ANCILLARIES,05 DUCTS AND METAL CULVERTS,"Galvanized steel culverts; bitumen coated; Sectional corrugated metal culverts, nominal internal dia. 0.5-1 m; 1000 mm nominal internal dia., 1.6 mm thick","in trenches, depth 2.5-3 m",m,115.06,65.55,215.09,0,395.7,11,395.7,0.0
3195,CLASS K: PIPEWORK - MANHOLES AND PIPEWORK ANCILLARIES,05 DUCTS AND METAL CULVERTS,"Sectional corrugated metal culverts, nominal internal dia. exceeding 1.5 m; 1600 mm nominal internal dia., 1.6 mm thick",not in trenches,m,40.27,2.53,344.81,0,387.61,11,387.62,-0.01
3196,CLASS K: PIPEWORK - MANHOLES AND PIPEWORK ANCILLARIES,05 DUCTS AND METAL CULVERTS,"Sectional corrugated metal culverts, nominal internal dia. exceeding 1.5 m; 1600 mm nominal internal dia., 1.6 mm thick","in trenches, depth 1.5-2 m",m,84.37,48.06,344.81,0,477.24,11,477.25,-0.01
3197,CLASS K: PIPEWORK - MANHOLES AND PIPEWORK ANCILLARIES,05 DUCTS AND METAL CULVERTS,"Sectional corrugated metal culverts, nominal internal dia. exceeding 1.5 m; 1600 mm nominal internal dia., 1.6 mm thick","in trenches, depth 2-2.5 m",m,107.38,61.18,344.81,0,513.37,11,513.37,0.0
3198,CLASS K: PIPEWORK - MANHOLES AND PIPEWORK ANCILLARIES,05 DUCTS AND METAL CULVERTS,"Sectional corrugated metal culverts, nominal internal dia. exceeding 1.5 m; 1600 mm nominal internal dia., 1.6 mm thick","in trenches, depth 2.5-3 m",m,130.39,74.3,344.81,0,549.5,11,549.51,-0.01
3199,CLASS K: PIPEWORK - MANHOLES AND PIPEWORK ANCILLARIES,05 DUCTS AND METAL CULVERTS,"Sectional corrugated metal culverts, nominal internal dia. exceeding 1.5 m; 1600 mm nominal internal dia., 1.6 mm thick","in trenches, depth 3-3.5 m",m,157.23,89.64,344.81,0,591.68,11,591.68,0.0
3201,CLASS K: PIPEWORK - MANHOLES AND PIPEWORK ANCILLARIES,05 DUCTS AND METAL CULVERTS,"Sectional corrugated metal culverts, nominal internal dia. exceeding 1.5 m; 2000 mm nominal internal dia., 1.6 mm thick",not in trenches,m,49.85,3.15,729.93,0,782.93,11,782.94,-0.01
3202,CLASS K: PIPEWORK - MANHOLES AND PIPEWORK ANCILLARIES,05 DUCTS AND METAL CULVERTS,"Sectional corrugated metal culverts, nominal internal dia. exceeding 1.5 m; 2000 mm nominal internal dia., 1.6 mm thick","in trenches, depth 2-2.5 m",m,88.21,50.28,729.93,0,868.42,11,868.43,-0.01
3203,CLASS K: PIPEWORK - MANHOLES AND PIPEWORK ANCILLARIES,05 DUCTS AND METAL CULVERTS,"Sectional corrugated metal culverts, nominal internal dia. exceeding 1.5 m; 2000 mm nominal internal dia., 1.6 mm thick","in trenches, depth 2.5-3 m",m,115.06,65.55,729.93,0,910.54,11,910.54,0.0
3204,CLASS K: PIPEWORK - MANHOLES AND PIPEWORK ANCILLARIES,05 DUCTS AND METAL CULVERTS,"Sectional corrugated metal culverts, nominal internal dia. exceeding 1.5 m; 2000 mm nominal internal dia., 1.6 mm thick","in trenches, depth 3-3.5 m",m,143.81,81.93,729.93,0,955.67,11,955.66,0.01
3205,CLASS K: PIPEWORK - MANHOLES AND PIPEWORK ANCILLARIES,05 DUCTS AND METAL CULVERTS,"Sectional corrugated metal culverts, nominal internal dia. exceeding 1.5 m; 2000 mm nominal internal dia., 1.6 mm thick","in trenches, depth 3.5-4 m",m,178.32,101.63,729.93,0,1009.88,11,1009.88,0.0
3207,CLASS K: PIPEWORK - MANHOLES AND PIPEWORK ANCILLARIES,05 DUCTS AND METAL CULVERTS,"Sectional corrugated metal culverts, nominal internal dia. exceeding 1.5 m; 2200 mm nominal internal dia., 1.6 mm thick",not in trenches,m,63.29,3.99,822.38,0,889.66,11,889.65,0.01
3208,CLASS K: PIPEWORK - MANHOLES AND PIPEWORK ANCILLARIES,05 DUCTS AND METAL CULVERTS,"Sectional corrugated metal culverts, nominal internal dia. exceeding 1.5 m; 2200 mm nominal internal dia., 1.6 mm thick","in trenches, depth 2.5-3 m",m,122.72,69.93,822.38,0,1015.03,11,1015.03,0.0
3209,CLASS K: PIPEWORK - MANHOLES AND PIPEWORK ANCILLARIES,05 DUCTS AND METAL CULVERTS,"Sectional corrugated metal culverts, nominal internal dia. exceeding 1.5 m; 2200 mm nominal internal dia., 1.6 mm thick","in trenches, depth 3-3.5 m",m,147.65,84.15,822.38,0,1054.18,11,1054.18,0.0
3210,CLASS K: PIPEWORK - MANHOLES AND PIPEWORK ANCILLARIES,05 DUCTS AND METAL CULVERTS,"Sectional corrugated metal culverts, nominal internal dia. exceeding 1.5 m; 2200 mm nominal internal dia., 1.6 mm thick","in trenches, depth 3.5-4 m",m,195.58,111.49,822.38,0,1129.45,11,1129.44,0.01
3211,CLASS K: PIPEWORK - MANHOLES AND PIPEWORK ANCILLARIES,05 DUCTS AND METAL CULVERTS,"Sectional corrugated metal culverts, nominal internal dia. exceeding 1.5 m; 2200 mm nominal internal dia., 1.6 mm thick","in trenches, depth exceeding 4 m",m,253.11,144.22,822.38,0,1219.71,11,1219.72,-0.01
3215,CLASS K: PIPEWORK - MANHOLES AND PIPEWORK ANCILLARIES,08 OTHER PIPEWORK ANCILLARIES,"Build Ends in; Connections to existing manholes and other chambers, pipe bore",150 mm dia.,nr,130.07,8.89,16.85,0,155.81,8,155.8,0.01
3216,CLASS K: PIPEWORK - MANHOLES AND PIPEWORK ANCILLARIES,08 OTHER PIPEWORK ANCILLARIES,"Build Ends in; Connections to existing manholes and other chambers, pipe bore",225 mm dia.,nr,205.93,14.06,31.35,0,251.34,8,251.34,0.0
3217,CLASS K: PIPEWORK - MANHOLES AND PIPEWORK ANCILLARIES,08 OTHER PIPEWORK ANCILLARIES,"Build Ends in; Connections to existing manholes and other chambers, pipe bore",300 mm dia.,nr,270.97,18.54,47.58,0,337.09,8,337.09,0.0
3218,CLASS K: PIPEWORK - MANHOLES AND PIPEWORK ANCILLARIES,08 OTHER PIPEWORK ANCILLARIES,"Build Ends in; Connections to existing manholes and other chambers, pipe bore",375 mm dia.,nr,314.31,21.49,62.69,0,398.49,8,398.5,-0.01
3219,CLASS K: PIPEWORK - MANHOLES AND PIPEWORK ANCILLARIES,08 OTHER PIPEWORK ANCILLARIES,"Build Ends in; Connections to existing manholes and other chambers, pipe bore",450 mm dia.,nr,379.36,187.56,78.86,0,645.78,8,645.78,0.0
3237,"CLASS L: PIPEWORK SUPPORTS AND PROTECTION, ANCILLARIES TO LAYING AND EXCAVATION",01 EXTRAS TO EXCAVATION AND BACKFILLING,Drainage sundries; Extra over any item of drainage for excavation in,rock,m3,85.84,88.02,0,0,173.86,4,173.86,0.0
3238,"CLASS L: PIPEWORK SUPPORTS AND PROTECTION, ANCILLARIES TO LAYING AND EXCAVATION",01 EXTRAS TO EXCAVATION AND BACKFILLING,Drainage sundries; Extra over any item of drainage for excavation in,mass concrete,m3,110.92,114.45,0,0,225.37,4,225.38,-0.01
3239,"CLASS L: PIPEWORK SUPPORTS AND PROTECTION, ANCILLARIES TO LAYING AND EXCAVATION",01 EXTRAS TO EXCAVATION AND BACKFILLING,Drainage sundries; Extra over any item of drainage for excavation in,reinforced concrete,m3,155.82,160.49,0,0,316.31,4,316.31,0.0
3241,"CLASS L: PIPEWORK SUPPORTS AND PROTECTION, ANCILLARIES TO LAYING AND EXCAVATION",01 EXTRAS TO EXCAVATION AND BACKFILLING,"Excavation of soft spots, backfilling",concrete grade C15P,m3,39.61,40.61,169.34,0,249.56,5,249.57,-0.01
3245,"CLASS L: PIPEWORK SUPPORTS AND PROTECTION, ANCILLARIES TO LAYING AND EXCAVATION",02 SPECIAL PIPE LAYING METHODS,"Pipe Jacking; Provision of all plant, equipment and labour establishing",thrust pit; 6 m x 4 m x 8 m deep,item,18391.84,12312.05,26142.12,0,56846.01,5,56846.01,0.0
3246,"CLASS L: PIPEWORK SUPPORTS AND PROTECTION, ANCILLARIES TO LAYING AND EXCAVATION",02 SPECIAL PIPE LAYING METHODS,"Pipe Jacking; Provision of all plant, equipment and labour establishing",reception pit; 4 m x 4 m x 8 m deep,item,13487.37,9028.85,19170.9,0,41687.12,5,41687.1,0.02
3247,"CLASS L: PIPEWORK SUPPORTS AND PROTECTION, ANCILLARIES TO LAYING AND EXCAVATION",02 SPECIAL PIPE LAYING METHODS,"Pipe Jacking; Provision of all plant, equipment and labour establishing",mobilize and set up pipe jacking equipment,item,26921.13,18021.82,38265.64,0,83208.59,5,83208.6,-0.01
3249,"CLASS L: PIPEWORK SUPPORTS AND PROTECTION, ANCILLARIES TO LAYING AND EXCAVATION",02 SPECIAL PIPE LAYING METHODS,"Pipe jacking, excluding the cost of non-drainage materials; concrete pipes BS 5911 Part 1 Class 120 with rebated joints, steel reinforcing band; length not exceeding 50 m; in sand and gravel",900 mm nominal bore,m,1458.67,976.47,2073.35,0,4508.49,5,4508.49,0.0
3250,"CLASS L: PIPEWORK SUPPORTS AND PROTECTION, ANCILLARIES TO LAYING AND EXCAVATION",02 SPECIAL PIPE LAYING METHODS,"Pipe jacking, excluding the cost of non-drainage materials; concrete pipes BS 5911 Part 1 Class 120 with rebated joints, steel reinforcing band; length not exceeding 50 m; in sand and gravel",1200 mm nominal bore,m,1688.73,1130.48,2400.36,0,5219.57,5,5219.57,0.0
3251,"CLASS L: PIPEWORK SUPPORTS AND PROTECTION, ANCILLARIES TO LAYING AND EXCAVATION",02 SPECIAL PIPE LAYING METHODS,"Pipe jacking, excluding the cost of non-drainage materials; concrete pipes BS 5911 Part 1 Class 120 with rebated joints, steel reinforcing band; length not exceeding 50 m; in sand and gravel",1500 mm nominal bore,m,1249.94,836.75,1776.65,0,3863.34,5,3863.32,0.02
3252,"CLASS L: PIPEWORK SUPPORTS AND PROTECTION, ANCILLARIES TO LAYING AND EXCAVATION",02 SPECIAL PIPE LAYING METHODS,"Pipe jacking, excluding the cost of non-drainage materials; concrete pipes BS 5911 Part 1 Class 120 with rebated joints, steel reinforcing band; length not exceeding 50 m; in sand and gravel",1800 mm nominal bore,m,1330.28,890.53,1890.86,0,4111.67,5,4111.68,-0.01
3255,"CLASS L: PIPEWORK SUPPORTS AND PROTECTION, ANCILLARIES TO LAYING AND EXCAVATION",03 BEDS,Imported sand; 100 mm deep bed for pipes nominal bore,100 mm,m,2.63,1.81,5.16,0,9.6,5,9.61,-0.01
3256,"CLASS L: PIPEWORK SUPPORTS AND PROTECTION, ANCILLARIES TO LAYING AND EXCAVATION",03 BEDS,Imported sand; 100 mm deep bed for pipes nominal bore,150 mm,m,2.63,1.81,5.55,0,9.99,5,10.0,-0.01
3257,"CLASS L: PIPEWORK SUPPORTS AND PROTECTION, ANCILLARIES TO LAYING AND EXCAVATION",03 BEDS,Imported sand; 100 mm deep bed for pipes nominal bore,225 mm,m,3.97,2.72,6.47,0,13.16,5,13.16,0.0
3258,"CLASS L: PIPEWORK SUPPORTS AND PROTECTION, ANCILLARIES TO LAYING AND EXCAVATION",03 BEDS,Imported sand; 100 mm deep bed for pipes nominal bore,300 mm,m,5.28,3.63,6.77,0,15.68,5,15.68,0.0
3260,"CLASS L: PIPEWORK SUPPORTS AND PROTECTION, ANCILLARIES TO LAYING AND EXCAVATION",03 BEDS,Imported sand; 150 mm deep bed for pipes nominal bore,150 mm,m,7.92,5.43,8.38,0,21.73,5,21.74,-0.01
3261,"CLASS L: PIPEWORK SUPPORTS AND PROTECTION, ANCILLARIES TO LAYING AND EXCAVATION",03 BEDS,Imported sand; 150 mm deep bed for pipes nominal bore,225 mm,m,9.24,6.35,9.68,0,25.27,5,25.27,0.0
3262,"CLASS L: PIPEWORK SUPPORTS AND PROTECTION, ANCILLARIES TO LAYING AND EXCAVATION",03 BEDS,Imported sand; 150 mm deep bed for pipes nominal bore,300 mm,m,11.9,8.17,10.24,0,30.31,5,30.3,0.01
3263,"CLASS L: PIPEWORK SUPPORTS AND PROTECTION, ANCILLARIES TO LAYING AND EXCAVATION",03 BEDS,Imported sand; 150 mm deep bed for pipes nominal bore,400 mm,m,15.84,10.88,11.48,0,38.2,5,38.2,0.0
3264,"CLASS L: PIPEWORK SUPPORTS AND PROTECTION, ANCILLARIES TO LAYING AND EXCAVATION",03 BEDS,Imported sand; 150 mm deep bed for pipes nominal bore,450 mm,m,18.5,12.69,13.44,0,44.63,5,44.62,0.01
3265,"CLASS L: PIPEWORK SUPPORTS AND PROTECTION, ANCILLARIES TO LAYING AND EXCAVATION",03 BEDS,Imported sand; 150 mm deep bed for pipes nominal bore,600 mm,m,22.45,15.41,16.61,0,54.47,5,54.47,0.0
3266,"CLASS L: PIPEWORK SUPPORTS AND PROTECTION, ANCILLARIES TO LAYING AND EXCAVATION",03 BEDS,Imported sand; 150 mm deep bed for pipes nominal bore,750 mm,m,25.09,17.23,18.57,0,60.89,5,60.88,0.01
3267,"CLASS L: PIPEWORK SUPPORTS AND PROTECTION, ANCILLARIES TO LAYING AND EXCAVATION",03 BEDS,Imported sand; 150 mm deep bed for pipes nominal bore,900 mm,m,27.74,19.04,21.74,0,68.52,5,68.51,0.01
3268,"CLASS L: PIPEWORK SUPPORTS AND PROTECTION, ANCILLARIES TO LAYING AND EXCAVATION",03 BEDS,Imported sand; 150 mm deep bed for pipes nominal bore,1200 mm,m,33.02,22.66,25.55,0,81.23,5,81.24,-0.01
3270,"CLASS L: PIPEWORK SUPPORTS AND PROTECTION, ANCILLARIES TO LAYING AND EXCAVATION",03 BEDS,Imported granular material; 100 mm deep bed for pipes nominal bore,100 mm,m,2.63,1.81,8.7,0,13.14,5,13.15,-0.01
3271,"CLASS L: PIPEWORK SUPPORTS AND PROTECTION, ANCILLARIES TO LAYING AND EXCAVATION",03 BEDS,Imported granular material; 100 mm deep bed for pipes nominal bore,150 mm,m,3.97,2.72,9.44,0,16.13,5,16.13,0.0
3272,"CLASS L: PIPEWORK SUPPORTS AND PROTECTION, ANCILLARIES TO LAYING AND EXCAVATION",03 BEDS,Imported granular material; 100 mm deep bed for pipes nominal bore,225 mm,m,5.28,3.63,10.82,0,19.73,5,19.73,0.0
3273,"CLASS L: PIPEWORK SUPPORTS AND PROTECTION, ANCILLARIES TO LAYING AND EXCAVATION",03 BEDS,Imported granular material; 100 mm deep bed for pipes nominal bore,300 mm,m,6.6,4.54,11.58,0,22.72,5,22.72,0.0
3275,"CLASS L: PIPEWORK SUPPORTS AND PROTECTION, ANCILLARIES TO LAYING AND EXCAVATION",03 BEDS,Imported granular material; 150 mm deep bed for pipes nominal bore,150 mm,m,7.92,5.43,14.13,0,27.48,5,27.49,-0.01
3276,"CLASS L: PIPEWORK SUPPORTS AND PROTECTION, ANCILLARIES TO LAYING AND EXCAVATION",03 BEDS,Imported granular material; 150 mm deep bed for pipes nominal bore,225 mm,m,10.56,7.25,16.25,0,34.06,5,34.06,0.0
3277,"CLASS L: PIPEWORK SUPPORTS AND PROTECTION, ANCILLARIES TO LAYING AND EXCAVATION",03 BEDS,Imported granular material; 150 mm deep bed for pipes nominal bore,300 mm,m,13.21,9.06,17.35,0,39.62,5,39.63,-0.01
3278,"CLASS L: PIPEWORK SUPPORTS AND PROTECTION, ANCILLARIES TO LAYING AND EXCAVATION",03 BEDS,Imported granular material; 150 mm deep bed for pipes nominal bore,400 mm,m,17.16,11.78,19.56,0,48.5,5,48.51,-0.01
3279,"CLASS L: PIPEWORK SUPPORTS AND PROTECTION, ANCILLARIES TO LAYING AND EXCAVATION",03 BEDS,Imported granular material; 150 mm deep bed for pipes nominal bore,450 mm,m,19.81,13.6,22.56,0,55.97,5,55.97,0.0
3280,"CLASS L: PIPEWORK SUPPORTS AND PROTECTION, ANCILLARIES TO LAYING AND EXCAVATION",03 BEDS,Imported granular material; 150 mm deep bed for pipes nominal bore,600 mm,m,23.76,16.31,28.11,0,68.18,5,68.19,-0.01
3281,"CLASS L: PIPEWORK SUPPORTS AND PROTECTION, ANCILLARIES TO LAYING AND EXCAVATION",03 BEDS,Imported granular material; 150 mm deep bed for pipes nominal bore,750 mm,m,26.41,18.12,31.34,0,75.87,5,75.88,-0.01
3282,"CLASS L: PIPEWORK SUPPORTS AND PROTECTION, ANCILLARIES TO LAYING AND EXCAVATION",03 BEDS,Imported granular material; 150 mm deep bed for pipes nominal bore,900 mm,m,29.06,19.94,36.78,0,85.78,5,85.77,0.01
3283,"CLASS L: PIPEWORK SUPPORTS AND PROTECTION, ANCILLARIES TO LAYING AND EXCAVATION",03 BEDS,Imported granular material; 150 mm deep bed for pipes nominal bore,1200 mm,m,34.34,23.57,43.19,0,101.1,5,101.09,0.01
3285,"CLASS L: PIPEWORK SUPPORTS AND PROTECTION, ANCILLARIES TO LAYING AND EXCAVATION",03 BEDS,Mass concrete; 100 mm deep bed for pipes nominal bore,100 mm,m,9.24,6.35,12.96,0,28.55,5,28.55,0.0
3286,"CLASS L: PIPEWORK SUPPORTS AND PROTECTION, ANCILLARIES TO LAYING AND EXCAVATION",03 BEDS,Mass concrete; 100 mm deep bed for pipes nominal bore,150 mm,m,10.56,7.25,14.06,0,31.87,5,31.86,0.01
3287,"CLASS L: PIPEWORK SUPPORTS AND PROTECTION, ANCILLARIES TO LAYING AND EXCAVATION",03 BEDS,Mass concrete; 100 mm deep bed for pipes nominal bore,225 mm,m,11.9,8.17,16.23,0,36.3,5,36.28,0.02
3289,"CLASS L: PIPEWORK SUPPORTS AND PROTECTION, ANCILLARIES TO LAYING AND EXCAVATION",03 BEDS,Mass concrete; 100 mm deep bed for pipes nominal bore (continued),300 mm,m,14.53,9.98,17.32,0,41.83,5,41.82,0.01
3291,"CLASS L: PIPEWORK SUPPORTS AND PROTECTION, ANCILLARIES TO LAYING AND EXCAVATION",03 BEDS,Mass concrete; 150 mm deep bed for pipes nominal bore,100 mm,m,13.21,9.06,19.47,0,41.74,5,41.74,0.0
3292,"CLASS L: PIPEWORK SUPPORTS AND PROTECTION, ANCILLARIES TO LAYING AND EXCAVATION",03 BEDS,Mass concrete; 150 mm deep bed for pipes nominal bore,150 mm,m,15.84,10.88,21.08,0,47.8,5,47.8,0.0
3293,"CLASS L: PIPEWORK SUPPORTS AND PROTECTION, ANCILLARIES TO LAYING AND EXCAVATION",03 BEDS,Mass concrete; 150 mm deep bed for pipes nominal bore,225 mm,m,18.5,12.69,24.35,0,55.54,5,55.53,0.01
3294,"CLASS L: PIPEWORK SUPPORTS AND PROTECTION, ANCILLARIES TO LAYING AND EXCAVATION",03 BEDS,Mass concrete; 150 mm deep bed for pipes nominal bore,300 mm,m,21.13,14.5,25.97,0,61.6,5,61.6,0.0
3295,"CLASS L: PIPEWORK SUPPORTS AND PROTECTION, ANCILLARIES TO LAYING AND EXCAVATION",03 BEDS,Mass concrete; 150 mm deep bed for pipes nominal bore,400 mm,m,25.09,17.23,29.14,0,71.46,5,71.45,0.01
3296,"CLASS L: PIPEWORK SUPPORTS AND PROTECTION, ANCILLARIES TO LAYING AND EXCAVATION",03 BEDS,Mass concrete; 150 mm deep bed for pipes nominal bore,450 mm,m,27.74,19.04,34.08,0,80.86,5,80.85,0.01
3297,"CLASS L: PIPEWORK SUPPORTS AND PROTECTION, ANCILLARIES TO LAYING AND EXCAVATION",03 BEDS,Mass concrete; 150 mm deep bed for pipes nominal bore,600 mm,m,31.69,21.75,42.13,0,95.57,5,95.57,0.0
3298,"CLASS L: PIPEWORK SUPPORTS AND PROTECTION, ANCILLARIES TO LAYING AND EXCAVATION",03 BEDS,Mass concrete; 150 mm deep bed for pipes nominal bore,750 mm,m,34.34,23.57,47.01,0,104.92,5,104.91,0.01
3299,"CLASS L: PIPEWORK SUPPORTS AND PROTECTION, ANCILLARIES TO LAYING AND EXCAVATION",03 BEDS,Mass concrete; 150 mm deep bed for pipes nominal bore,900 mm,m,36.97,25.38,55.14,0,117.49,5,117.49,0.0
3300,"CLASS L: PIPEWORK SUPPORTS AND PROTECTION, ANCILLARIES TO LAYING AND EXCAVATION",03 BEDS,Mass concrete; 150 mm deep bed for pipes nominal bore,1200 mm,m,42.26,29.01,64.83,0,136.1,5,136.11,-0.01
3304,"CLASS L: PIPEWORK SUPPORTS AND PROTECTION, ANCILLARIES TO LAYING AND EXCAVATION",04 HAUNCHES,Mass concrete; Haunches for pipes nominal bore,150 mm,m,31.69,21.75,11.89,0,65.33,5,65.33,0.0
3305,"CLASS L: PIPEWORK SUPPORTS AND PROTECTION, ANCILLARIES TO LAYING AND EXCAVATION",04 HAUNCHES,Mass concrete; Haunches for pipes nominal bore,225 mm,m,38.29,26.29,18.66,0,83.24,5,83.24,0.0
3306,"CLASS L: PIPEWORK SUPPORTS AND PROTECTION, ANCILLARIES TO LAYING AND EXCAVATION",04 HAUNCHES,Mass concrete; Haunches for pipes nominal bore,300 mm,m,47.55,32.64,23.52,0,103.71,5,103.7,0.01
3307,"CLASS L: PIPEWORK SUPPORTS AND PROTECTION, ANCILLARIES TO LAYING AND EXCAVATION",04 HAUNCHES,Mass concrete; Haunches for pipes nominal bore,400 mm,m,56.79,38.98,31.12,0,126.89,5,126.88,0.01
3308,"CLASS L: PIPEWORK SUPPORTS AND PROTECTION, ANCILLARIES TO LAYING AND EXCAVATION",04 HAUNCHES,Mass concrete; Haunches for pipes nominal bore,450 mm,m,66.03,45.33,42.13,0,153.49,5,153.49,0.0
3309,"CLASS L: PIPEWORK SUPPORTS AND PROTECTION, ANCILLARIES TO LAYING AND EXCAVATION",04 HAUNCHES,Mass concrete; Haunches for pipes nominal bore,600 mm,m,73.95,50.76,65.24,0,189.95,5,189.96,-0.01
3310,"CLASS L: PIPEWORK SUPPORTS AND PROTECTION, ANCILLARIES TO LAYING AND EXCAVATION",04 HAUNCHES,Mass concrete; Haunches for pipes nominal bore,750 mm,m,81.88,56.21,80.68,0,218.77,5,218.75,0.02
3311,"CLASS L: PIPEWORK SUPPORTS AND PROTECTION, ANCILLARIES TO LAYING AND EXCAVATION",04 HAUNCHES,Mass concrete; Haunches for pipes nominal bore,900 mm,m,91.13,62.55,110.4,0,264.08,5,264.08,0.0
3312,"CLASS L: PIPEWORK SUPPORTS AND PROTECTION, ANCILLARIES TO LAYING AND EXCAVATION",04 HAUNCHES,Mass concrete; Haunches for pipes nominal bore,1200 mm,m,99.06,67.99,144.51,0,311.56,5,311.55,0.01
3316,"CLASS L: PIPEWORK SUPPORTS AND PROTECTION, ANCILLARIES TO LAYING AND EXCAVATION",05 SURROUNDS,Imported sand; 100 mm thick bed for pipes nominal bore,100 mm,m,5.28,3.63,9.32,0,18.23,5,18.23,0.0
3317,"CLASS L: PIPEWORK SUPPORTS AND PROTECTION, ANCILLARIES TO LAYING AND EXCAVATION",05 SURROUNDS,Imported sand; 100 mm thick bed for pipes nominal bore,150 mm,m,6.6,4.54,13.37,0,24.51,5,24.51,0.0
3318,"CLASS L: PIPEWORK SUPPORTS AND PROTECTION, ANCILLARIES TO LAYING AND EXCAVATION",05 SURROUNDS,Imported sand; 100 mm thick bed for pipes nominal bore,225 mm,m,7.92,5.43,21.41,0,34.76,5,34.77,-0.01
3319,"CLASS L: PIPEWORK SUPPORTS AND PROTECTION, ANCILLARIES TO LAYING AND EXCAVATION",05 SURROUNDS,Imported sand; 100 mm thick bed for pipes nominal bore,300 mm,m,10.56,7.25,29.84,0,47.65,5,47.65,0.0
3321,"CLASS L: PIPEWORK SUPPORTS AND PROTECTION, ANCILLARIES TO LAYING AND EXCAVATION",05 SURROUNDS,Imported sand; 150 mm thick bed for pipes nominal bore,100 mm,m,13.21,9.06,11.32,0,33.59,5,33.59,0.0
3322,"CLASS L: PIPEWORK SUPPORTS AND PROTECTION, ANCILLARIES TO LAYING AND EXCAVATION",05 SURROUNDS,Imported sand; 150 mm thick bed for pipes nominal bore,150 mm,m,15.84,10.88,15.52,0,42.24,5,42.24,0.0
3323,"CLASS L: PIPEWORK SUPPORTS AND PROTECTION, ANCILLARIES TO LAYING AND EXCAVATION",05 SURROUNDS,Imported sand; 150 mm thick bed for pipes nominal bore,225 mm,m,18.5,12.69,23.94,0,55.13,5,55.12,0.01
3324,"CLASS L: PIPEWORK SUPPORTS AND PROTECTION, ANCILLARIES TO LAYING AND EXCAVATION",05 SURROUNDS,Imported sand; 150 mm thick bed for pipes nominal bore,300 mm,m,23.76,16.31,32.4,0,72.47,5,72.48,-0.01
3325,"CLASS L: PIPEWORK SUPPORTS AND PROTECTION, ANCILLARIES TO LAYING AND EXCAVATION",05 SURROUNDS,Imported sand; 150 mm thick bed for pipes nominal bore,400 mm,m,31.69,21.75,47.31,0,100.75,5,100.75,0.0
3326,"CLASS L: PIPEWORK SUPPORTS AND PROTECTION, ANCILLARIES TO LAYING AND EXCAVATION",05 SURROUNDS,Imported sand; 150 mm thick bed for pipes nominal bore,450 mm,m,36.97,25.38,60.25,0,122.6,5,122.6,0.0
3327,"CLASS L: PIPEWORK SUPPORTS AND PROTECTION, ANCILLARIES TO LAYING AND EXCAVATION",05 SURROUNDS,Imported sand; 150 mm thick bed for pipes nominal bore,600 mm,m,44.9,30.83,97.33,0,173.06,5,173.05,0.01
3328,"CLASS L: PIPEWORK SUPPORTS AND PROTECTION, ANCILLARIES TO LAYING AND EXCAVATION",05 SURROUNDS,Imported sand; 150 mm thick bed for pipes nominal bore,750 mm,m,50.19,34.45,135.71,0,220.35,5,220.34,0.01
3329,"CLASS L: PIPEWORK SUPPORTS AND PROTECTION, ANCILLARIES TO LAYING AND EXCAVATION",05 SURROUNDS,Imported sand; 150 mm thick bed for pipes nominal bore,900 mm,m,55.47,38.07,188.95,0,282.49,5,282.5,-0.01
3330,"CLASS L: PIPEWORK SUPPORTS AND PROTECTION, ANCILLARIES TO LAYING AND EXCAVATION",05 SURROUNDS,Imported sand; 150 mm thick bed for pipes nominal bore,1200 mm,m,66.03,45.33,301.16,0,412.52,5,412.51,0.01
3332,"CLASS L: PIPEWORK SUPPORTS AND PROTECTION, ANCILLARIES TO LAYING AND EXCAVATION",05 SURROUNDS,Imported granular material; 100 mm thick bed for pipes nominal bore,100 mm,m,15.84,6.35,15.71,0,37.9,5,37.9,0.0
3333,"CLASS L: PIPEWORK SUPPORTS AND PROTECTION, ANCILLARIES TO LAYING AND EXCAVATION",05 SURROUNDS,Imported granular material; 100 mm thick bed for pipes nominal bore,150 mm,m,22.45,9.06,22.44,0,53.95,5,53.95,0.0
3334,"CLASS L: PIPEWORK SUPPORTS AND PROTECTION, ANCILLARIES TO LAYING AND EXCAVATION",05 SURROUNDS,Imported granular material; 100 mm thick bed for pipes nominal bore,225 mm,m,25.09,15.74,35.98,0,76.81,5,76.81,0.0
3335,"CLASS L: PIPEWORK SUPPORTS AND PROTECTION, ANCILLARIES TO LAYING AND EXCAVATION",05 SURROUNDS,Imported granular material; 100 mm thick bed for pipes nominal bore,300 mm,m,30.37,19.12,50.23,0,99.72,5,99.72,0.0
3337,"CLASS L: PIPEWORK SUPPORTS AND PROTECTION, ANCILLARIES TO LAYING AND EXCAVATION",05 SURROUNDS,Imported granular material; 150 mm thick bed for pipes nominal bore,100 mm,m,13.21,9.06,19.01,0,41.28,5,41.29,-0.01
3338,"CLASS L: PIPEWORK SUPPORTS AND PROTECTION, ANCILLARIES TO LAYING AND EXCAVATION",05 SURROUNDS,Imported granular material; 150 mm thick bed for pipes nominal bore,150 mm,m,15.84,10.88,26.14,0,52.86,5,52.86,0.0
3339,"CLASS L: PIPEWORK SUPPORTS AND PROTECTION, ANCILLARIES TO LAYING AND EXCAVATION",05 SURROUNDS,Imported granular material; 150 mm thick bed for pipes nominal bore,225 mm,m,18.5,12.69,40.23,0,71.42,5,71.41,0.01
3340,"CLASS L: PIPEWORK SUPPORTS AND PROTECTION, ANCILLARIES TO LAYING AND EXCAVATION",05 SURROUNDS,Imported granular material; 150 mm thick bed for pipes nominal bore,300 mm,m,23.76,16.31,54.73,0,94.8,5,94.81,-0.01
3341,"CLASS L: PIPEWORK SUPPORTS AND PROTECTION, ANCILLARIES TO LAYING AND EXCAVATION",05 SURROUNDS,Imported granular material; 150 mm thick bed for pipes nominal bore,400 mm,m,31.69,21.75,79.8,0,133.24,5,133.24,0.0
3342,"CLASS L: PIPEWORK SUPPORTS AND PROTECTION, ANCILLARIES TO LAYING AND EXCAVATION",05 SURROUNDS,Imported granular material; 150 mm thick bed for pipes nominal bore,450 mm,m,36.97,25.38,101.82,0,164.17,5,164.17,0.0
3343,"CLASS L: PIPEWORK SUPPORTS AND PROTECTION, ANCILLARIES TO LAYING AND EXCAVATION",05 SURROUNDS,Imported granular material; 150 mm thick bed for pipes nominal bore,600 mm,m,44.9,30.83,163.69,0,239.42,5,239.42,0.0
3344,"CLASS L: PIPEWORK SUPPORTS AND PROTECTION, ANCILLARIES TO LAYING AND EXCAVATION",05 SURROUNDS,Imported granular material; 150 mm thick bed for pipes nominal bore,750 mm,m,50.19,34.45,228.99,0,313.63,5,313.63,0.0
3345,"CLASS L: PIPEWORK SUPPORTS AND PROTECTION, ANCILLARIES TO LAYING AND EXCAVATION",05 SURROUNDS,Imported granular material; 150 mm thick bed for pipes nominal bore,900 mm,m,55.47,38.07,318.7,0,412.24,5,412.24,0.0
3346,"CLASS L: PIPEWORK SUPPORTS AND PROTECTION, ANCILLARIES TO LAYING AND EXCAVATION",05 SURROUNDS,Imported granular material; 150 mm thick bed for pipes nominal bore,1200 mm,m,66.03,45.33,508.12,0,619.48,5,619.47,0.01
3348,"CLASS L: PIPEWORK SUPPORTS AND PROTECTION, ANCILLARIES TO LAYING AND EXCAVATION",05 SURROUNDS,Mass concrete; 100 mm thick bed for pipes nominal bore,100 mm,m,18.5,12.69,23.43,0,54.62,5,54.62,0.0
3349,"CLASS L: PIPEWORK SUPPORTS AND PROTECTION, ANCILLARIES TO LAYING AND EXCAVATION",05 SURROUNDS,Mass concrete; 100 mm thick bed for pipes nominal bore,150 mm,m,21.13,14.5,33.66,0,69.29,5,69.29,0.0
3350,"CLASS L: PIPEWORK SUPPORTS AND PROTECTION, ANCILLARIES TO LAYING AND EXCAVATION",05 SURROUNDS,Mass concrete; 100 mm thick bed for pipes nominal bore,225 mm,m,23.76,16.31,53.89,0,93.96,5,93.97,-0.01
3351,"CLASS L: PIPEWORK SUPPORTS AND PROTECTION, ANCILLARIES TO LAYING AND EXCAVATION",05 SURROUNDS,Mass concrete; 100 mm thick bed for pipes nominal bore,300 mm,m,29.06,19.94,75.17,0,124.17,5,124.16,0.01
3353,"CLASS L: PIPEWORK SUPPORTS AND PROTECTION, ANCILLARIES TO LAYING AND EXCAVATION",05 SURROUNDS,Mass concrete; 150 mm thick bed for pipes nominal bore,150 mm,m,30.37,20.85,39.12,0,90.34,5,90.34,0.0
3354,"CLASS L: PIPEWORK SUPPORTS AND PROTECTION, ANCILLARIES TO LAYING AND EXCAVATION",05 SURROUNDS,Mass concrete; 150 mm thick bed for pipes nominal bore,225 mm,m,34.34,23.57,60.2,0,118.11,5,118.1,0.01
3355,"CLASS L: PIPEWORK SUPPORTS AND PROTECTION, ANCILLARIES TO LAYING AND EXCAVATION",05 SURROUNDS,Mass concrete; 150 mm thick bed for pipes nominal bore,300 mm,m,39.61,27.2,81.94,0,148.75,5,148.75,0.0
3356,"CLASS L: PIPEWORK SUPPORTS AND PROTECTION, ANCILLARIES TO LAYING AND EXCAVATION",05 SURROUNDS,Mass concrete; 150 mm thick bed for pipes nominal bore,400 mm,m,47.55,32.64,119.52,0,199.71,5,199.71,0.0
3357,"CLASS L: PIPEWORK SUPPORTS AND PROTECTION, ANCILLARIES TO LAYING AND EXCAVATION",05 SURROUNDS,Mass concrete; 150 mm thick bed for pipes nominal bore,450 mm,m,52.82,36.26,152.34,0,241.42,5,241.42,0.0
3358,"CLASS L: PIPEWORK SUPPORTS AND PROTECTION, ANCILLARIES TO LAYING AND EXCAVATION",05 SURROUNDS,Mass concrete; 150 mm thick bed for pipes nominal bore,600 mm,m,59.42,40.79,244.88,0,345.09,5,345.1,-0.01
3359,"CLASS L: PIPEWORK SUPPORTS AND PROTECTION, ANCILLARIES TO LAYING AND EXCAVATION",05 SURROUNDS,Mass concrete; 150 mm thick bed for pipes nominal bore,750 mm,m,66.03,45.33,342.63,0,453.99,5,453.99,0.0
3360,"CLASS L: PIPEWORK SUPPORTS AND PROTECTION, ANCILLARIES TO LAYING AND EXCAVATION",05 SURROUNDS,Mass concrete; 150 mm thick bed for pipes nominal bore,900 mm,m,72.63,49.85,476.58,0,599.06,5,599.06,0.0
3361,"CLASS L: PIPEWORK SUPPORTS AND PROTECTION, ANCILLARIES TO LAYING AND EXCAVATION",05 SURROUNDS,Mass concrete; 150 mm thick bed for pipes nominal bore,1200 mm,m,80.56,55.3,759.6,0,895.46,5,895.45,0.01
3364,"CLASS L: PIPEWORK SUPPORTS AND PROTECTION, ANCILLARIES TO LAYING AND EXCAVATION",07 CONCRETE STOOLS AND THRUST BLOCKS,Mass concrete; Concrete stools or thrust blocks (nett volume of concrete excluding volume occupied by pipes),0.1 m3,nr,23.76,16.31,19.4,0,59.47,5,59.48,-0.01
3365,"CLASS L: PIPEWORK SUPPORTS AND PROTECTION, ANCILLARIES TO LAYING AND EXCAVATION",07 CONCRETE STOOLS AND THRUST BLOCKS,Mass concrete; Concrete stools or thrust blocks (nett volume of concrete excluding volume occupied by pipes),0.1-0.2 m3,nr,42.26,29.01,38.85,0,110.12,5,110.12,0.0
3366,"CLASS L: PIPEWORK SUPPORTS AND PROTECTION, ANCILLARIES TO LAYING AND EXCAVATION",07 CONCRETE STOOLS AND THRUST BLOCKS,Mass concrete; Concrete stools or thrust blocks (nett volume of concrete excluding volume occupied by pipes),0.2-0.5 m3,nr,81.88,56.21,97.28,0,235.37,5,235.36,0.01
3367,"CLASS L: PIPEWORK SUPPORTS AND PROTECTION, ANCILLARIES TO LAYING AND EXCAVATION",07 CONCRETE STOOLS AND THRUST BLOCKS,Mass concrete; Concrete stools or thrust blocks (nett volume of concrete excluding volume occupied by pipes),0.5-1.0 m3,nr,120.17,82.49,194.73,0,397.39,5,397.38,0.01
3369,"CLASS L: PIPEWORK SUPPORTS AND PROTECTION, ANCILLARIES TO LAYING AND EXCAVATION",07 CONCRETE STOOLS AND THRUST BLOCKS,Mass concrete; Concrete stools or thrust blocks (continued),1.0-2.0 m3,nr,170.35,116.94,389.82,0,677.11,5,677.11,0.0
3370,"CLASS L: PIPEWORK SUPPORTS AND PROTECTION, ANCILLARIES TO LAYING AND EXCAVATION",07 CONCRETE STOOLS AND THRUST BLOCKS,Mass concrete; Concrete stools or thrust blocks (continued),2.0-4.0 m3,nr,415.99,285.55,779.24,0,1480.78,5,1480.77,0.01
3376,CLASS M: STRUCTURAL METALWORK,03 FABRICATION OF MEMBERS FOR FRAMES,Members for Frames; Columns,universal beams; straight on plan,t,0,0,0,2440.83,2440.83,1,2440.83,0.0
3377,CLASS M: STRUCTURAL METALWORK,03 FABRICATION OF MEMBERS FOR FRAMES,Members for Frames; Columns,circular hollow sections; straight on plan,t,0,0,0,2975.11,2975.11,1,2975.11,0.0
3378,CLASS M: STRUCTURAL METALWORK,03 FABRICATION OF MEMBERS FOR FRAMES,Members for Frames; Columns,rectangular hollow sections; straight on plan,t,0,0,0,2827.24,2827.24,1,2827.24,0.0
3380,CLASS M: STRUCTURAL METALWORK,03 FABRICATION OF MEMBERS FOR FRAMES,Beams,universal beams; straight on plan,t,0,0,0,2271.3,2271.3,1,2271.3,0.0
3381,CLASS M: STRUCTURAL METALWORK,03 FABRICATION OF MEMBERS FOR FRAMES,Beams,universal beams; curved on plan,t,0,0,0,2848.2,2848.2,1,2848.2,0.0
3382,CLASS M: STRUCTURAL METALWORK,03 FABRICATION OF MEMBERS FOR FRAMES,Beams,channels; straight on plan,t,0,0,0,2760.59,2760.59,1,2760.59,0.0
3383,CLASS M: STRUCTURAL METALWORK,03 FABRICATION OF MEMBERS FOR FRAMES,Beams,channels; curved on plan,t,0,0,0,4569.03,4569.03,1,4569.03,0.0
3384,CLASS M: STRUCTURAL METALWORK,03 FABRICATION OF MEMBERS FOR FRAMES,Beams,castellated beams; straight on plan,t,0,0,0,2950.35,2950.35,1,2950.35,0.0
3386,CLASS M: STRUCTURAL METALWORK,03 FABRICATION OF MEMBERS FOR FRAMES,Portal frames,straight on plan,t,0,0,0,3426.92,3426.92,1,3426.92,0.0
3388,CLASS M: STRUCTURAL METALWORK,03 FABRICATION OF MEMBERS FOR FRAMES,"Trestles, towers and built-up columns",straight on plan,t,0,0,0,3788.67,3788.67,1,3788.67,0.0
3390,CLASS M: STRUCTURAL METALWORK,03 FABRICATION OF MEMBERS FOR FRAMES,Trusses and built-up girders,straight on plan,t,0,0,0,3807.7,3807.7,1,3807.7,0.0
3391,CLASS M: STRUCTURAL METALWORK,03 FABRICATION OF MEMBERS FOR FRAMES,Trusses and built-up girders,curved on plan,t,0,0,0,4759.64,4759.64,1,4759.64,0.0
3393,CLASS M: STRUCTURAL METALWORK,03 FABRICATION OF MEMBERS FOR FRAMES,Bracings,angles; straight on plan,t,0,0,0,3247.97,3247.97,1,3247.97,0.0
3394,CLASS M: STRUCTURAL METALWORK,03 FABRICATION OF MEMBERS FOR FRAMES,Bracings,circular hollow sections; straight on plan,t,0,0,0,3714.43,3714.43,1,3714.43,0.0
3396,CLASS M: STRUCTURAL METALWORK,03 FABRICATION OF MEMBERS FOR FRAMES,Purlins and cladding rails,straight on plan,t,0,0,0,2245.8,2245.8,1,2245.8,0.0
3398,CLASS M: STRUCTURAL METALWORK,03 FABRICATION OF MEMBERS FOR FRAMES,Cold rolled purlins and rails,straight on plan,t,0,0,0,4592.24,4592.24,1,4592.24,0.0
3399,CLASS M: STRUCTURAL METALWORK,03 FABRICATION OF MEMBERS FOR FRAMES,Cold rolled purlins and rails,Anchorages and holding down bolt assemblies base plate and bolt assemblies complete,t,0,0,0,4664.43,4664.43,1,4664.43,0.0
3402,CLASS M: STRUCTURAL METALWORK,06 ERECTION OF FABRICATED MEMBERS FOR FRAMES,Erection of Frames,Trial erection,t,0,0,0,1098.75,1098.75,1,1098.75,0.0
3403,CLASS M: STRUCTURAL METALWORK,06 ERECTION OF FABRICATED MEMBERS FOR FRAMES,Erection of Frames,Permanent erection,t,0,0,0,1098.75,1098.75,1,1098.75,0.0
3407,CLASS M: STRUCTURAL METALWORK,08 OFF SITE SURFACE TREATMENT,Surface Treatment to Frames,Blast cleaning,m2,0,0,0,5.72,5.72,1,5.72,0.0
3408,CLASS M: STRUCTURAL METALWORK,08 OFF SITE SURFACE TREATMENT,Surface Treatment to Frames,Galvanizing,m2,0,0,0,28.58,28.58,1,28.58,0.0
3410,CLASS M: STRUCTURAL METALWORK,08 OFF SITE SURFACE TREATMENT,Painting,one coat zinc chromate primer,m2,0,0,0,9.5,9.5,1,9.5,0.0
3411,CLASS M: STRUCTURAL METALWORK,08 OFF SITE SURFACE TREATMENT,Painting,one coat two pack epoxy zinc phosphate primer (75 microns dry film thickness),m2,0,0,0,9.5,9.5,1,9.5,0.0
3412,CLASS M: STRUCTURAL METALWORK,08 OFF SITE SURFACE TREATMENT,Painting,two coats epoxy micaceous iron oxide (100 microns dry film thickness per coat),m2,0,0,0,28.58,28.58,1,28.58,0.0
3438,CLASS N: MISCELLANEOUS METALWORK,01 MILD STEEL,Mild steel,Stairways and landings,t,2223.99,0,9206.49,0,11430.48,3,11430.47,0.01
3439,CLASS N: MISCELLANEOUS METALWORK,01 MILD STEEL,Mild steel,Walkways and platforms,t,2376.17,0,9836.48,0,12212.65,3,12212.65,0.0
3441,CLASS N: MISCELLANEOUS METALWORK,01 MILD STEEL,Ladders,cat ladder; 64 x 13 mm bar strings; 19 mm rungs at 250 mm centres; 450 mm wide with safety hoops,m,40.82,0,168.94,0,209.76,3,209.76,0.0
3443,CLASS N: MISCELLANEOUS METALWORK,01 MILD STEEL,Miscellaneous framing,angle section; 200 x 200 x 16 mm (equal),m,98.74,0,408.72,0,507.46,3,507.45,0.01
3444,CLASS N: MISCELLANEOUS METALWORK,01 MILD STEEL,Miscellaneous framing,angle section; 150 x 150 x 10 mm (equal),m,45.64,0,188.94,0,234.58,3,234.57,0.01
3445,CLASS N: MISCELLANEOUS METALWORK,01 MILD STEEL,Miscellaneous framing,angle section; 100 x 100 x 12 mm (equal),m,81.96,0,339.31,0,421.27,3,421.28,-0.01
3446,CLASS N: MISCELLANEOUS METALWORK,01 MILD STEEL,Miscellaneous framing,angle section; 200 x 150 x 15 mm (unequal),m,65.2,0,269.89,0,335.09,3,335.08,0.01
3447,CLASS N: MISCELLANEOUS METALWORK,01 MILD STEEL,Miscellaneous framing,angle section; 150 x 75 x 10 mm (unequal),m,34.54,0,142.98,0,177.52,3,177.53,-0.01
3448,CLASS N: MISCELLANEOUS METALWORK,01 MILD STEEL,Miscellaneous framing,universal beams; 914 x 419 mm,m,763.8,0,3161.86,0,3925.66,3,3925.67,-0.01
3449,CLASS N: MISCELLANEOUS METALWORK,01 MILD STEEL,Miscellaneous framing,universal beams; 533 x 210 mm,m,260.8,0,1079.66,0,1340.46,3,1340.46,0.0
3450,CLASS N: MISCELLANEOUS METALWORK,01 MILD STEEL,Miscellaneous framing,universal joists; 127 x 76 mm,m,27.94,0,115.68,0,143.62,3,143.62,0.0
3451,CLASS N: MISCELLANEOUS METALWORK,01 MILD STEEL,Miscellaneous framing,channel section; 381 x 102 mm,m,119.22,0,493.55,0,612.77,3,612.77,0.0
3452,CLASS N: MISCELLANEOUS METALWORK,01 MILD STEEL,Miscellaneous framing,channel section; 254 x 76 mm,m,61.48,0,254.48,0,315.96,3,315.96,0.0
3453,CLASS N: MISCELLANEOUS METALWORK,01 MILD STEEL,Miscellaneous framing,channel section; 152 x 76 mm,m,39.12,0,161.94,0,201.06,3,201.06,0.0
3454,CLASS N: MISCELLANEOUS METALWORK,01 MILD STEEL,Miscellaneous framing,tubular section; 100 x 100 x 10 mm,m,55.9,0,231.38,0,287.28,3,287.27,0.01
3455,CLASS N: MISCELLANEOUS METALWORK,01 MILD STEEL,Miscellaneous framing,tubular section; 200 x 200 x 15 mm,m,186.31,0,771.21,0,957.52,3,957.51,0.01
3456,CLASS N: MISCELLANEOUS METALWORK,01 MILD STEEL,Miscellaneous framing,tubular section; 76.1 x 5.0 mm,m,19.37,0,80.19,0,99.56,3,99.56,0.0
3457,CLASS N: MISCELLANEOUS METALWORK,01 MILD STEEL,Miscellaneous framing,tubular section; 139.7 x 6.3 mm,m,54.02,0,223.66,0,277.68,3,277.69,-0.01
3459,CLASS N: MISCELLANEOUS METALWORK,01 MILD STEEL,Mild steel; galvanized; Handrails,"76 mm dia. tubular handrail, 48 mm dia. standards at 750 mm centres, 48 mm dia. middle rail, 1070 mm high overall",m,48.08,0,199.02,0,247.1,3,247.1,0.0
3461,CLASS N: MISCELLANEOUS METALWORK,01 MILD STEEL,Plate flooring,"8 mm (on plain) Durbar pattern floor plates, maximum weight each panel 50 kg",m2,129.64,0,536.65,0,666.29,3,666.29,0.0
3463,CLASS N: MISCELLANEOUS METALWORK,01 MILD STEEL,"Mild steel; internally and externally acid dipped, rinse and hot dip galvanized, epoxy internal paint; Uncovered tanks",1600 litre capacity open top water tank,nr,446.12,0,1846.77,0,2292.89,3,2292.9,-0.01
3464,CLASS N: MISCELLANEOUS METALWORK,01 MILD STEEL,"Mild steel; internally and externally acid dipped, rinse and hot dip galvanized, epoxy internal paint; Uncovered tanks",18180 litre capacity open top water tank,nr,4261.98,0,17643.08,0,21905.06,3,21905.06,0.0
3466,CLASS N: MISCELLANEOUS METALWORK,01 MILD STEEL,Covered tanks,1600 litre capacity open top water tank with loose fitting lid,nr,600.34,0,2485.23,0,3085.57,3,3085.58,-0.01
3467,CLASS N: MISCELLANEOUS METALWORK,01 MILD STEEL,Covered tanks,18180 litre capacity open top water tank with loose fitting lid,nr,3822.36,0,15823.2,0,19645.56,3,19645.55,0.01
3469,CLASS N: MISCELLANEOUS METALWORK,01 MILD STEEL,"Corrugated steel plates to BS 1449 Pt 1, Gr H4, sealed and bolted; BS729 hot dip galvanized, epoxy internal and external paint; Uncovered tanks",713 m3 capacity bolted cylindrical open top tank,nr,16401.18,0,67894.92,0,84296.1,3,84296.09,0.01
3472,CLASS N: MISCELLANEOUS METALWORK,02 PROPRIETARY WORK,"Galvanized steel troughed sheeting; 0.70 mm metal thickness, 75 mm deep corrugations; colour coating each side; fixing with plastic capped self-tapping screws to steel purlins or rails; Cladding",upper surfaces inclined at an angle ne 30 deg to the horizontal,m2,19.28,0.57,65.74,0,85.59,4,85.6,-0.01
3474,CLASS N: MISCELLANEOUS METALWORK,02 PROPRIETARY WORK,Extra for,"galvanized steel inner lining sheet, 0.40 mm thick, Plastisol colour coating",m2,7.72,0.46,31.81,0,39.99,4,39.98,0.01
3475,CLASS N: MISCELLANEOUS METALWORK,02 PROPRIETARY WORK,Extra for,"galvanized steel inner lining sheet, 0.40 mm thick, Plastisol colour coating; insulation, 80 mm thick",m2,10.28,0.3,118.68,0,129.26,4,129.26,0.0
3476,CLASS N: MISCELLANEOUS METALWORK,02 PROPRIETARY WORK,Extra for,surfaces inclined at an angle exceeding 60 deg to the horizontal,m2,20.56,1.22,55.94,0,77.72,4,77.73,-0.01
3478,CLASS N: MISCELLANEOUS METALWORK,02 PROPRIETARY WORK,Extra for,"galvanized steel inner lining sheet, 0.40 mm thick, Plastisol colour coating",m2,14.13,0.84,31.81,0,46.78,4,46.78,0.0
3479,CLASS N: MISCELLANEOUS METALWORK,02 PROPRIETARY WORK,Extra for,"galvanized steel inner lining sheet, 0.40 mm thick, Plastisol colour coating; insulation, 80 mm thick",m2,16.71,0.99,118.68,0,136.38,4,136.38,0.0
3481,CLASS N: MISCELLANEOUS METALWORK,02 PROPRIETARY WORK,Galvanized steel flashings; 0.90 mm metal thickness; bent to profile; fixing with plastic capped self-tapping screws to steel purlins or rails; mastic sealant; Flashings to cladding,250 mm girth,m,15.42,0.91,39.65,0,55.98,4,55.99,-0.01
3482,CLASS N: MISCELLANEOUS METALWORK,02 PROPRIETARY WORK,Galvanized steel flashings; 0.90 mm metal thickness; bent to profile; fixing with plastic capped self-tapping screws to steel purlins or rails; mastic sealant; Flashings to cladding,500 mm girth,m,23.14,1.37,57.72,0,82.23,4,82.23,0.0
3483,CLASS N: MISCELLANEOUS METALWORK,02 PROPRIETARY WORK,Galvanized steel flashings; 0.90 mm metal thickness; bent to profile; fixing with plastic capped self-tapping screws to steel purlins or rails; mastic sealant; Flashings to cladding,750 mm girth,m,28.27,1.67,63.74,0,93.68,4,93.69,-0.01
3485,CLASS N: MISCELLANEOUS METALWORK,02 PROPRIETARY WORK,"Aluminium profiled sheeting; 0.90 mm metal thickness, 75 mm deep corrugations; colour coating each side; fixing with plastic capped self-tapping screws to steel purlins or rails; Cladding",upper surfaces inclined at an angle exceeding 60 deg to the horizontal,m2,25.71,1.52,72.32,0,99.55,4,99.55,0.0
3487,CLASS N: MISCELLANEOUS METALWORK,02 PROPRIETARY WORK,Extra for,"aluminium inner lining sheet, 0.70 mm thick, Plastisol colour coating",m2,16.71,1.11,45.52,0,63.34,4,63.34,0.0
3488,CLASS N: MISCELLANEOUS METALWORK,02 PROPRIETARY WORK,Extra for,"aluminium inner lining sheet, 0.70 mm thick, Plastisol colour coating; insulation, 80 mm thick",m2,19.28,1.15,132.4,0,152.83,4,152.83,0.0
3491,CLASS N: MISCELLANEOUS METALWORK,02 PROPRIETARY WORK,"Aluminium profiled sheeting; 1.00 mm metal thickness, 75 mm deep corrugations; Cladding (continued)",upper surfaces inclined at an angle ne 30 deg to the horizontal,m2,21.85,0.64,90.39,0,112.88,3,112.89,-0.01
3493,CLASS N: MISCELLANEOUS METALWORK,02 PROPRIETARY WORK,Extra for,"aluminium inner lining sheet, 0.70 mm thick, Plastisol colour coating",m2,11.56,0.34,45.52,0,57.42,4,57.43,-0.01
3494,CLASS N: MISCELLANEOUS METALWORK,02 PROPRIETARY WORK,Extra for,"aluminium inner lining sheet, 0.70 mm thick, Plastisol colour coating; insulation, 80 mm thick",m2,14.13,0.42,132.4,0,146.95,4,146.95,0.0
3496,CLASS N: MISCELLANEOUS METALWORK,02 PROPRIETARY WORK,Aluminium flashings; 0.90 mm metal thickness; bent to profile; fixing with plastic capped self-tapping screws to steel purlins or rails; mastic sealant; Flashings to cladding,250 mm girth,m,15.42,0.91,40.13,0,56.46,4,56.47,-0.01
3497,CLASS N: MISCELLANEOUS METALWORK,02 PROPRIETARY WORK,Aluminium flashings; 0.90 mm metal thickness; bent to profile; fixing with plastic capped self-tapping screws to steel purlins or rails; mastic sealant; Flashings to cladding,500 mm girth,m,23.14,1.37,58.21,0,82.72,4,82.72,0.0
3498,CLASS N: MISCELLANEOUS METALWORK,02 PROPRIETARY WORK,Aluminium flashings; 0.90 mm metal thickness; bent to profile; fixing with plastic capped self-tapping screws to steel purlins or rails; mastic sealant; Flashings to cladding,750 mm girth,m,28.27,1.67,65.16,0,95.1,4,95.1,0.0
3500,CLASS N: MISCELLANEOUS METALWORK,02 PROPRIETARY WORK,Flooring; Eurogrid; galvanized mild steel; Open grid flooring,type 41/100; 3 x 25 mm bearer bar; 6 mm dia. transverse bar,m2,20.03,0,82.9,0,102.93,3,102.93,0.0
3501,CLASS N: MISCELLANEOUS METALWORK,02 PROPRIETARY WORK,Flooring; Eurogrid; galvanized mild steel; Open grid flooring,type 41/100; 5 x 25 mm bearer bar; 6 mm dia. transverse bar,m2,24.59,0,101.76,0,126.35,3,126.34,0.01
3502,CLASS N: MISCELLANEOUS METALWORK,02 PROPRIETARY WORK,Flooring; Eurogrid; galvanized mild steel; Open grid flooring,type 41/100; 3 x 30 mm bearer bar; 6 mm dia. transverse bar,m2,22.88,0,94.7,0,117.58,3,117.57,0.01
3504,CLASS N: MISCELLANEOUS METALWORK,02 PROPRIETARY WORK,Duct covers; Stelduct; galvanized mild steel; Duct covers; pedestrian duty,225 mm clear opening,m,39.94,0,165.33,0,205.27,3,205.27,0.0
3505,CLASS N: MISCELLANEOUS METALWORK,02 PROPRIETARY WORK,Duct covers; Stelduct; galvanized mild steel; Duct covers; pedestrian duty,450 mm clear opening,m,40.03,0,165.75,0,205.78,3,205.79,-0.01
3506,CLASS N: MISCELLANEOUS METALWORK,02 PROPRIETARY WORK,Duct covers; Stelduct; galvanized mild steel; Duct covers; pedestrian duty,750 mm clear opening,m,47.83,0,197.98,0,245.81,3,245.81,0.0
3508,CLASS N: MISCELLANEOUS METALWORK,02 PROPRIETARY WORK,Duct covers; medium duty,225 mm clear opening,m,199.7,0,826.66,0,1026.36,3,1026.36,0.0
3509,CLASS N: MISCELLANEOUS METALWORK,02 PROPRIETARY WORK,Duct covers; medium duty,450 mm clear opening,m,200.2,0,828.74,0,1028.94,3,1028.95,-0.01
3510,CLASS N: MISCELLANEOUS METALWORK,02 PROPRIETARY WORK,Duct covers; medium duty,750 mm clear opening,m,191.31,0,791.93,0,983.24,3,983.24,0.0
3512,CLASS N: MISCELLANEOUS METALWORK,02 PROPRIETARY WORK,Duct covers; heavy duty,225 mm clear opening,m,79.88,0,330.66,0,410.54,3,410.54,0.0
3513,CLASS N: MISCELLANEOUS METALWORK,02 PROPRIETARY WORK,Duct covers; heavy duty,450 mm clear opening,m,100.11,0,414.38,0,514.49,3,514.48,0.01
3514,CLASS N: MISCELLANEOUS METALWORK,02 PROPRIETARY WORK,Duct covers; heavy duty,750 mm clear opening,m,119.57,0,494.95,0,614.52,3,614.52,0.0
3516,CLASS N: MISCELLANEOUS METALWORK,02 PROPRIETARY WORK,Bridge bearings; Supply plain rubber bearings (3 m and 5 m lengths),150 x 20 mm,m,40.16,0,79.2,0,119.36,3,119.36,0.0
3517,CLASS N: MISCELLANEOUS METALWORK,02 PROPRIETARY WORK,Bridge bearings; Supply plain rubber bearings (3 m and 5 m lengths),150 x 25 mm,m,40.16,0,95.07,0,135.23,3,135.23,0.0
3519,CLASS N: MISCELLANEOUS METALWORK,02 PROPRIETARY WORK,Supply and place in position laminated elastomeric rubber bearing,250 x 150 x 19 mm,nr,28.68,0,58.86,0,87.54,3,87.53,0.01
3520,CLASS N: MISCELLANEOUS METALWORK,02 PROPRIETARY WORK,Supply and place in position laminated elastomeric rubber bearing,300 x 200 x 19 mm,nr,28.68,0,64.5,0,93.18,3,93.18,0.0
3521,CLASS N: MISCELLANEOUS METALWORK,02 PROPRIETARY WORK,Supply and place in position laminated elastomeric rubber bearing,300 x 200 x 30 mm,nr,30.98,0,81.47,0,112.45,3,112.45,0.0
3522,CLASS N: MISCELLANEOUS METALWORK,02 PROPRIETARY WORK,Supply and place in position laminated elastomeric rubber bearing,300 x 200 x 41 mm,nr,30.98,0,122.21,0,153.19,3,153.2,-0.01
3523,CLASS N: MISCELLANEOUS METALWORK,02 PROPRIETARY WORK,Supply and place in position laminated elastomeric rubber bearing,300 x 250 x 41 mm,nr,34.42,0,153.87,0,188.29,3,188.29,0.0
3524,CLASS N: MISCELLANEOUS METALWORK,02 PROPRIETARY WORK,Supply and place in position laminated elastomeric rubber bearing,300 x 250 x 63 mm,nr,34.42,0,215.01,0,249.43,3,249.42,0.01
3525,CLASS N: MISCELLANEOUS METALWORK,02 PROPRIETARY WORK,Supply and place in position laminated elastomeric rubber bearing,400 x 250 x 19 mm,nr,36.71,0,113.16,0,149.87,3,149.87,0.0
3526,CLASS N: MISCELLANEOUS METALWORK,02 PROPRIETARY WORK,Supply and place in position laminated elastomeric rubber bearing,400 x 250 x 52 mm,nr,36.71,0,249.54,0,286.25,3,286.25,0.0
3527,CLASS N: MISCELLANEOUS METALWORK,02 PROPRIETARY WORK,Supply and place in position laminated elastomeric rubber bearing,400 x 300 x 19 mm,nr,36.71,0,131.25,0,167.96,3,167.96,0.0
3528,CLASS N: MISCELLANEOUS METALWORK,02 PROPRIETARY WORK,Supply and place in position laminated elastomeric rubber bearing,600 x 450 x 24 mm,nr,40.16,0,271.56,0,311.72,3,311.72,0.0
3530,CLASS N: MISCELLANEOUS METALWORK,02 PROPRIETARY WORK,Adhesive fixings to laminated elastomeric rubber bearings,2 mm thick epoxy adhesive,m2,114.73,0,44.85,0,159.58,3,159.57,0.01
3531,CLASS N: MISCELLANEOUS METALWORK,02 PROPRIETARY WORK,Adhesive fixings to laminated elastomeric rubber bearings,15 mm thick epoxy mortar,m2,172.09,0,390.12,0,562.21,3,562.22,-0.01
3532,CLASS N: MISCELLANEOUS METALWORK,02 PROPRIETARY WORK,Adhesive fixings to laminated elastomeric rubber bearings,15 mm thick epoxy pourable grout,m2,229.44,0,31.29,0,260.73,3,260.74,-0.01
3534,CLASS N: MISCELLANEOUS METALWORK,02 PROPRIETARY WORK,Supply and install mechanical guides for laminated elastomeric rubber bearings,500kN SLS design load; FP50 fixed pin Type 1,nr,229.44,0,1683.42,0,1912.86,3,1912.87,-0.01
3535,CLASS N: MISCELLANEOUS METALWORK,02 PROPRIETARY WORK,Supply and install mechanical guides for laminated elastomeric rubber bearings,500kN SLS design load; FP50 fixed pin Type 2,nr,229.44,0,1761.46,0,1990.9,3,1990.9,0.0
3536,CLASS N: MISCELLANEOUS METALWORK,02 PROPRIETARY WORK,Supply and install mechanical guides for laminated elastomeric rubber bearings,750kN SLS design load; FP75 fixed pin Type 1,nr,240.93,0,1998.05,0,2238.98,3,2238.98,0.0
3537,CLASS N: MISCELLANEOUS METALWORK,02 PROPRIETARY WORK,Supply and install mechanical guides for laminated elastomeric rubber bearings,750kN SLS design load; FP75 fixed pin Type 2,nr,240.93,0,2251.05,0,2491.98,3,2491.98,0.0
3538,CLASS N: MISCELLANEOUS METALWORK,02 PROPRIETARY WORK,Supply and install mechanical guides for laminated elastomeric rubber bearings,300kN SLS design load; UG300 Uniguide Type 1,nr,229.44,0,2048.24,0,2277.68,3,2277.68,0.0
3539,CLASS N: MISCELLANEOUS METALWORK,02 PROPRIETARY WORK,Supply and install mechanical guides for laminated elastomeric rubber bearings,300kN SLS design load; UG300 Uniguide Type 2,nr,229.44,0,2352.42,0,2581.86,3,2581.87,-0.01
3541,CLASS N: MISCELLANEOUS METALWORK,02 PROPRIETARY WORK,Supply and install fixed pot bearings,355 x 355 mm; PF200,nr,229.44,0,2128.31,0,2357.75,3,2357.75,0.0
3542,CLASS N: MISCELLANEOUS METALWORK,02 PROPRIETARY WORK,Supply and install fixed pot bearings,425 x 425 mm; PF300,nr,240.93,0,2350.18,0,2591.11,3,2591.11,0.0
3544,CLASS N: MISCELLANEOUS METALWORK,02 PROPRIETARY WORK,Supply and install free sliding pot bearings,445 x 345 mm; PS200,nr,240.93,0,2649.15,0,2890.08,3,2890.08,0.0
3545,CLASS N: MISCELLANEOUS METALWORK,02 PROPRIETARY WORK,Supply and install free sliding pot bearings,520 x 415 mm; PS300,nr,252.4,0,3377.93,0,3630.33,3,3630.33,0.0
3547,CLASS N: MISCELLANEOUS METALWORK,02 PROPRIETARY WORK,Supply and install guided sliding pot bearings,455 x 375 mm; PG200,nr,252.4,0,3269.74,0,3522.14,3,3522.13,0.01
3548,CLASS N: MISCELLANEOUS METALWORK,02 PROPRIETARY WORK,Supply and install guided sliding pot bearings,545 x 435 mm; PG300,nr,263.87,0,3893.69,0,4157.56,3,4157.56,0.0
3550,CLASS N: MISCELLANEOUS METALWORK,02 PROPRIETARY WORK,Testing; laminated elastomeric bearings,compression test,nr,0,0,116.65,0,116.65,1,116.65,0.0
3551,CLASS N: MISCELLANEOUS METALWORK,02 PROPRIETARY WORK,Testing; laminated elastomeric bearings,shear test,nr,0,0,152.16,0,152.16,1,152.16,0.0
3552,CLASS N: MISCELLANEOUS METALWORK,02 PROPRIETARY WORK,Testing; laminated elastomeric bearings,bond test (Exclusive of cost of bearings as this is a destructive test),nr,0,0,578.29,0,578.29,1,578.29,0.0
3578,CLASS O: TIMBER,01 HARDWOOD COMPONENTS,Greenheart; 100 x 75 mm,length not exceeding 1.5 m,m,24.08,19.03,13.17,0,56.28,11,56.27,0.01
3579,CLASS O: TIMBER,01 HARDWOOD COMPONENTS,Greenheart; 100 x 75 mm,length 1.5-3 m,m,20.87,16.53,13.17,0,50.57,11,50.56,0.01
3580,CLASS O: TIMBER,01 HARDWOOD COMPONENTS,Greenheart; 100 x 75 mm,length 3-5 m,m,19.26,15.18,13.17,0,47.61,11,47.61,0.0
3581,CLASS O: TIMBER,01 HARDWOOD COMPONENTS,Greenheart; 100 x 75 mm,length 5-8 m,m,17.66,14.01,13.83,0,45.5,11,45.5,0.0
3583,CLASS O: TIMBER,01 HARDWOOD COMPONENTS,Greenheart; 150 x 75 mm,length not exceeding 1.5 m,m,27.28,21.89,16.35,0,65.52,11,65.54,-0.02
3584,CLASS O: TIMBER,01 HARDWOOD COMPONENTS,Greenheart; 150 x 75 mm,length 1.5-3 m,m,24.08,19.03,15.95,0,59.06,11,59.06,0.0
3585,CLASS O: TIMBER,01 HARDWOOD COMPONENTS,Greenheart; 150 x 75 mm,length 3-5 m,m,22.48,17.7,15.95,0,56.13,11,56.14,-0.01
3586,CLASS O: TIMBER,01 HARDWOOD COMPONENTS,Greenheart; 150 x 75 mm,length 5-8 m,m,19.26,19.67,16.76,0,55.69,11,55.69,0.0
3588,CLASS O: TIMBER,01 HARDWOOD COMPONENTS,Greenheart; 200 x 100 mm,length not exceeding 1.5 m,m,38.52,30.36,33.48,0,102.36,11,102.35,0.01
3589,CLASS O: TIMBER,01 HARDWOOD COMPONENTS,Greenheart; 200 x 100 mm,length 1.5-3 m,m,33.72,26.94,33.48,0,94.14,11,94.14,0.0
3590,CLASS O: TIMBER,01 HARDWOOD COMPONENTS,Greenheart; 200 x 100 mm,length 3-5 m,m,31.31,24.71,33.48,0,89.5,11,89.5,0.0
3591,CLASS O: TIMBER,01 HARDWOOD COMPONENTS,Greenheart; 200 x 100 mm,length 5-8 m,m,28.89,22.74,33.48,0,85.11,11,85.13,-0.02
3592,CLASS O: TIMBER,01 HARDWOOD COMPONENTS,Greenheart; 200 x 100 mm,length 8-12 m,m,25.67,20.23,40.86,0,86.76,11,86.77,-0.01
3594,CLASS O: TIMBER,01 HARDWOOD COMPONENTS,Greenheart; 200 x 200 mm,length not exceeding 1.5 m,m,67.42,53.12,54.69,0,175.23,11,175.23,0.0
3595,CLASS O: TIMBER,01 HARDWOOD COMPONENTS,Greenheart; 200 x 200 mm,length 1.5-3 m,m,64.22,50.6,57.97,0,172.79,11,172.78,0.01
3596,CLASS O: TIMBER,01 HARDWOOD COMPONENTS,Greenheart; 200 x 200 mm,length 3-5 m,m,61.01,48.07,57.97,0,167.05,11,167.04,0.01
3597,CLASS O: TIMBER,01 HARDWOOD COMPONENTS,Greenheart; 200 x 200 mm,length 5-8 m,m,54.58,42.99,57.97,0,155.54,11,155.53,0.01
3598,CLASS O: TIMBER,01 HARDWOOD COMPONENTS,Greenheart; 200 x 200 mm,length 8-12 m,m,48.16,38.67,62.49,0,149.32,11,149.34,-0.02
3600,CLASS O: TIMBER,01 HARDWOOD COMPONENTS,Greenheart; 225 x 100 mm,length not exceeding 1.5 m,m,43.35,34.54,33.48,0,111.37,11,111.36,0.01
3601,CLASS O: TIMBER,01 HARDWOOD COMPONENTS,Greenheart; 225 x 100 mm,length 1.5-3 m,m,38.52,30.36,33.48,0,102.36,11,102.35,0.01
3602,CLASS O: TIMBER,01 HARDWOOD COMPONENTS,Greenheart; 225 x 100 mm,length 3-5 m,m,35.31,28.56,33.48,0,97.35,11,97.36,-0.01
3603,CLASS O: TIMBER,01 HARDWOOD COMPONENTS,Greenheart; 225 x 100 mm,length 5-8 m,m,32.12,32.77,33.48,0,98.37,11,98.37,0.0
3604,CLASS O: TIMBER,01 HARDWOOD COMPONENTS,Greenheart; 225 x 100 mm,length 8-12 m,m,28.89,23.51,40.86,0,93.26,11,93.26,0.0
3606,CLASS O: TIMBER,01 HARDWOOD COMPONENTS,Greenheart; 300 x 100 mm,length not exceeding 1.5 m,m,57.8,45.54,42.02,0,145.36,11,145.35,0.01
3607,CLASS O: TIMBER,01 HARDWOOD COMPONENTS,Greenheart; 300 x 100 mm,length 1.5-3 m,m,52.99,42.12,42.03,0,137.14,11,137.13,0.01
3608,CLASS O: TIMBER,01 HARDWOOD COMPONENTS,Greenheart; 300 x 100 mm,length 3-5 m,m,48.16,38.67,42.03,0,128.86,11,128.87,-0.01
3609,CLASS O: TIMBER,01 HARDWOOD COMPONENTS,Greenheart; 300 x 100 mm,length 5-8 m,m,43.35,34.54,38.87,0,116.76,11,116.75,0.01
3610,CLASS O: TIMBER,01 HARDWOOD COMPONENTS,Greenheart; 300 x 100 mm,length 8-12 m,m,38.52,30.36,59.39,0,128.27,11,128.27,0.0
3612,CLASS O: TIMBER,01 HARDWOOD COMPONENTS,Greenheart; 300 x 200 mm,length not exceeding 1.5 m,m,80.27,63.24,87.61,0,231.12,11,231.13,-0.01
3613,CLASS O: TIMBER,01 HARDWOOD COMPONENTS,Greenheart; 300 x 200 mm,length 1.5-3 m,m,72.24,57.29,87.61,0,217.14,11,217.14,0.0
3614,CLASS O: TIMBER,01 HARDWOOD COMPONENTS,Greenheart; 300 x 200 mm,length 3-5 m,m,64.22,50.6,87.61,0,202.43,11,202.42,0.01
3615,CLASS O: TIMBER,01 HARDWOOD COMPONENTS,Greenheart; 300 x 200 mm,length 5-8 m,m,56.19,44.63,92.97,0,193.79,11,193.78,0.01
3616,CLASS O: TIMBER,01 HARDWOOD COMPONENTS,Greenheart; 300 x 200 mm,length 8-12 m,m,48.16,37.94,92.97,0,179.07,11,179.06,0.01
3618,CLASS O: TIMBER,01 HARDWOOD COMPONENTS,Greenheart; 300 x 300 mm,length not exceeding 1.5 m,m,83.49,65.76,131.38,0,280.63,11,280.64,-0.01
3619,CLASS O: TIMBER,01 HARDWOOD COMPONENTS,Greenheart; 300 x 300 mm,length 1.5-3 m,m,77.06,60.69,131.38,0,269.13,11,269.14,-0.01
3620,CLASS O: TIMBER,01 HARDWOOD COMPONENTS,Greenheart; 300 x 300 mm,length 3-5 m,m,70.65,55.65,131.38,0,257.68,11,257.67,0.01
3621,CLASS O: TIMBER,01 HARDWOOD COMPONENTS,Greenheart; 300 x 300 mm,length 5-8 m,m,64.22,50.6,139.73,0,254.55,11,254.54,0.01
3622,CLASS O: TIMBER,01 HARDWOOD COMPONENTS,Greenheart; 300 x 300 mm,length 8-12 m,m,57.8,45.54,139.73,0,243.07,11,243.06,0.01
3624,CLASS O: TIMBER,01 HARDWOOD COMPONENTS,Greenheart; 450 x 450 mm,length not exceeding 1.5 m,m,157.33,124.68,289.41,0,571.42,11,571.43,-0.01
3625,CLASS O: TIMBER,01 HARDWOOD COMPONENTS,Greenheart; 450 x 450 mm,length 1.5-3 m,m,144.48,114.57,289.41,0,548.46,11,548.46,0.0
3626,CLASS O: TIMBER,01 HARDWOOD COMPONENTS,Greenheart; 450 x 450 mm,length 3-5 m,m,133.26,105.36,312.86,0,551.48,11,551.46,0.02
3627,CLASS O: TIMBER,01 HARDWOOD COMPONENTS,Greenheart; 450 x 450 mm,length 5-8 m,m,120.4,95.24,296.65,0,512.29,11,512.29,0.0
3628,CLASS O: TIMBER,01 HARDWOOD COMPONENTS,Greenheart; 450 x 450 mm,length 8-12 m,m,109.16,86.01,311.14,0,506.31,11,506.31,0.0
3631,CLASS O: TIMBER,02 SOFTWOOD COMPONENTS,Softwood; stress graded SC3/4; 100 x 75 mm,up to 3.00 m long,m,16.05,11.5,7.33,0,34.88,11,34.88,0.0
3632,CLASS O: TIMBER,02 SOFTWOOD COMPONENTS,Softwood; stress graded SC3/4; 100 x 75 mm,3.00-5.00 m long,m,16.05,11.5,10.48,0,38.03,11,38.02,0.01
3634,CLASS O: TIMBER,02 SOFTWOOD COMPONENTS,Softwood; 150 x 75 mm,up to 3.00 m long,m,20.87,14.91,14.51,0,50.29,11,50.3,-0.01
3635,CLASS O: TIMBER,02 SOFTWOOD COMPONENTS,Softwood; 150 x 75 mm,3.00-5.00 m long,m,17.66,12.64,18.52,0,48.82,11,48.83,-0.01
3637,CLASS O: TIMBER,02 SOFTWOOD COMPONENTS,Softwood; 200 x 100 mm,up to 3.00 m long,m,25.67,18.38,27.01,0,71.06,11,71.06,0.0
3638,CLASS O: TIMBER,02 SOFTWOOD COMPONENTS,Softwood; 200 x 100 mm,3.00-5.00 m long,m,22.48,16.09,40.67,0,79.24,11,79.24,0.0
3640,CLASS O: TIMBER,02 SOFTWOOD COMPONENTS,Softwood; 200 x 200 mm,up to 3.00 m long,m,40.13,28.7,81.13,0,149.96,11,149.96,0.0
3641,CLASS O: TIMBER,02 SOFTWOOD COMPONENTS,Softwood; 200 x 200 mm,3.00-5.00 m long,m,36.93,26.43,102.25,0,165.61,11,165.6,0.01
3642,CLASS O: TIMBER,02 SOFTWOOD COMPONENTS,Softwood; 200 x 200 mm,5.00-8.00 m long,m,32.12,22.96,89.55,0,144.63,11,144.63,0.0
3644,CLASS O: TIMBER,02 SOFTWOOD COMPONENTS,Softwood; 300 x 200 mm,up to 3.00 m long,m,43.35,31.01,136.75,0,211.11,11,211.11,0.0
3645,CLASS O: TIMBER,02 SOFTWOOD COMPONENTS,Softwood; 300 x 200 mm,3.00-5.00 m long,m,40.13,28.7,173.07,0,241.9,11,241.9,0.0
3646,CLASS O: TIMBER,02 SOFTWOOD COMPONENTS,Softwood; 300 x 200 mm,5.00-8.00 m long,m,36.93,26.43,138.45,0,201.81,11,201.79,0.02
3648,CLASS O: TIMBER,02 SOFTWOOD COMPONENTS,Softwood; 300 x 300 mm,up to 3.00 m long,m,48.16,34.42,221.37,0,303.95,11,303.96,-0.01
3650,CLASS O: TIMBER,02 SOFTWOOD COMPONENTS,Softwood; 300 x 300 mm (continued),3.00-5.00 m long,m,43.35,31.01,285.92,0,360.28,11,360.28,0.0
3651,CLASS O: TIMBER,02 SOFTWOOD COMPONENTS,Softwood; 300 x 300 mm (continued),5.00-8.00 m long,m,40.13,28.7,222.83,0,291.66,11,291.65,0.01
3653,CLASS O: TIMBER,02 SOFTWOOD COMPONENTS,Softwood; 450 x 450 mm,up to 3.00 m long,m,56.19,40.19,632.95,0,729.33,11,729.33,0.0
3654,CLASS O: TIMBER,02 SOFTWOOD COMPONENTS,Softwood; 450 x 450 mm,3.00-5.00 m long,m,49.75,35.61,755.07,0,840.43,11,840.44,-0.01
3655,CLASS O: TIMBER,02 SOFTWOOD COMPONENTS,Softwood; 450 x 450 mm,5.00-8.00 m long,m,44.94,32.17,625.27,0,702.38,11,702.37,0.01
3657,CLASS O: TIMBER,02 SOFTWOOD COMPONENTS,Softwood; 600 x 600 mm,3.00-5.00 m long,m,62.61,38.44,1133.04,0,1234.09,11,1234.09,0.0
3658,CLASS O: TIMBER,02 SOFTWOOD COMPONENTS,Softwood; 600 x 600 mm,5.00-8.00 m long,m,59.41,42.48,1141.51,0,1243.4,11,1243.39,0.01
3659,CLASS O: TIMBER,02 SOFTWOOD COMPONENTS,Softwood; 600 x 600 mm,ADD to the above prices for vacuum/pressure impregnating to minimum 5.30 kg/m3 salt retention,m3,0,0,73.66,0,73.66,1,73.66,0.0
3662,CLASS O: TIMBER,03 HARDWOOD DECKING,Greenheart; wrought finish; Thickness 25-50 mm,150 x 50 mm,m2,93.12,66.58,192.89,0,352.59,11,352.6,-0.01
3664,CLASS O: TIMBER,03 HARDWOOD DECKING,Thickness 50-75 mm,200 x 75 mm,m2,120.4,86.12,219.31,0,425.83,11,425.84,-0.01
3666,CLASS O: TIMBER,03 HARDWOOD DECKING,Thickness 75-100 mm,250 x 100 mm,m2,152.51,106.21,271.55,0,530.27,11,530.27,0.0
3669,CLASS O: TIMBER,04 SOFTWOOD DECKING,Douglas Fir; Thickness 25-50 mm,150 x 50 mm,m2,62.61,44.8,74.61,0,182.02,11,182.02,0.0
3671,CLASS O: TIMBER,04 SOFTWOOD DECKING,Thickness 50-75 mm,200 x 75 mm,m2,80.27,57.43,78.51,0,216.21,11,216.22,-0.01
3673,CLASS O: TIMBER,04 SOFTWOOD DECKING,Thickness 75-100 mm,250 x 100 mm,m2,104.35,97.0,86.78,0,288.13,11,288.14,-0.01
3676,CLASS O: TIMBER,05 FITTINGS AND FASTENINGS,Metalwork; Spikes; mild steel material rosehead,14 x 14 x 275 mm long,nr,11.68,0,2.2,0,13.88,5,13.89,-0.01
3678,CLASS O: TIMBER,05 FITTINGS AND FASTENINGS,"Metric mild steel bolts, nuts and washers",M6 x 25 mm long,nr,4.5,0,0.36,0,4.86,5,4.86,0.0
3679,CLASS O: TIMBER,05 FITTINGS AND FASTENINGS,"Metric mild steel bolts, nuts and washers",M6 x 50 mm long,nr,4.5,0,0.39,0,4.89,5,4.89,0.0
3680,CLASS O: TIMBER,05 FITTINGS AND FASTENINGS,"Metric mild steel bolts, nuts and washers",M6 x 75 mm long,nr,4.5,0,0.46,0,4.96,5,4.96,0.0
3681,CLASS O: TIMBER,05 FITTINGS AND FASTENINGS,"Metric mild steel bolts, nuts and washers",M6 x 100 mm long,nr,5.4,0,0.49,0,5.89,5,5.89,0.0
3682,CLASS O: TIMBER,05 FITTINGS AND FASTENINGS,"Metric mild steel bolts, nuts and washers",M6 x 120 mm long,nr,5.4,0,0.72,0,6.12,5,6.12,0.0
3683,CLASS O: TIMBER,05 FITTINGS AND FASTENINGS,"Metric mild steel bolts, nuts and washers",M6 x 150 mm long,nr,5.4,0,0.85,0,6.25,5,6.25,0.0
3684,CLASS O: TIMBER,05 FITTINGS AND FASTENINGS,"Metric mild steel bolts, nuts and washers",M8 x 25 mm long,nr,4.5,0,0.36,0,4.86,5,4.86,0.0
3685,CLASS O: TIMBER,05 FITTINGS AND FASTENINGS,"Metric mild steel bolts, nuts and washers",M8 x 50 mm long,nr,4.5,0,0.42,0,4.92,5,4.92,0.0
3686,CLASS O: TIMBER,05 FITTINGS AND FASTENINGS,"Metric mild steel bolts, nuts and washers",M8 x 75 mm long,nr,5.4,0,0.51,0,5.91,5,5.91,0.0
3687,CLASS O: TIMBER,05 FITTINGS AND FASTENINGS,"Metric mild steel bolts, nuts and washers",M8 x 100 mm long,nr,5.4,0,0.58,0,5.98,5,5.98,0.0
3688,CLASS O: TIMBER,05 FITTINGS AND FASTENINGS,"Metric mild steel bolts, nuts and washers",M8 x 120 mm long,nr,6.28,0,0.91,0,7.19,5,7.2,-0.01
3689,CLASS O: TIMBER,05 FITTINGS AND FASTENINGS,"Metric mild steel bolts, nuts and washers",M8 x 150 mm long,nr,6.28,0,1.09,0,7.37,5,7.38,-0.01
3690,CLASS O: TIMBER,05 FITTINGS AND FASTENINGS,"Metric mild steel bolts, nuts and washers",M10 x 25 mm long,nr,4.5,0,0.74,0,5.24,5,5.24,0.0
3691,CLASS O: TIMBER,05 FITTINGS AND FASTENINGS,"Metric mild steel bolts, nuts and washers",M10 x 50 mm long,nr,5.4,0,0.81,0,6.21,5,6.2,0.01
3692,CLASS O: TIMBER,05 FITTINGS AND FASTENINGS,"Metric mild steel bolts, nuts and washers",M10 x 75 mm long,nr,5.4,0,0.9,0,6.3,5,6.3,0.0
3693,CLASS O: TIMBER,05 FITTINGS AND FASTENINGS,"Metric mild steel bolts, nuts and washers",M10 x 100 mm long,nr,6.28,0,1.04,0,7.32,5,7.33,-0.01
3694,CLASS O: TIMBER,05 FITTINGS AND FASTENINGS,"Metric mild steel bolts, nuts and washers",M10 x 120 mm long,nr,6.28,0,1.08,0,7.36,5,7.37,-0.01
3695,CLASS O: TIMBER,05 FITTINGS AND FASTENINGS,"Metric mild steel bolts, nuts and washers",M10 x 150 mm long,nr,6.28,0,1.74,0,8.02,5,8.03,-0.01
3696,CLASS O: TIMBER,05 FITTINGS AND FASTENINGS,"Metric mild steel bolts, nuts and washers",M10 x 200 mm long,nr,7.18,0,2.88,0,10.06,5,10.06,0.0
3697,CLASS O: TIMBER,05 FITTINGS AND FASTENINGS,"Metric mild steel bolts, nuts and washers",M12 x 25 mm long,nr,5.4,0,0.85,0,6.25,5,6.25,0.0
3698,CLASS O: TIMBER,05 FITTINGS AND FASTENINGS,"Metric mild steel bolts, nuts and washers",M12 x 50 mm long,nr,5.4,0,0.94,0,6.34,5,6.33,0.01
3699,CLASS O: TIMBER,05 FITTINGS AND FASTENINGS,"Metric mild steel bolts, nuts and washers",M12 x 75 mm long,nr,6.28,0,1.03,0,7.31,5,7.32,-0.01
3700,CLASS O: TIMBER,05 FITTINGS AND FASTENINGS,"Metric mild steel bolts, nuts and washers",M12 x 100 mm long,nr,6.28,0,1.2,0,7.48,5,7.5,-0.02
3701,CLASS O: TIMBER,05 FITTINGS AND FASTENINGS,"Metric mild steel bolts, nuts and washers",M12 x 120 mm long,nr,7.18,0,1.32,0,8.5,5,8.51,-0.01
3702,CLASS O: TIMBER,05 FITTINGS AND FASTENINGS,"Metric mild steel bolts, nuts and washers",M12 x 150 mm long,nr,7.18,0,1.73,0,8.91,5,8.92,-0.01
3703,CLASS O: TIMBER,05 FITTINGS AND FASTENINGS,"Metric mild steel bolts, nuts and washers",M12 x 200 mm long,nr,7.18,0,2.42,0,9.6,5,9.61,-0.01
3704,CLASS O: TIMBER,05 FITTINGS AND FASTENINGS,"Metric mild steel bolts, nuts and washers",M12 x 240 mm long,nr,8.1,0,3.66,0,11.76,5,11.75,0.01
3705,CLASS O: TIMBER,05 FITTINGS AND FASTENINGS,"Metric mild steel bolts, nuts and washers",M12 x 300 mm long,nr,8.98,0,3.73,0,12.71,5,12.72,-0.01
3706,CLASS O: TIMBER,05 FITTINGS AND FASTENINGS,"Metric mild steel bolts, nuts and washers",M16 x 50 mm long,nr,6.28,0,1.57,0,7.85,5,7.86,-0.01
3707,CLASS O: TIMBER,05 FITTINGS AND FASTENINGS,"Metric mild steel bolts, nuts and washers",M16 x 75 mm long,nr,6.28,0,1.74,0,8.02,5,8.03,-0.01
3708,CLASS O: TIMBER,05 FITTINGS AND FASTENINGS,"Metric mild steel bolts, nuts and washers",M16 x 100 mm long,nr,7.18,0,1.96,0,9.14,5,9.15,-0.01
3709,CLASS O: TIMBER,05 FITTINGS AND FASTENINGS,"Metric mild steel bolts, nuts and washers",M16 x 120 mm long,nr,7.18,0,2.29,0,9.47,5,9.48,-0.01
3710,CLASS O: TIMBER,05 FITTINGS AND FASTENINGS,"Metric mild steel bolts, nuts and washers",M16 x 150 mm long,nr,8.1,0,2.56,0,10.66,5,10.66,0.0
3711,CLASS O: TIMBER,05 FITTINGS AND FASTENINGS,"Metric mild steel bolts, nuts and washers",M16 x 200 mm long,nr,8.1,0,3.56,0,11.66,5,11.65,0.01
3712,CLASS O: TIMBER,05 FITTINGS AND FASTENINGS,"Metric mild steel bolts, nuts and washers",M16 x 240 mm long,nr,8.98,0,5.12,0,14.1,5,14.11,-0.01
3713,CLASS O: TIMBER,05 FITTINGS AND FASTENINGS,"Metric mild steel bolts, nuts and washers",M16 x 300 mm long,nr,8.98,0,5.57,0,14.55,5,14.56,-0.01
3714,CLASS O: TIMBER,05 FITTINGS AND FASTENINGS,"Metric mild steel bolts, nuts and washers",M20 x 50 mm long,nr,6.28,0,1.82,0,8.1,5,8.11,-0.01
3715,CLASS O: TIMBER,05 FITTINGS AND FASTENINGS,"Metric mild steel bolts, nuts and washers",M20 x 75 mm long,nr,7.18,0,2.92,0,10.1,5,10.11,-0.01
3716,CLASS O: TIMBER,05 FITTINGS AND FASTENINGS,"Metric mild steel bolts, nuts and washers",M20 x 100 mm long,nr,7.18,0,3.29,0,10.47,5,10.47,0.0
3717,CLASS O: TIMBER,05 FITTINGS AND FASTENINGS,"Metric mild steel bolts, nuts and washers",M20 x 120 mm long,nr,8.1,0,4.01,0,12.11,5,12.11,0.0
3718,CLASS O: TIMBER,05 FITTINGS AND FASTENINGS,"Metric mild steel bolts, nuts and washers",M20 x 150 mm long,nr,8.1,0,4.2,0,12.3,5,12.29,0.01
3719,CLASS O: TIMBER,05 FITTINGS AND FASTENINGS,"Metric mild steel bolts, nuts and washers",M20 x 200 mm long,nr,8.98,0,5.53,0,14.51,5,14.52,-0.01
3720,CLASS O: TIMBER,05 FITTINGS AND FASTENINGS,"Metric mild steel bolts, nuts and washers",M20 x 240 mm long,nr,8.98,0,7.33,0,16.31,5,16.32,-0.01
3721,CLASS O: TIMBER,05 FITTINGS AND FASTENINGS,"Metric mild steel bolts, nuts and washers",M20 x 300 mm long,nr,9.89,0,8.1,0,17.99,5,17.99,0.0
3722,CLASS O: TIMBER,05 FITTINGS AND FASTENINGS,"Metric mild steel bolts, nuts and washers",M24 x 50 mm long,nr,7.18,0,5.51,0,12.69,5,12.69,0.0
3723,CLASS O: TIMBER,05 FITTINGS AND FASTENINGS,"Metric mild steel bolts, nuts and washers",M24 x 75 mm long,nr,7.18,0,6.13,0,13.31,5,13.31,0.0
3724,CLASS O: TIMBER,05 FITTINGS AND FASTENINGS,"Metric mild steel bolts, nuts and washers",M24 x 100 mm long,nr,8.1,0,6.08,0,14.18,5,14.18,0.0
3725,CLASS O: TIMBER,05 FITTINGS AND FASTENINGS,"Metric mild steel bolts, nuts and washers",M24 x 120 mm long,nr,8.1,0,6.78,0,14.88,5,14.88,0.0
3726,CLASS O: TIMBER,05 FITTINGS AND FASTENINGS,"Metric mild steel bolts, nuts and washers",M24 x 150 mm long,nr,8.98,0,7.48,0,16.46,5,16.47,-0.01
3727,CLASS O: TIMBER,05 FITTINGS AND FASTENINGS,"Metric mild steel bolts, nuts and washers",M24 x 200 mm long,nr,9.89,0,8.78,0,18.67,5,18.67,0.0
3728,CLASS O: TIMBER,05 FITTINGS AND FASTENINGS,"Metric mild steel bolts, nuts and washers",M24 x 240 mm long,nr,9.89,0,11.18,0,21.07,5,21.06,0.01
3729,CLASS O: TIMBER,05 FITTINGS AND FASTENINGS,"Metric mild steel bolts, nuts and washers",M24 x 300 mm long,nr,10.79,0,12.38,0,23.17,5,23.18,-0.01
3730,CLASS O: TIMBER,05 FITTINGS AND FASTENINGS,"Metric mild steel bolts, nuts and washers",M30 x 100 mm long,nr,8.1,0,14.1,0,22.2,5,22.2,0.0
3731,CLASS O: TIMBER,05 FITTINGS AND FASTENINGS,"Metric mild steel bolts, nuts and washers",M30 x 120 mm long,nr,8.98,0,15.39,0,24.37,5,24.38,-0.01
3732,CLASS O: TIMBER,05 FITTINGS AND FASTENINGS,"Metric mild steel bolts, nuts and washers",M30 x 150 mm long,nr,9.89,0,16.08,0,25.97,5,25.96,0.01
3733,CLASS O: TIMBER,05 FITTINGS AND FASTENINGS,"Metric mild steel bolts, nuts and washers",M30 x 200 mm long,nr,9.89,0,17.82,0,27.71,5,27.7,0.01
3735,CLASS O: TIMBER,05 FITTINGS AND FASTENINGS,"Carriage bolts, nuts and washer",M6 x 25 mm long,nr,4.5,0,1.87,0,6.37,5,6.37,0.0
3737,CLASS O: TIMBER,05 FITTINGS AND FASTENINGS,"Carriage bolts, nuts and washer (continued)",M6 x 50 mm long,nr,4.5,0,1.01,0,5.51,5,5.51,0.0
3738,CLASS O: TIMBER,05 FITTINGS AND FASTENINGS,"Carriage bolts, nuts and washer (continued)",M6 x 75 mm long,nr,4.5,0,1.08,0,5.58,5,5.58,0.0
3739,CLASS O: TIMBER,05 FITTINGS AND FASTENINGS,"Carriage bolts, nuts and washer (continued)",M6 x 100 mm long,nr,5.4,0,1.32,0,6.72,5,6.72,0.0
3740,CLASS O: TIMBER,05 FITTINGS AND FASTENINGS,"Carriage bolts, nuts and washer (continued)",M6 x 150 mm long,nr,5.4,0,1.67,0,7.07,5,7.07,0.0
3741,CLASS O: TIMBER,05 FITTINGS AND FASTENINGS,"Carriage bolts, nuts and washer (continued)",M8 x 25 mm long,nr,4.5,0,1.18,0,5.68,5,5.68,0.0
3742,CLASS O: TIMBER,05 FITTINGS AND FASTENINGS,"Carriage bolts, nuts and washer (continued)",M8 x 50 mm long,nr,4.5,0,1.25,0,5.75,5,5.75,0.0
3743,CLASS O: TIMBER,05 FITTINGS AND FASTENINGS,"Carriage bolts, nuts and washer (continued)",M8 x 75 mm long,nr,5.4,0,1.3,0,6.7,5,6.69,0.01
3744,CLASS O: TIMBER,05 FITTINGS AND FASTENINGS,"Carriage bolts, nuts and washer (continued)",M8 x 100 mm long,nr,5.4,0,1.4,0,6.8,5,6.8,0.0
3745,CLASS O: TIMBER,05 FITTINGS AND FASTENINGS,"Carriage bolts, nuts and washer (continued)",M8 x 150 mm long,nr,6.28,0,1.44,0,7.72,5,7.73,-0.01
3746,CLASS O: TIMBER,05 FITTINGS AND FASTENINGS,"Carriage bolts, nuts and washer (continued)",M8 x 200 mm long,nr,6.28,0,2.26,0,8.54,5,8.55,-0.01
3747,CLASS O: TIMBER,05 FITTINGS AND FASTENINGS,"Carriage bolts, nuts and washer (continued)",M10 x 25 mm long,nr,4.5,0,1.47,0,5.97,5,5.98,-0.01
3748,CLASS O: TIMBER,05 FITTINGS AND FASTENINGS,"Carriage bolts, nuts and washer (continued)",M10 x 50 mm long,nr,5.4,0,1.4,0,6.8,5,6.8,0.0
3749,CLASS O: TIMBER,05 FITTINGS AND FASTENINGS,"Carriage bolts, nuts and washer (continued)",M10 x 75 mm long,nr,5.4,0,1.45,0,6.85,5,6.85,0.0
3750,CLASS O: TIMBER,05 FITTINGS AND FASTENINGS,"Carriage bolts, nuts and washer (continued)",M10 x 100 mm long,nr,6.28,0,1.5,0,7.78,5,7.79,-0.01
3751,CLASS O: TIMBER,05 FITTINGS AND FASTENINGS,"Carriage bolts, nuts and washer (continued)",M10 x 150 mm long,nr,6.28,0,1.84,0,8.12,5,8.13,-0.01
3752,CLASS O: TIMBER,05 FITTINGS AND FASTENINGS,"Carriage bolts, nuts and washer (continued)",M10 x 200 mm long,nr,7.18,0,2.49,0,9.67,5,9.68,-0.01
3753,CLASS O: TIMBER,05 FITTINGS AND FASTENINGS,"Carriage bolts, nuts and washer (continued)",M10 x 240 mm long,nr,7.18,0,4.91,0,12.09,5,12.1,-0.01
3754,CLASS O: TIMBER,05 FITTINGS AND FASTENINGS,"Carriage bolts, nuts and washer (continued)",M10 x 300 mm long,nr,8.1,0,5.32,0,13.42,5,13.42,0.0
3755,CLASS O: TIMBER,05 FITTINGS AND FASTENINGS,"Carriage bolts, nuts and washer (continued)",M12 x 25 mm long,nr,5.4,0,2.19,0,7.59,5,7.58,0.01
3756,CLASS O: TIMBER,05 FITTINGS AND FASTENINGS,"Carriage bolts, nuts and washer (continued)",M12 x 50 mm long,nr,5.4,0,2.74,0,8.14,5,8.13,0.01
3757,CLASS O: TIMBER,05 FITTINGS AND FASTENINGS,"Carriage bolts, nuts and washer (continued)",M12 x 75 mm long,nr,6.28,0,2.97,0,9.25,5,9.26,-0.01
3758,CLASS O: TIMBER,05 FITTINGS AND FASTENINGS,"Carriage bolts, nuts and washer (continued)",M12 x 100 mm long,nr,6.28,0,3.09,0,9.37,5,9.38,-0.01
3759,CLASS O: TIMBER,05 FITTINGS AND FASTENINGS,"Carriage bolts, nuts and washer (continued)",M12 x 150 mm long,nr,7.18,0,3.74,0,10.92,5,10.93,-0.01
3760,CLASS O: TIMBER,05 FITTINGS AND FASTENINGS,"Carriage bolts, nuts and washer (continued)",M12 x 200 mm long,nr,7.18,0,4.64,0,11.82,5,11.83,-0.01
3761,CLASS O: TIMBER,05 FITTINGS AND FASTENINGS,"Carriage bolts, nuts and washer (continued)",M12 x 240 mm long,nr,8.1,0,6.76,0,14.86,5,14.85,0.01
3762,CLASS O: TIMBER,05 FITTINGS AND FASTENINGS,"Carriage bolts, nuts and washer (continued)",M12 x 300 mm long,nr,8.98,0,7.18,0,16.16,5,16.17,-0.01
3764,CLASS O: TIMBER,05 FITTINGS AND FASTENINGS,Galvanized steel; Straps,30 x 2.5 x 600 mm girth,nr,11.68,0,3.61,0,15.29,5,15.3,-0.01
3765,CLASS O: TIMBER,05 FITTINGS AND FASTENINGS,Galvanized steel; Straps,30 x 2.5 x 800 mm girth,nr,11.68,0,4.76,0,16.44,5,16.45,-0.01
3766,CLASS O: TIMBER,05 FITTINGS AND FASTENINGS,Galvanized steel; Straps,30 x 2.5 x 1000 mm girth,nr,11.68,0,5.93,0,17.61,5,17.62,-0.01
3767,CLASS O: TIMBER,05 FITTINGS AND FASTENINGS,Galvanized steel; Straps,30 x 2.5 x 1200 mm girth,nr,13.49,0,7.13,0,20.62,5,20.62,0.0
3768,CLASS O: TIMBER,05 FITTINGS AND FASTENINGS,Galvanized steel; Straps,30 x 2.5 x 1400 mm girth,nr,11.68,0,8.33,0,20.01,5,20.01,0.0
3769,CLASS O: TIMBER,05 FITTINGS AND FASTENINGS,Galvanized steel; Straps,30 x 2.5 x 1600 mm girth,nr,13.49,0,9.52,0,23.01,5,23.01,0.0
3770,CLASS O: TIMBER,05 FITTINGS AND FASTENINGS,Galvanized steel; Straps,30 x 2.5 x 1800 mm girth,nr,13.49,0,10.7,0,24.19,5,24.19,0.0
3771,CLASS O: TIMBER,05 FITTINGS AND FASTENINGS,Galvanized steel; Straps,30 x 5 x 600 mm girth,nr,11.68,0,7.05,0,18.73,5,18.74,-0.01
3772,CLASS O: TIMBER,05 FITTINGS AND FASTENINGS,Galvanized steel; Straps,30 x 5 x 800 mm girth,nr,11.68,0,9.44,0,21.12,5,21.12,0.0
3773,CLASS O: TIMBER,05 FITTINGS AND FASTENINGS,Galvanized steel; Straps,30 x 5 x 1000 mm girth,nr,11.68,0,11.96,0,23.64,5,23.65,-0.01
3774,CLASS O: TIMBER,05 FITTINGS AND FASTENINGS,Galvanized steel; Straps,30 x 5 x 1200 mm girth,nr,13.49,0,14.24,0,27.73,5,27.73,0.0
3775,CLASS O: TIMBER,05 FITTINGS AND FASTENINGS,Galvanized steel; Straps,30 x 5 x 1400 mm girth,nr,11.68,0,16.69,0,28.37,5,28.37,0.0
3776,CLASS O: TIMBER,05 FITTINGS AND FASTENINGS,Galvanized steel; Straps,30 x 5 x 1600 mm girth,nr,13.49,0,18.94,0,32.43,5,32.44,-0.01
3777,CLASS O: TIMBER,05 FITTINGS AND FASTENINGS,Galvanized steel; Straps,30 x 5 x 1800 mm girth,nr,13.49,0,21.29,0,34.78,5,34.79,-0.01
3779,CLASS O: TIMBER,05 FITTINGS AND FASTENINGS,"Timber connectors; round toothed plate, single sided for 10 mm or 12 mm bolts",38 mm dia.,nr,0.44,0,3.24,0,3.68,5,3.69,-0.01
3780,CLASS O: TIMBER,05 FITTINGS AND FASTENINGS,"Timber connectors; round toothed plate, single sided for 10 mm or 12 mm bolts",50 mm dia.,nr,0.44,0,3.41,0,3.85,5,3.87,-0.02
3781,CLASS O: TIMBER,05 FITTINGS AND FASTENINGS,"Timber connectors; round toothed plate, single sided for 10 mm or 12 mm bolts",63 mm dia.,nr,0.73,0,3.71,0,4.44,5,4.43,0.01
3782,CLASS O: TIMBER,05 FITTINGS AND FASTENINGS,"Timber connectors; round toothed plate, single sided for 10 mm or 12 mm bolts",75 mm dia.,nr,0.73,0,4.07,0,4.8,5,4.79,0.01
3784,CLASS O: TIMBER,05 FITTINGS AND FASTENINGS,"Timber connectors; round toothed plate, double sided for 10 mm or 12 mm bolts",38 mm dia.,nr,0.44,0,3.29,0,3.73,5,3.74,-0.01
3785,CLASS O: TIMBER,05 FITTINGS AND FASTENINGS,"Timber connectors; round toothed plate, double sided for 10 mm or 12 mm bolts",50 mm dia.,nr,0.44,0,3.61,0,4.05,5,4.07,-0.02
3786,CLASS O: TIMBER,05 FITTINGS AND FASTENINGS,"Timber connectors; round toothed plate, double sided for 10 mm or 12 mm bolts",63 mm dia.,nr,0.73,0,3.71,0,4.44,5,4.43,0.01
3787,CLASS O: TIMBER,05 FITTINGS AND FASTENINGS,"Timber connectors; round toothed plate, double sided for 10 mm or 12 mm bolts",75 mm dia.,nr,0.73,0,4.07,0,4.8,5,4.79,0.01
3789,CLASS O: TIMBER,05 FITTINGS AND FASTENINGS,Split ring connectors,50 mm dia.,nr,0.54,0,4.91,0,5.45,5,5.44,0.01
3790,CLASS O: TIMBER,05 FITTINGS AND FASTENINGS,Split ring connectors,63 mm dia.,nr,0.54,0,5.06,0,5.6,5,5.6,0.0
3791,CLASS O: TIMBER,05 FITTINGS AND FASTENINGS,Split ring connectors,101 mm dia.,nr,0.54,0,13.26,0,13.8,5,13.79,0.01
3793,CLASS O: TIMBER,05 FITTINGS AND FASTENINGS,Shear plate connectors,67 mm dia.,nr,0.54,0,8.19,0,8.73,5,8.72,0.01
3794,CLASS O: TIMBER,05 FITTINGS AND FASTENINGS,Shear plate connectors,101 mm dia.,nr,0.54,0,33.78,0,34.32,5,34.32,0.0
3796,CLASS O: TIMBER,05 FITTINGS AND FASTENINGS,Flitch plates,200 x 75 x 10 mm,nr,6.28,0,12.28,0,18.56,5,18.57,-0.01
3797,CLASS O: TIMBER,05 FITTINGS AND FASTENINGS,Flitch plates,300 x 100 x 10 mm,nr,8.1,0,24.27,0,32.37,5,32.36,0.01
3798,CLASS O: TIMBER,05 FITTINGS AND FASTENINGS,Flitch plates,450 x 150 x 12 mm,nr,13.49,0,31.61,0,45.1,5,45.1,0.0
3800,CLASS O: TIMBER,05 FITTINGS AND FASTENINGS,Stainless steel; Straps,30 x 2.5 x 600 mm girth,nr,11.68,0,7.72,0,19.4,5,19.41,-0.01
3801,CLASS O: TIMBER,05 FITTINGS AND FASTENINGS,Stainless steel; Straps,30 x 2.5 x 800 mm girth,nr,11.68,0,10.57,0,22.25,5,22.26,-0.01
3802,CLASS O: TIMBER,05 FITTINGS AND FASTENINGS,Stainless steel; Straps,30 x 2.5 x 1000 mm girth,nr,11.68,0,5.93,0,17.61,5,17.62,-0.01
3803,CLASS O: TIMBER,05 FITTINGS AND FASTENINGS,Stainless steel; Straps,30 x 2.5 x 1200 mm girth,nr,13.49,0,7.13,0,20.62,5,20.62,0.0
3804,CLASS O: TIMBER,05 FITTINGS AND FASTENINGS,Stainless steel; Straps,30 x 2.5 x 1400 mm girth,nr,11.68,0,8.33,0,20.01,5,20.01,0.0
3805,CLASS O: TIMBER,05 FITTINGS AND FASTENINGS,Stainless steel; Straps,30 x 2.5 x 1600 mm girth,nr,13.49,0,9.52,0,23.01,5,23.01,0.0
3806,CLASS O: TIMBER,05 FITTINGS AND FASTENINGS,Stainless steel; Straps,30 x 2.5 x 1800 mm girth,nr,13.49,0,10.7,0,24.19,5,24.19,0.0
3807,CLASS O: TIMBER,05 FITTINGS AND FASTENINGS,Stainless steel; Straps,30 x 5 x 600 mm girth,nr,11.68,0,12.41,0,24.09,5,24.09,0.0
3808,CLASS O: TIMBER,05 FITTINGS AND FASTENINGS,Stainless steel; Straps,30 x 5 x 800 mm girth,nr,11.68,0,16.38,0,28.06,5,28.07,-0.01
3809,CLASS O: TIMBER,05 FITTINGS AND FASTENINGS,Stainless steel; Straps,30 x 5 x 1000 mm girth,nr,11.68,0,11.96,0,23.64,5,23.65,-0.01
3810,CLASS O: TIMBER,05 FITTINGS AND FASTENINGS,Stainless steel; Straps,30 x 5 x 1200 mm girth,nr,13.49,0,14.24,0,27.73,5,27.73,0.0
3811,CLASS O: TIMBER,05 FITTINGS AND FASTENINGS,Stainless steel; Straps,30 x 5 x 1400 mm girth,nr,11.68,0,16.69,0,28.37,5,28.37,0.0
3812,CLASS O: TIMBER,05 FITTINGS AND FASTENINGS,Stainless steel; Straps,30 x 5 x 1600 mm girth,nr,13.49,0,18.94,0,32.43,5,32.44,-0.01
3813,CLASS O: TIMBER,05 FITTINGS AND FASTENINGS,Stainless steel; Straps,30 x 5 x 1800 mm girth,nr,13.49,0,21.29,0,34.78,5,34.79,-0.01
3815,CLASS O: TIMBER,05 FITTINGS AND FASTENINGS,Coach screws,5.0 mm dia. x 75 mm long,nr,3.59,0,0,0,3.59,4,3.59,0.0
3816,CLASS O: TIMBER,05 FITTINGS AND FASTENINGS,Coach screws,7.0 mm dia. x 105 mm long,nr,4.5,0,0,0,4.5,4,4.5,0.0
3817,CLASS O: TIMBER,05 FITTINGS AND FASTENINGS,Coach screws,7.0 mm dia. x 140 mm long,nr,5.4,0,0,0,5.4,4,5.4,0.0
3818,CLASS O: TIMBER,05 FITTINGS AND FASTENINGS,Coach screws,10.0 mm dia. x 95 mm long,nr,5.4,0,0.01,0,5.41,5,5.41,0.0
3819,CLASS O: TIMBER,05 FITTINGS AND FASTENINGS,Coach screws,10.0 mm dia. x 165 mm long,nr,6.28,0,0.01,0,6.29,5,6.3,-0.01
3821,CLASS O: TIMBER,05 FITTINGS AND FASTENINGS,"Timber connectors; round toothed plate, single sided for 10 mm or 12 mm bolts (stainless steel)",38 mm dia.,nr,0.44,0,4.91,0,5.35,5,5.37,-0.02
3822,CLASS O: TIMBER,05 FITTINGS AND FASTENINGS,"Timber connectors; round toothed plate, single sided for 10 mm or 12 mm bolts (stainless steel)",50 mm dia.,nr,0.44,0,5.11,0,5.55,5,5.57,-0.02
3824,CLASS O: TIMBER,05 FITTINGS AND FASTENINGS,"Stainless steel; Timber connectors; round toothed plate, single sided (continued)",63 mm dia.,nr,0.73,0,5.85,0,6.58,5,6.57,0.01
3825,CLASS O: TIMBER,05 FITTINGS AND FASTENINGS,"Stainless steel; Timber connectors; round toothed plate, single sided (continued)",75 mm dia.,nr,0.73,0,6.49,0,7.22,5,7.21,0.01
3827,CLASS O: TIMBER,05 FITTINGS AND FASTENINGS,"Timber connectors; round toothed plate, double sided for 10 mm or 12 mm bolts (stainless steel)",38 mm dia.,nr,0.44,0,5.16,0,5.6,5,5.61,-0.01
3828,CLASS O: TIMBER,05 FITTINGS AND FASTENINGS,"Timber connectors; round toothed plate, double sided for 10 mm or 12 mm bolts (stainless steel)",50 mm dia.,nr,0.44,0,5.11,0,5.55,5,5.57,-0.02
3829,CLASS O: TIMBER,05 FITTINGS AND FASTENINGS,"Timber connectors; round toothed plate, double sided for 10 mm or 12 mm bolts (stainless steel)",63 mm dia.,nr,0.73,0,5.85,0,6.58,5,6.57,0.01
3830,CLASS O: TIMBER,05 FITTINGS AND FASTENINGS,"Timber connectors; round toothed plate, double sided for 10 mm or 12 mm bolts (stainless steel)",75 mm dia.,nr,0.73,0,6.49,0,7.22,5,7.21,0.01
3832,CLASS O: TIMBER,05 FITTINGS AND FASTENINGS,Split ring connectors (stainless steel),63 mm dia.,nr,5.4,0,22.57,0,27.97,5,27.97,0.0
3833,CLASS O: TIMBER,05 FITTINGS AND FASTENINGS,Split ring connectors (stainless steel),101 mm dia.,nr,5.4,0,44.18,0,49.58,5,49.58,0.0
3835,CLASS O: TIMBER,05 FITTINGS AND FASTENINGS,Shear plate connectors (stainless steel),67 mm dia.,nr,5.4,0,0.88,0,6.28,5,6.27,0.01
3836,CLASS O: TIMBER,05 FITTINGS AND FASTENINGS,Shear plate connectors (stainless steel),101 mm dia.,nr,5.4,0,1.87,0,7.27,5,7.27,0.0
3848,CLASS P: PILES,01 BORED CAST IN PLACE CONCRETE PILES,Disposal of material arising from pile bores; collection from around piling operations,storage on site; 100 m maximum distance; using 22.5 t ADT,m3,3.51,7.15,0,0,10.66,9,10.66,0.0
3849,CLASS P: PILES,01 BORED CAST IN PLACE CONCRETE PILES,Disposal of material arising from pile bores; collection from around piling operations,removal; 5 km distance; using 20 t tipper,m3,8.46,20.18,0,0,28.64,9,28.64,0.0
3850,CLASS P: PILES,01 BORED CAST IN PLACE CONCRETE PILES,Disposal of material arising from pile bores; collection from around piling operations,removal; 15 km distance; using 20 t tipper,m3,15.5,37.01,0,0,52.51,9,52.51,0.0
3852,CLASS P: PILES,01 BORED CAST IN PLACE CONCRETE PILES,Add to the above rates where tipping charges apply (excluding Landfill Tax),non-hazardous waste,m3,0,0,0,91.52,91.52,1,91.52,0.0
3853,CLASS P: PILES,01 BORED CAST IN PLACE CONCRETE PILES,Add to the above rates where tipping charges apply (excluding Landfill Tax),hazardous waste,m3,0,0,0,274.49,274.49,1,274.49,0.0
3854,CLASS P: PILES,01 BORED CAST IN PLACE CONCRETE PILES,Add to the above rates where tipping charges apply (excluding Landfill Tax),special waste,m3,0,0,0,289.78,289.78,1,289.78,0.0
3855,CLASS P: PILES,01 BORED CAST IN PLACE CONCRETE PILES,Add to the above rates where tipping charges apply (excluding Landfill Tax),contaminated liquid,m3,0,0,0,365.98,365.98,1,365.98,0.0
3856,CLASS P: PILES,01 BORED CAST IN PLACE CONCRETE PILES,Add to the above rates where tipping charges apply (excluding Landfill Tax),contaminated sludge,m3,0,0,0,457.56,457.56,1,457.56,0.0
3858,CLASS P: PILES,01 BORED CAST IN PLACE CONCRETE PILES,Add to the above rates where Landfill Tax applies,inactive or inert waste material,m3,0,0,0,7.96,7.96,1,7.96,0.0
3859,CLASS P: PILES,01 BORED CAST IN PLACE CONCRETE PILES,Add to the above rates where Landfill Tax applies,other taxable waste material,m3,0,0,0,247.73,247.73,1,247.73,0.0
3864,CLASS P: PILES,01 BORED CAST IN PLACE CONCRETE PILES,Dia.: 300 mm,number of piles (see above),nr,0,0,0,564.66,564.66,1,564.66,0.0
3865,CLASS P: PILES,01 BORED CAST IN PLACE CONCRETE PILES,Dia.: 300 mm,concreted length,m,0,0,0,25.71,25.71,1,25.71,0.0
3866,CLASS P: PILES,01 BORED CAST IN PLACE CONCRETE PILES,Dia.: 300 mm,depth bored to 10 m maximum depth,m,0,0,0,79.62,79.62,1,79.62,0.0
3867,CLASS P: PILES,01 BORED CAST IN PLACE CONCRETE PILES,Dia.: 300 mm,depth bored to 15 m maximum depth,m,0,0,0,79.62,79.62,1,79.62,0.0
3868,CLASS P: PILES,01 BORED CAST IN PLACE CONCRETE PILES,Dia.: 300 mm,depth bored to 20 m maximum depth,m,0,0,0,79.62,79.62,1,79.62,0.0
3870,CLASS P: PILES,01 BORED CAST IN PLACE CONCRETE PILES,Dia.: 450 mm,number of piles (see above),nr,0,0,0,564.66,564.66,1,564.66,0.0
3871,CLASS P: PILES,01 BORED CAST IN PLACE CONCRETE PILES,Dia.: 450 mm,concreted length,m,0,0,0,31.84,31.84,1,31.84,0.0
3872,CLASS P: PILES,01 BORED CAST IN PLACE CONCRETE PILES,Dia.: 450 mm,depth bored to 10 m maximum depth,m,0,0,0,99.59,99.59,1,99.59,0.0
3873,CLASS P: PILES,01 BORED CAST IN PLACE CONCRETE PILES,Dia.: 450 mm,depth bored to 15 m maximum depth,m,0,0,0,99.61,99.61,1,99.61,0.0
3874,CLASS P: PILES,01 BORED CAST IN PLACE CONCRETE PILES,Dia.: 450 mm,depth bored to 20 m maximum depth,m,0,0,0,99.61,99.61,1,99.61,0.0
3876,CLASS P: PILES,01 BORED CAST IN PLACE CONCRETE PILES,Dia.: 600 mm,number of piles (see above),nr,0,0,0,564.66,564.66,1,564.66,0.0
3877,CLASS P: PILES,01 BORED CAST IN PLACE CONCRETE PILES,Dia.: 600 mm,concreted length,m,0,0,0,81.55,81.55,1,81.55,0.0
3878,CLASS P: PILES,01 BORED CAST IN PLACE CONCRETE PILES,Dia.: 600 mm,depth bored to 10 m maximum depth,m,0,0,0,176.76,176.76,1,176.76,0.0
3880,CLASS P: PILES,01 BORED CAST IN PLACE CONCRETE PILES,"Concrete 35 N/mm2, 20 mm aggregate; installed by lorry/crawler-mounted rotary rig; Dia.: 600 mm (continued)",depth bored to 15 m maximum depth,m,0,0,0,177.65,177.65,1,177.65,0.0
3881,CLASS P: PILES,01 BORED CAST IN PLACE CONCRETE PILES,"Concrete 35 N/mm2, 20 mm aggregate; installed by lorry/crawler-mounted rotary rig; Dia.: 600 mm (continued)",depth bored to 20 m maximum depth,m,0,0,0,177.65,177.65,1,177.65,0.0
3886,CLASS P: PILES,01 BORED CAST IN PLACE CONCRETE PILES,Dia.: 300 mm,number of piles,nr,0,0,0,650.38,650.38,1,650.38,0.0
3887,CLASS P: PILES,01 BORED CAST IN PLACE CONCRETE PILES,Dia.: 300 mm,concreted length,m,0,0,0,33.42,33.42,1,33.42,0.0
3888,CLASS P: PILES,01 BORED CAST IN PLACE CONCRETE PILES,Dia.: 300 mm,depth bored to 10 m maximum depth,nr,0,0,0,39.81,39.81,1,39.81,0.0
3889,CLASS P: PILES,01 BORED CAST IN PLACE CONCRETE PILES,Dia.: 300 mm,depth bored to 15 m maximum depth,nr,0,0,0,31.85,31.85,1,31.85,0.0
3890,CLASS P: PILES,01 BORED CAST IN PLACE CONCRETE PILES,Dia.: 300 mm,depth bored to 20 m maximum depth,nr,0,0,0,31.85,31.85,1,31.85,0.0
3892,CLASS P: PILES,01 BORED CAST IN PLACE CONCRETE PILES,Dia.: 450 mm,number of piles,nr,0,0,0,650.38,650.38,1,650.38,0.0
3893,CLASS P: PILES,01 BORED CAST IN PLACE CONCRETE PILES,Dia.: 450 mm,concreted length,m,0,0,0,63.69,63.69,1,63.69,0.0
3894,CLASS P: PILES,01 BORED CAST IN PLACE CONCRETE PILES,Dia.: 450 mm,depth bored to 10 m maximum depth,nr,0,0,0,39.84,39.84,1,39.84,0.0
3895,CLASS P: PILES,01 BORED CAST IN PLACE CONCRETE PILES,Dia.: 450 mm,depth bored to 15 m maximum depth,nr,0,0,0,39.84,39.84,1,39.84,0.0
3896,CLASS P: PILES,01 BORED CAST IN PLACE CONCRETE PILES,Dia.: 450 mm,depth bored to 20 m maximum depth,nr,0,0,0,49.8,49.8,1,49.8,0.0
3898,CLASS P: PILES,01 BORED CAST IN PLACE CONCRETE PILES,Dia.: 600 mm,number of piles,nr,0,0,0,650.38,650.38,1,650.38,0.0
3899,CLASS P: PILES,01 BORED CAST IN PLACE CONCRETE PILES,Dia.: 600 mm,concreted length,m,0,0,0,97.85,97.85,1,97.85,0.0
3900,CLASS P: PILES,01 BORED CAST IN PLACE CONCRETE PILES,Dia.: 600 mm,depth bored to 10 m maximum depth,nr,0,0,0,53.03,53.03,1,53.03,0.0
3901,CLASS P: PILES,01 BORED CAST IN PLACE CONCRETE PILES,Dia.: 600 mm,depth bored to 15 m maximum depth,nr,0,0,0,49.75,49.75,1,49.75,0.0
3902,CLASS P: PILES,01 BORED CAST IN PLACE CONCRETE PILES,Dia.: 600 mm,depth bored to 20 m maximum depth,nr,0,0,0,44.41,44.41,1,44.41,0.0
3910,CLASS P: PILES,02 DRIVEN CAST IN PLACE CONCRETE PILES,Dia. 430 mm; drive shell and form pile,number of piles,nr,0,0,0,469.98,469.98,1,469.98,0.0
3911,CLASS P: PILES,02 DRIVEN CAST IN PLACE CONCRETE PILES,Dia. 430 mm; drive shell and form pile,concreted length,m,0,0,0,49.21,49.21,1,49.21,0.0
3912,CLASS P: PILES,02 DRIVEN CAST IN PLACE CONCRETE PILES,Dia. 430 mm; drive shell and form pile,depth driven; bottom-driven method,m,0,0,0,12.35,12.35,1,12.35,0.0
3913,CLASS P: PILES,02 DRIVEN CAST IN PLACE CONCRETE PILES,Dia. 430 mm; drive shell and form pile,depth driven; top-driven method,m,0,0,0,7.1,7.1,1,7.1,0.0
3918,CLASS P: PILES,02 DRIVEN CAST IN PLACE CONCRETE PILES,Dia. 620 mm,number of piles,nr,0,0,0,278.45,278.45,1,278.45,0.0
3919,CLASS P: PILES,02 DRIVEN CAST IN PLACE CONCRETE PILES,Dia. 620 mm,concreted length,m,0,0,0,321.88,321.88,1,321.88,0.0
3920,CLASS P: PILES,02 DRIVEN CAST IN PLACE CONCRETE PILES,Dia. 620 mm,depth bored or driven to 15 m maximum depth,m,0,0,0,20.32,20.32,1,20.32,0.0
3922,CLASS P: PILES,02 DRIVEN CAST IN PLACE CONCRETE PILES,Dia. 1180 mm,number of piles,nr,0,0,0,278.45,278.45,1,278.45,0.0
3923,CLASS P: PILES,02 DRIVEN CAST IN PLACE CONCRETE PILES,Dia. 1180 mm,concreted length,m,0,0,0,352.84,352.84,1,352.84,0.0
3924,CLASS P: PILES,02 DRIVEN CAST IN PLACE CONCRETE PILES,Dia. 1180 mm,depth bored or driven to 15 m maximum depth,m,0,0,0,32.1,32.1,1,32.1,0.0
3926,CLASS P: PILES,02 DRIVEN CAST IN PLACE CONCRETE PILES,Dia. 1500 mm,number of piles,nr,0,0,0,278.45,278.45,1,278.45,0.0
3927,CLASS P: PILES,02 DRIVEN CAST IN PLACE CONCRETE PILES,Dia. 1500 mm,concreted length,m,0,0,0,475.4,475.4,1,475.4,0.0
3928,CLASS P: PILES,02 DRIVEN CAST IN PLACE CONCRETE PILES,Dia. 1500 mm,depth bored or driven to 15 m maximum depth,m,0,0,0,50.82,50.82,1,50.82,0.0
3940,CLASS P: PILES,03 PREFORMED CONCRETE PILES,Cross-sectional area: 0.05-0.1 m2; 235 x 235 mm,number of piles of 10 m length,nr,0,0,0,727.03,727.03,1,727.03,0.0
3941,CLASS P: PILES,03 PREFORMED CONCRETE PILES,Cross-sectional area: 0.05-0.1 m2; 235 x 235 mm,number of piles of 15 m length,nr,0,0,0,964.04,964.04,1,964.04,0.0
3942,CLASS P: PILES,03 PREFORMED CONCRETE PILES,Cross-sectional area: 0.05-0.1 m2; 235 x 235 mm,number of piles of 20 m length,nr,0,0,0,1201.05,1201.05,1,1201.05,0.0
3943,CLASS P: PILES,03 PREFORMED CONCRETE PILES,Cross-sectional area: 0.05-0.1 m2; 235 x 235 mm,number of piles of 25 m length,nr,0,0,0,1438.05,1438.05,1,1438.05,0.0
3944,CLASS P: PILES,03 PREFORMED CONCRETE PILES,Cross-sectional area: 0.05-0.1 m2; 235 x 235 mm,add for mechanical interlocking joint,nr,0,0,0,133.77,133.77,1,133.77,0.0
3945,CLASS P: PILES,03 PREFORMED CONCRETE PILES,Cross-sectional area: 0.05-0.1 m2; 235 x 235 mm,depth driven,m,0,0,0,6.11,6.11,1,6.11,0.0
3947,CLASS P: PILES,03 PREFORMED CONCRETE PILES,Cross-sectional area: 0.05-0.1 m2; 275 x 275 mm,number of piles of 10 m length,nr,0,0,0,809.34,809.34,1,809.34,0.0
3948,CLASS P: PILES,03 PREFORMED CONCRETE PILES,Cross-sectional area: 0.05-0.1 m2; 275 x 275 mm,number of piles of 15 m length,nr,0,0,0,1087.51,1087.51,1,1087.51,0.0
3949,CLASS P: PILES,03 PREFORMED CONCRETE PILES,Cross-sectional area: 0.05-0.1 m2; 275 x 275 mm,number of piles of 20 m length,nr,0,0,0,1365.66,1365.66,1,1365.66,0.0
3950,CLASS P: PILES,03 PREFORMED CONCRETE PILES,Cross-sectional area: 0.05-0.1 m2; 275 x 275 mm,number of piles of 25 m length,nr,0,0,0,1643.81,1643.81,1,1643.81,0.0
3951,CLASS P: PILES,03 PREFORMED CONCRETE PILES,Cross-sectional area: 0.05-0.1 m2; 275 x 275 mm,add for mechanical interlocking joint,nr,0,0,0,139.55,139.55,1,139.55,0.0
3952,CLASS P: PILES,03 PREFORMED CONCRETE PILES,Cross-sectional area: 0.05-0.1 m2; 275 x 275 mm,depth driven,m,0,0,0,6.44,6.44,1,6.44,0.0
3954,CLASS P: PILES,03 PREFORMED CONCRETE PILES,Cross-sectional area: 0.1-0.15 m2; 350 x 350 mm,number of piles of 10 m length,nr,0,0,0,1248.07,1248.07,1,1248.07,0.0
3955,CLASS P: PILES,03 PREFORMED CONCRETE PILES,Cross-sectional area: 0.1-0.15 m2; 350 x 350 mm,number of piles of 15 m length,nr,0,0,0,1686.5,1686.5,1,1686.5,0.0
3956,CLASS P: PILES,03 PREFORMED CONCRETE PILES,Cross-sectional area: 0.1-0.15 m2; 350 x 350 mm,number of piles of 20 m length,nr,0,0,0,2124.94,2124.94,1,2124.94,0.0
3957,CLASS P: PILES,03 PREFORMED CONCRETE PILES,Cross-sectional area: 0.1-0.15 m2; 350 x 350 mm,number of piles of 25 m length,nr,0,0,0,2563.35,2563.35,1,2563.35,0.0
3958,CLASS P: PILES,03 PREFORMED CONCRETE PILES,Cross-sectional area: 0.1-0.15 m2; 350 x 350 mm,number of piles of 30 m length,nr,0,0,0,3001.79,3001.79,1,3001.79,0.0
3959,CLASS P: PILES,03 PREFORMED CONCRETE PILES,Cross-sectional area: 0.1-0.15 m2; 350 x 350 mm,add for mechanical interlocking joint,nr,0,0,0,267.47,267.47,1,267.47,0.0
3960,CLASS P: PILES,03 PREFORMED CONCRETE PILES,Cross-sectional area: 0.1-0.15 m2; 350 x 350 mm,depth driven,m,0,0,0,9.15,9.15,1,9.15,0.0
3968,CLASS P: PILES,05 TIMBER PILES,Cross-sectional area: 0.05-0.1 m2; 225 x 225 mm,number of piles of 10 m length,nr,0,0,0,1194.32,1194.32,1,1194.32,0.0
3969,CLASS P: PILES,05 TIMBER PILES,Cross-sectional area: 0.05-0.1 m2; 225 x 225 mm,number of piles of 15 m length,nr,0,0,0,1612.07,1612.07,1,1612.07,0.0
3970,CLASS P: PILES,05 TIMBER PILES,Cross-sectional area: 0.05-0.1 m2; 225 x 225 mm,number of piles of 20 m length,nr,0,0,0,2029.8,2029.8,1,2029.8,0.0
3971,CLASS P: PILES,05 TIMBER PILES,Cross-sectional area: 0.05-0.1 m2; 225 x 225 mm,depth driven,m,0,0,0,8.44,8.44,1,8.44,0.0
3973,CLASS P: PILES,05 TIMBER PILES,Cross-sectional area: 0.05-0.1 m2; 300 x 300 mm,number of piles of 10 m length,nr,0,0,0,1913.69,1913.69,1,1913.69,0.0
3974,CLASS P: PILES,05 TIMBER PILES,Cross-sectional area: 0.05-0.1 m2; 300 x 300 mm,number of piles of 15 m length,nr,0,0,0,2511.03,2511.03,1,2511.03,0.0
3975,CLASS P: PILES,05 TIMBER PILES,Cross-sectional area: 0.05-0.1 m2; 300 x 300 mm,number of piles of 20 m length,nr,0,0,0,3108.36,3108.36,1,3108.36,0.0
3976,CLASS P: PILES,05 TIMBER PILES,Cross-sectional area: 0.05-0.1 m2; 300 x 300 mm,depth driven,m,0,0,0,14.57,14.57,1,14.57,0.0
3978,CLASS P: PILES,05 TIMBER PILES,Cross-sectional area: 0.1-0.15 m2; 350 x 350 mm,number of piles of 10 m length,nr,0,0,0,2655.68,2655.68,1,2655.68,0.0
3979,CLASS P: PILES,05 TIMBER PILES,Cross-sectional area: 0.1-0.15 m2; 350 x 350 mm,number of piles of 15 m length,nr,0,0,0,3686.3,3686.3,1,3686.3,0.0
3980,CLASS P: PILES,05 TIMBER PILES,Cross-sectional area: 0.1-0.15 m2; 350 x 350 mm,number of piles of 20 m length,nr,0,0,0,3871.9,3871.9,1,3871.9,0.0
3981,CLASS P: PILES,05 TIMBER PILES,Cross-sectional area: 0.1-0.15 m2; 350 x 350 mm,depth driven,m,0,0,0,9.7,9.7,1,9.7,0.0
3983,CLASS P: PILES,05 TIMBER PILES,Cross-sectional area: 0.15-0.25 m2; 450 x 450 mm,number of piles of 10 m length,nr,0,0,0,3061.77,3061.77,1,3061.77,0.0
3984,CLASS P: PILES,05 TIMBER PILES,Cross-sectional area: 0.15-0.25 m2; 450 x 450 mm,number of piles of 15 m length,nr,0,0,0,5014.75,5014.75,1,5014.75,0.0
3985,CLASS P: PILES,05 TIMBER PILES,Cross-sectional area: 0.15-0.25 m2; 450 x 450 mm,number of piles of 20 m length,nr,0,0,0,6370.57,6370.57,1,6370.57,0.0
3986,CLASS P: PILES,05 TIMBER PILES,Cross-sectional area: 0.15-0.25 m2; 450 x 450 mm,number of piles of 25 m length,nr,0,0,0,8088.91,8088.91,1,8088.91,0.0
3987,CLASS P: PILES,05 TIMBER PILES,Cross-sectional area: 0.15-0.25 m2; 450 x 450 mm,depth driven,m,0,0,0,11.85,11.85,1,11.85,0.0
3991,CLASS P: PILES,05 TIMBER PILES,Cross-sectional area: 0.05-0.1 m2; 225 x 225 mm,number of piles of 10 m length,nr,0,0,0,1980.98,1980.98,1,1980.98,0.0
3992,CLASS P: PILES,05 TIMBER PILES,Cross-sectional area: 0.05-0.1 m2; 225 x 225 mm,number of piles of 15 m length,nr,0,0,0,2369.55,2369.55,1,2369.55,0.0
3993,CLASS P: PILES,05 TIMBER PILES,Cross-sectional area: 0.05-0.1 m2; 225 x 225 mm,number of piles of 20 m length,nr,0,0,0,2758.1,2758.1,1,2758.1,0.0
3994,CLASS P: PILES,05 TIMBER PILES,Cross-sectional area: 0.05-0.1 m2; 225 x 225 mm,depth driven,m,0,0,0,7.03,7.03,1,7.03,0.0
3996,CLASS P: PILES,05 TIMBER PILES,Cross-sectional area: 0.05-0.1 m2; 300 x 300 mm,number of piles of 10 m length,nr,0,0,0,2558.24,2558.24,1,2558.24,0.0
3997,CLASS P: PILES,05 TIMBER PILES,Cross-sectional area: 0.05-0.1 m2; 300 x 300 mm,number of piles of 15 m length,nr,0,0,0,3224.33,3224.33,1,3224.33,0.0
3998,CLASS P: PILES,05 TIMBER PILES,Cross-sectional area: 0.05-0.1 m2; 300 x 300 mm,number of piles of 20 m length,nr,0,0,0,4228.44,4228.44,1,4228.44,0.0
3999,CLASS P: PILES,05 TIMBER PILES,Cross-sectional area: 0.05-0.1 m2; 300 x 300 mm,depth driven,m,0,0,0,12.15,12.15,1,12.15,0.0
4001,CLASS P: PILES,05 TIMBER PILES,Cross-sectional area: 0.1-0.15 m2; 350 x 350 mm,number of piles of 10 m length,nr,0,0,0,3553.91,3553.91,1,3553.91,0.0
4002,CLASS P: PILES,05 TIMBER PILES,Cross-sectional area: 0.1-0.15 m2; 350 x 350 mm,number of piles of 15 m length,nr,0,0,0,3766.12,3766.12,1,3766.12,0.0
4003,CLASS P: PILES,05 TIMBER PILES,Cross-sectional area: 0.1-0.15 m2; 350 x 350 mm,number of piles of 20 m length,nr,0,0,0,4147.33,4147.33,1,4147.33,0.0
4004,CLASS P: PILES,05 TIMBER PILES,Cross-sectional area: 0.1-0.15 m2; 350 x 350 mm,depth driven,m,0,0,0,9.7,9.7,1,9.7,0.0
4006,CLASS P: PILES,05 TIMBER PILES,Cross-sectional area: 0.15-0.25 m2; 450 x 450 mm,number of piles of 10 m length,nr,0,0,0,4279.38,4279.38,1,4279.38,0.0
4007,CLASS P: PILES,05 TIMBER PILES,Cross-sectional area: 0.15-0.25 m2; 450 x 450 mm,number of piles of 15 m length,nr,0,0,0,5778.28,5778.28,1,5778.28,0.0
4009,CLASS P: PILES,05 TIMBER PILES,Greenheart; Cross-sectional area: 0.15-0.25 m2; 450 x 450 mm (continued),number of piles of 20 m length,nr,0,0,0,7277.19,7277.19,1,7277.19,0.0
4010,CLASS P: PILES,05 TIMBER PILES,Greenheart; Cross-sectional area: 0.15-0.25 m2; 450 x 450 mm (continued),number of piles of 25 m length,nr,0,0,0,8776.1,8776.1,1,8776.1,0.0
4011,CLASS P: PILES,05 TIMBER PILES,Greenheart; Cross-sectional area: 0.15-0.25 m2; 450 x 450 mm (continued),depth driven,m,0,0,0,11.85,11.85,1,11.85,0.0
4018,CLASS P: PILES,06 ISOLATED STEEL PILES,Mass 45 kg/m; 203 x 203 mm,number of piles: length 10 m,nr,0,1008.67,0,11305.41,12314.08,10,12314.07,0.01
4019,CLASS P: PILES,06 ISOLATED STEEL PILES,Mass 45 kg/m; 203 x 203 mm,number of piles: length 15 m,nr,0,1613.54,0,11305.42,12918.96,10,12918.97,-0.01
4020,CLASS P: PILES,06 ISOLATED STEEL PILES,Mass 45 kg/m; 203 x 203 mm,number of piles: length 20 m,nr,0,2151.4,0,11305.41,13456.81,10,13456.81,0.0
4021,CLASS P: PILES,06 ISOLATED STEEL PILES,Mass 45 kg/m; 203 x 203 mm,depth driven; vertical,m,0,0,0,8.16,8.16,1,8.16,0.0
4022,CLASS P: PILES,06 ISOLATED STEEL PILES,Mass 45 kg/m; 203 x 203 mm,depth driven; raking,m,0,0,0,13.42,13.42,1,13.42,0.0
4024,CLASS P: PILES,06 ISOLATED STEEL PILES,Mass 54 kg/m; 203 x 203 mm,number of piles; length 10 m,nr,0,1210.39,0,11305.41,12515.8,10,12515.81,-0.01
4025,CLASS P: PILES,06 ISOLATED STEEL PILES,Mass 54 kg/m; 203 x 203 mm,number of piles; length 15 m,nr,0,1936.27,0,11305.41,13241.68,10,13241.68,0.0
4026,CLASS P: PILES,06 ISOLATED STEEL PILES,Mass 54 kg/m; 203 x 203 mm,number of piles; length 20 m,nr,0,2581.69,0,9444.03,12025.72,10,12025.71,0.01
4027,CLASS P: PILES,06 ISOLATED STEEL PILES,Mass 54 kg/m; 203 x 203 mm,depth driven; vertical,m,0,0,0,6.79,6.79,1,6.79,0.0
4028,CLASS P: PILES,06 ISOLATED STEEL PILES,Mass 54 kg/m; 203 x 203 mm,depth driven; raking,m,0,0,0,11.18,11.18,1,11.18,0.0
4030,CLASS P: PILES,06 ISOLATED STEEL PILES,Mass 63 kg/m; 254 x 254 mm,number of piles; length 10 m,nr,0,1412.12,0,9444.03,10856.15,10,10856.16,-0.01
4031,CLASS P: PILES,06 ISOLATED STEEL PILES,Mass 63 kg/m; 254 x 254 mm,number of piles; length 15 m,nr,0,2258.98,0,9444.03,11703.01,10,11703.01,0.0
4032,CLASS P: PILES,06 ISOLATED STEEL PILES,Mass 63 kg/m; 254 x 254 mm,number of piles; length 20 m,nr,0,3011.96,0,9444.04,12456.0,10,12456.01,-0.01
4033,CLASS P: PILES,06 ISOLATED STEEL PILES,Mass 63 kg/m; 254 x 254 mm,depth driven; vertical,m,0,0,0,7.59,7.59,1,7.59,0.0
4034,CLASS P: PILES,06 ISOLATED STEEL PILES,Mass 63 kg/m; 254 x 254 mm,depth driven; raking,m,0,0,0,11.64,11.64,1,11.64,0.0
4036,CLASS P: PILES,06 ISOLATED STEEL PILES,Mass 71 kg/m; 254 x 254 mm,number of piles; length 10 m,nr,0,1591.45,0,9444.03,11035.48,10,11035.48,0.0
4037,CLASS P: PILES,06 ISOLATED STEEL PILES,Mass 71 kg/m; 254 x 254 mm,number of piles; length 15 m,nr,0,2545.83,0,9444.03,11989.86,10,11989.86,0.0
4038,CLASS P: PILES,06 ISOLATED STEEL PILES,Mass 71 kg/m; 254 x 254 mm,number of piles; length 20 m,nr,0,3394.44,0,9444.03,12838.47,10,12838.47,0.0
4039,CLASS P: PILES,06 ISOLATED STEEL PILES,Mass 71 kg/m; 254 x 254 mm,depth driven; vertical,m,0,0,0,7.59,7.59,1,7.59,0.0
4040,CLASS P: PILES,06 ISOLATED STEEL PILES,Mass 71 kg/m; 254 x 254 mm,depth driven; raking,m,0,0,0,11.64,11.64,1,11.64,0.0
4042,CLASS P: PILES,06 ISOLATED STEEL PILES,Mass 85 kg/m; 254 x 254 mm,number of piles; length 10 m,nr,0,1905.24,0,9444.03,11349.27,10,11349.29,-0.02
4043,CLASS P: PILES,06 ISOLATED STEEL PILES,Mass 85 kg/m; 254 x 254 mm,number of piles; length 15 m,nr,0,3047.83,0,9444.03,12491.86,10,12491.86,0.0
4044,CLASS P: PILES,06 ISOLATED STEEL PILES,Mass 85 kg/m; 254 x 254 mm,number of piles; length 20 m,nr,0,4063.79,0,9444.03,13507.82,10,13507.8,0.02
4045,CLASS P: PILES,06 ISOLATED STEEL PILES,Mass 85 kg/m; 254 x 254 mm,depth driven; vertical,m,0,0,0,7.59,7.59,1,7.59,0.0
4046,CLASS P: PILES,06 ISOLATED STEEL PILES,Mass 85 kg/m; 254 x 254 mm,depth driven; raking,m,0,0,0,11.64,11.64,1,11.64,0.0
4048,CLASS P: PILES,06 ISOLATED STEEL PILES,Mass 79 kg/m; 305 x 305 mm,number of piles; length 10 m,nr,0,1770.78,0,11305.41,13076.19,10,13076.17,0.02
4049,CLASS P: PILES,06 ISOLATED STEEL PILES,Mass 79 kg/m; 305 x 305 mm,number of piles; length 15 m,nr,0,2832.7,0,11305.41,14138.11,10,14138.09,0.02
4050,CLASS P: PILES,06 ISOLATED STEEL PILES,Mass 79 kg/m; 305 x 305 mm,number of piles; length 20 m,nr,0,3776.92,0,11305.41,15082.33,10,15082.32,0.01
4051,CLASS P: PILES,06 ISOLATED STEEL PILES,Mass 79 kg/m; 305 x 305 mm,depth driven; vertical,m,0,0,0,9.11,9.11,1,9.11,0.0
4052,CLASS P: PILES,06 ISOLATED STEEL PILES,Mass 79 kg/m; 305 x 305 mm,depth driven; raking,m,0,0,0,13.96,13.96,1,13.96,0.0
4054,CLASS P: PILES,06 ISOLATED STEEL PILES,Mass 95 kg/m; 305 x 305 mm,number of piles; length 10 m,nr,0,2129.4,0,11305.41,13434.81,10,13434.82,-0.01
4055,CLASS P: PILES,06 ISOLATED STEEL PILES,Mass 95 kg/m; 305 x 305 mm,number of piles; length 15 m,nr,0,3406.39,0,11305.41,14711.8,10,14711.8,0.0
4056,CLASS P: PILES,06 ISOLATED STEEL PILES,Mass 95 kg/m; 305 x 305 mm,number of piles; length 20 m,nr,0,4541.85,0,11305.41,15847.26,10,15847.26,0.0
4057,CLASS P: PILES,06 ISOLATED STEEL PILES,Mass 95 kg/m; 305 x 305 mm,depth driven; vertical,m,0,0,0,9.81,9.81,1,9.81,0.0
4058,CLASS P: PILES,06 ISOLATED STEEL PILES,Mass 95 kg/m; 305 x 305 mm,depth driven; raking,m,0,0,0,14.69,14.69,1,14.69,0.0
4060,CLASS P: PILES,06 ISOLATED STEEL PILES,Mass 110 kg/m; 305 x 305 mm,number of piles; length 10 m,nr,0,2465.64,0,9444.03,11909.67,10,11909.65,0.02
4061,CLASS P: PILES,06 ISOLATED STEEL PILES,Mass 110 kg/m; 305 x 305 mm,number of piles; length 15 m,nr,0,3944.25,0,9444.03,13388.28,10,13388.27,0.01
4062,CLASS P: PILES,06 ISOLATED STEEL PILES,Mass 110 kg/m; 305 x 305 mm,number of piles; length 20 m,nr,0,5259.0,0,9444.04,14703.04,10,14703.03,0.01
4063,CLASS P: PILES,06 ISOLATED STEEL PILES,Mass 110 kg/m; 305 x 305 mm,depth driven; vertical,m,0,0,0,8.17,8.17,1,8.17,0.0
4064,CLASS P: PILES,06 ISOLATED STEEL PILES,Mass 110 kg/m; 305 x 305 mm,depth driven; raking,m,0,0,0,12.24,12.24,1,12.24,0.0
4066,CLASS P: PILES,06 ISOLATED STEEL PILES,Mass 126 kg/m; 305 x 305 mm,number of piles; length 10 m,nr,0,2824.27,0,9444.03,12268.3,10,12268.29,0.01
4067,CLASS P: PILES,06 ISOLATED STEEL PILES,Mass 126 kg/m; 305 x 305 mm,number of piles; length 15 m,nr,0,4517.94,0,9444.03,13961.97,10,13961.98,-0.01
4068,CLASS P: PILES,06 ISOLATED STEEL PILES,Mass 126 kg/m; 305 x 305 mm,number of piles; length 20 m,nr,0,6023.94,0,9444.03,15467.97,10,15467.97,0.0
4069,CLASS P: PILES,06 ISOLATED STEEL PILES,Mass 126 kg/m; 305 x 305 mm,driving piles; vertical,m,0,0,0,8.68,8.68,1,8.68,0.0
4070,CLASS P: PILES,06 ISOLATED STEEL PILES,Mass 126 kg/m; 305 x 305 mm,driving piles; raking,m,0,0,0,13.38,13.38,1,13.38,0.0
4072,CLASS P: PILES,06 ISOLATED STEEL PILES,Mass 149 kg/m; 305 x 305 mm,number of piles; length 10 m,nr,0,3339.79,0,9444.03,12783.82,10,12783.84,-0.02
4073,CLASS P: PILES,06 ISOLATED STEEL PILES,Mass 149 kg/m; 305 x 305 mm,number of piles; length 15 m,nr,0,5342.66,0,9444.03,14786.69,10,14786.69,0.0
4074,CLASS P: PILES,06 ISOLATED STEEL PILES,Mass 149 kg/m; 305 x 305 mm,number of piles; length 20 m,nr,0,7123.57,0,9444.03,16567.6,10,16567.58,0.02
4075,CLASS P: PILES,06 ISOLATED STEEL PILES,Mass 149 kg/m; 305 x 305 mm,driving piles; vertical,m,0,0,0,8.68,8.68,1,8.68,0.0
4076,CLASS P: PILES,06 ISOLATED STEEL PILES,Mass 149 kg/m; 305 x 305 mm,driving piles; raking,m,0,0,0,13.38,13.38,1,13.38,0.0
4078,CLASS P: PILES,06 ISOLATED STEEL PILES,Mass 186 kg/m; 305 x 305 mm,number of piles; length 10 m,nr,0,4169.15,0,9444.03,13613.18,10,13613.17,0.01
4079,CLASS P: PILES,06 ISOLATED STEEL PILES,Mass 186 kg/m; 305 x 305 mm,number of piles; length 15 m,nr,0,6669.36,0,9444.04,16113.4,10,16113.4,0.0
4080,CLASS P: PILES,06 ISOLATED STEEL PILES,Mass 186 kg/m; 305 x 305 mm,number of piles; length 20 m,nr,0,8892.47,0,9444.03,18336.5,10,18336.51,-0.01
4081,CLASS P: PILES,06 ISOLATED STEEL PILES,Mass 186 kg/m; 305 x 305 mm,driving piles; vertical,m,0,0,0,10.16,10.16,1,10.16,0.0
4082,CLASS P: PILES,06 ISOLATED STEEL PILES,Mass 186 kg/m; 305 x 305 mm,drive piles; raking,m,0,0,0,14.4,14.4,1,14.4,0.0
4084,CLASS P: PILES,06 ISOLATED STEEL PILES,Mass 223 kg/m; 305 x 305 mm,number of piles; length 10 m,nr,0,4998.5,0,9444.03,14442.53,10,14442.52,0.01
4085,CLASS P: PILES,06 ISOLATED STEEL PILES,Mass 223 kg/m; 305 x 305 mm,number of piles; length 15 m,nr,0,7996.06,0,9444.03,17440.09,10,17440.09,0.0
4086,CLASS P: PILES,06 ISOLATED STEEL PILES,Mass 223 kg/m; 305 x 305 mm,number of piles; length 20 m,nr,0,10661.43,0,9444.03,20105.46,10,20105.45,0.01
4087,CLASS P: PILES,06 ISOLATED STEEL PILES,Mass 223 kg/m; 305 x 305 mm,driving piles; vertical,m,0,0,0,10.76,10.76,1,10.76,0.0
4088,CLASS P: PILES,06 ISOLATED STEEL PILES,Mass 223 kg/m; 305 x 305 mm,driving piles; raking,m,0,0,0,14.87,14.87,1,14.87,0.0
4091,CLASS P: PILES,06 ISOLATED STEEL PILES,Mass 109 kg/m; 356 x 368 mm (continued),number of piles; length 10 m,nr,0,2480.14,0,9444.03,11924.17,7,11924.17,0.0
4092,CLASS P: PILES,06 ISOLATED STEEL PILES,Mass 109 kg/m; 356 x 368 mm (continued),number of piles; length 15 m,nr,0,3963.77,0,9444.03,13407.8,7,13407.82,-0.02
4093,CLASS P: PILES,06 ISOLATED STEEL PILES,Mass 109 kg/m; 356 x 368 mm (continued),number of piles; length 20 m,nr,0,5285.02,0,9444.03,14729.05,7,14729.07,-0.02
4094,CLASS P: PILES,06 ISOLATED STEEL PILES,Mass 109 kg/m; 356 x 368 mm (continued),depth driven; vertical,m,0,0,0,8.17,8.17,1,8.17,0.0
4095,CLASS P: PILES,06 ISOLATED STEEL PILES,Mass 109 kg/m; 356 x 368 mm (continued),depth driven; raking,m,0,0,0,12.24,12.24,1,12.24,0.0
4097,CLASS P: PILES,06 ISOLATED STEEL PILES,Mass 133 kg/m; 356 x 368 mm,number of piles; length 10 m,nr,0,3026.23,0,9444.03,12470.26,10,12470.26,0.0
4098,CLASS P: PILES,06 ISOLATED STEEL PILES,Mass 133 kg/m; 356 x 368 mm,number of piles; length 15 m,nr,0,4836.55,0,9444.03,14280.58,10,14280.57,0.01
4099,CLASS P: PILES,06 ISOLATED STEEL PILES,Mass 133 kg/m; 356 x 368 mm,number of piles; length 20 m,nr,0,6448.73,0,9444.03,15892.76,10,15892.76,0.0
4100,CLASS P: PILES,06 ISOLATED STEEL PILES,Mass 133 kg/m; 356 x 368 mm,driving piles; vertical,m,0,0,0,8.68,8.68,1,8.68,0.0
4101,CLASS P: PILES,06 ISOLATED STEEL PILES,Mass 133 kg/m; 356 x 368 mm,driving piles; raking,m,0,0,0,13.38,13.38,1,13.38,0.0
4103,CLASS P: PILES,06 ISOLATED STEEL PILES,Mass 152 kg/m; 356 x 368 mm,number of piles; length 10 m,nr,0,3458.56,0,9444.03,12902.59,10,12902.58,0.01
4104,CLASS P: PILES,06 ISOLATED STEEL PILES,Mass 152 kg/m; 356 x 368 mm,number of piles; length 15 m,nr,0,5527.49,0,9444.03,14971.52,10,14971.51,0.01
4105,CLASS P: PILES,06 ISOLATED STEEL PILES,Mass 152 kg/m; 356 x 368 mm,number of piles; length 20 m,nr,0,7369.99,0,9444.03,16814.02,10,16814.01,0.01
4106,CLASS P: PILES,06 ISOLATED STEEL PILES,Mass 152 kg/m; 356 x 368 mm,driving piles; vertical,m,0,0,0,9.75,9.75,1,9.75,0.0
4107,CLASS P: PILES,06 ISOLATED STEEL PILES,Mass 152 kg/m; 356 x 368 mm,driving piles; raking,m,0,0,0,13.59,13.59,1,13.59,0.0
4109,CLASS P: PILES,06 ISOLATED STEEL PILES,Mass 174 kg/m; 356 x 368 mm,number of piles; length 10 m,nr,0,3959.12,0,9444.04,13403.16,10,13403.16,0.0
4110,CLASS P: PILES,06 ISOLATED STEEL PILES,Mass 174 kg/m; 356 x 368 mm,number of piles; length 15 m,nr,0,6327.53,0,9444.03,15771.56,10,15771.55,0.01
4111,CLASS P: PILES,06 ISOLATED STEEL PILES,Mass 174 kg/m; 356 x 368 mm,number of piles; length 20 m,nr,0,8436.68,0,9444.03,17880.71,10,17880.71,0.0
4112,CLASS P: PILES,06 ISOLATED STEEL PILES,Mass 174 kg/m; 356 x 368 mm,driving piles; vertical,m,0,0,0,9.75,9.75,1,9.75,0.0
4113,CLASS P: PILES,06 ISOLATED STEEL PILES,Mass 174 kg/m; 356 x 368 mm,driving piles; raking,m,0,0,0,13.59,13.59,1,13.59,0.0
4122,CLASS P: PILES,07 INTERLOCKING STEEL PILES,"Provision of all plant, equipment and labour including transport to and from the site and establishing and dismantling for",driving of sheet piling,item,0,0,0,14994.56,14994.56,1,14994.56,0.0
4123,CLASS P: PILES,07 INTERLOCKING STEEL PILES,"Provision of all plant, equipment and labour including transport to and from the site and establishing and dismantling for",extraction of sheet piling,item,0,0,0,4036.99,4036.99,1,4036.99,0.0
4124,CLASS P: PILES,07 INTERLOCKING STEEL PILES,"Provision of all plant, equipment and labour including transport to and from the site and establishing and dismantling for",Standing time,hr,0,0,0,805.8,805.8,1,805.8,0.0
4126,CLASS P: PILES,07 INTERLOCKING STEEL PILES,"Section modulus 800-1200 cm3/m; section reference AZ 12; mass 98.7 kg/m2, sectional modulus 1200 cm3/m; EN 10248 grade S270GP steel",length of welded corner piles,m,0,0,0,218.46,218.46,1,218.46,0.0
4127,CLASS P: PILES,07 INTERLOCKING STEEL PILES,"Section modulus 800-1200 cm3/m; section reference AZ 12; mass 98.7 kg/m2, sectional modulus 1200 cm3/m; EN 10248 grade S270GP steel",length of welded junction piles,m,0,0,0,343.55,343.55,1,343.55,0.0
4128,CLASS P: PILES,07 INTERLOCKING STEEL PILES,"Section modulus 800-1200 cm3/m; section reference AZ 12; mass 98.7 kg/m2, sectional modulus 1200 cm3/m; EN 10248 grade S270GP steel",driven area,m2,0,0,0,96.69,96.69,1,96.69,0.0
4129,CLASS P: PILES,07 INTERLOCKING STEEL PILES,"Section modulus 800-1200 cm3/m; section reference AZ 12; mass 98.7 kg/m2, sectional modulus 1200 cm3/m; EN 10248 grade S270GP steel",area of piles of length not exceeding 14 m,m2,0,0,0,218.85,218.85,1,218.85,0.0
4130,CLASS P: PILES,07 INTERLOCKING STEEL PILES,"Section modulus 800-1200 cm3/m; section reference AZ 12; mass 98.7 kg/m2, sectional modulus 1200 cm3/m; EN 10248 grade S270GP steel",length 14-24 m,m2,0,0,0,205.95,205.95,1,205.95,0.0
4131,CLASS P: PILES,07 INTERLOCKING STEEL PILES,"Section modulus 800-1200 cm3/m; section reference AZ 12; mass 98.7 kg/m2, sectional modulus 1200 cm3/m; EN 10248 grade S270GP steel",area of piles of length exceeding 24 m,m2,0,0,0,219.46,219.46,1,219.46,0.0
4133,CLASS P: PILES,07 INTERLOCKING STEEL PILES,Section modulus 1200-2000 cm3/m; section reference AZ 17; mass 108.6 kg/m2; sectional modulus 1665 cm3/m; EN 10248 grade S270GP steel,length of welded corner piles,m,0,0,0,233.01,233.01,1,233.01,0.0
4134,CLASS P: PILES,07 INTERLOCKING STEEL PILES,Section modulus 1200-2000 cm3/m; section reference AZ 17; mass 108.6 kg/m2; sectional modulus 1665 cm3/m; EN 10248 grade S270GP steel,length of welded junction piles,m,0,0,0,343.55,343.55,1,343.55,0.0
4135,CLASS P: PILES,07 INTERLOCKING STEEL PILES,Section modulus 1200-2000 cm3/m; section reference AZ 17; mass 108.6 kg/m2; sectional modulus 1665 cm3/m; EN 10248 grade S270GP steel,driven area,m2,0,0,0,96.3,96.3,1,96.3,0.0
4136,CLASS P: PILES,07 INTERLOCKING STEEL PILES,Section modulus 1200-2000 cm3/m; section reference AZ 17; mass 108.6 kg/m2; sectional modulus 1665 cm3/m; EN 10248 grade S270GP steel,area of piles of length not exceeding 14 m,m2,0,0,0,255.32,255.32,1,255.32,0.0
4137,CLASS P: PILES,07 INTERLOCKING STEEL PILES,Section modulus 1200-2000 cm3/m; section reference AZ 17; mass 108.6 kg/m2; sectional modulus 1665 cm3/m; EN 10248 grade S270GP steel,length 14-24 m,m2,0,0,0,190.11,190.11,1,190.11,0.0
4138,CLASS P: PILES,07 INTERLOCKING STEEL PILES,Section modulus 1200-2000 cm3/m; section reference AZ 17; mass 108.6 kg/m2; sectional modulus 1665 cm3/m; EN 10248 grade S270GP steel,area of piles of length exceeding 24 m,m2,0,0,0,202.58,202.58,1,202.58,0.0
4140,CLASS P: PILES,07 INTERLOCKING STEEL PILES,Section modulus 2000-3000 cm3/m; section reference AZ 26; mass 155.2 kg/m2; sectional modulus 2600 cm3/m; EN 10248 grade S270GP steel,driven area,m2,0,0,0,78.01,78.01,1,78.01,0.0
4141,CLASS P: PILES,07 INTERLOCKING STEEL PILES,Section modulus 2000-3000 cm3/m; section reference AZ 26; mass 155.2 kg/m2; sectional modulus 2600 cm3/m; EN 10248 grade S270GP steel,area of piles of length 6-18 m,m2,0,0,0,148.46,148.46,1,148.46,0.0
4142,CLASS P: PILES,07 INTERLOCKING STEEL PILES,Section modulus 2000-3000 cm3/m; section reference AZ 26; mass 155.2 kg/m2; sectional modulus 2600 cm3/m; EN 10248 grade S270GP steel,area of piles of length 18-24 m,m2,0,0,0,150.49,150.49,1,150.49,0.0
4144,CLASS P: PILES,07 INTERLOCKING STEEL PILES,Section modulus 3000-4000 cm3/m; section reference AZ 36; mass 194.0 kg/m2; sectional modulus 3600 cm3/m; EN 10248 grade S270GP steel,driven area,m2,0,0,0,79.29,79.29,1,79.29,0.0
4145,CLASS P: PILES,07 INTERLOCKING STEEL PILES,Section modulus 3000-4000 cm3/m; section reference AZ 36; mass 194.0 kg/m2; sectional modulus 3600 cm3/m; EN 10248 grade S270GP steel,area of piles of length 6-18 m,m2,0,0,0,296.91,296.91,1,296.91,0.0
4146,CLASS P: PILES,07 INTERLOCKING STEEL PILES,Section modulus 3000-4000 cm3/m; section reference AZ 36; mass 194.0 kg/m2; sectional modulus 3600 cm3/m; EN 10248 grade S270GP steel,area of piles of length 18-24 m,m2,0,0,0,300.97,300.97,1,300.97,0.0
4148,CLASS P: PILES,07 INTERLOCKING STEEL PILES,Straight section modulus ne 500 cm3/m; section reference AS 500-12 mass 149 kg/m2; sectional modulus 51 cm3/m; EN 10248 grade S270GP steel,driven area,m2,0,0,0,59.25,59.25,1,59.25,0.0
4149,CLASS P: PILES,07 INTERLOCKING STEEL PILES,Straight section modulus ne 500 cm3/m; section reference AS 500-12 mass 149 kg/m2; sectional modulus 51 cm3/m; EN 10248 grade S270GP steel,area of piles of length 6-18 m,m2,0,0,0,326.61,326.61,1,326.61,0.0
4150,CLASS P: PILES,07 INTERLOCKING STEEL PILES,Straight section modulus ne 500 cm3/m; section reference AS 500-12 mass 149 kg/m2; sectional modulus 51 cm3/m; EN 10248 grade S270GP steel,area of piles of length 18-24 m,m2,0,0,0,346.12,346.12,1,346.12,0.0
4152,CLASS P: PILES,07 INTERLOCKING STEEL PILES,One coat black tar vinyl (PC1) protective treatment applied all surfaces at shop to minimum dry film thickness up to 150 microns to steel piles,section reference AZ 12; pile area,m2,0,0,0,34.27,34.27,1,34.27,0.0
4153,CLASS P: PILES,07 INTERLOCKING STEEL PILES,One coat black tar vinyl (PC1) protective treatment applied all surfaces at shop to minimum dry film thickness up to 150 microns to steel piles,section reference AZ 17; pile area,m2,0,0,0,22.39,22.39,1,22.39,0.0
4154,CLASS P: PILES,07 INTERLOCKING STEEL PILES,One coat black tar vinyl (PC1) protective treatment applied all surfaces at shop to minimum dry film thickness up to 150 microns to steel piles,section reference AZ 26; pile area,m2,0,0,0,24.38,24.38,1,24.38,0.0
4155,CLASS P: PILES,07 INTERLOCKING STEEL PILES,One coat black tar vinyl (PC1) protective treatment applied all surfaces at shop to minimum dry film thickness up to 150 microns to steel piles,section reference AZ 36; pile area,m2,0,0,0,25.97,25.97,1,25.97,0.0
4156,CLASS P: PILES,07 INTERLOCKING STEEL PILES,One coat black tar vinyl (PC1) protective treatment applied all surfaces at shop to minimum dry film thickness up to 150 microns to steel piles,section reference AS 500-12; pile area,m2,0,0,0,42.47,42.47,1,42.47,0.0
4158,CLASS P: PILES,07 INTERLOCKING STEEL PILES,One coat black high build isocyanate cured epoxy pitch (PC2) protective treatment applied all surfaces at shop to minimum dry film thickness up to 450 microns to steel piles,section reference AZ 12; pile area,m2,0,0,0,34.27,34.27,1,34.27,0.0
4159,CLASS P: PILES,07 INTERLOCKING STEEL PILES,One coat black high build isocyanate cured epoxy pitch (PC2) protective treatment applied all surfaces at shop to minimum dry film thickness up to 450 microns to steel piles,section reference AZ 17; pile area,m2,0,0,0,22.39,22.39,1,22.39,0.0
4160,CLASS P: PILES,07 INTERLOCKING STEEL PILES,One coat black high build isocyanate cured epoxy pitch (PC2) protective treatment applied all surfaces at shop to minimum dry film thickness up to 450 microns to steel piles,section reference AZ 26; pile area,m2,0,0,0,24.38,24.38,1,24.38,0.0
4161,CLASS P: PILES,07 INTERLOCKING STEEL PILES,One coat black high build isocyanate cured epoxy pitch (PC2) protective treatment applied all surfaces at shop to minimum dry film thickness up to 450 microns to steel piles,section reference AZ 36; pile area,m2,0,0,0,25.97,25.97,1,25.97,0.0
4162,CLASS P: PILES,07 INTERLOCKING STEEL PILES,One coat black high build isocyanate cured epoxy pitch (PC2) protective treatment applied all surfaces at shop to minimum dry film thickness up to 450 microns to steel piles,section reference AS 500-12; pile area,m2,0,0,0,42.47,42.47,1,42.47,0.0
4165,CLASS P: PILES,07 INTERLOCKING STEEL PILES,Arcelor Mittal U section steel piles; EN 10248 grade S270GP steel,driving of sheet piling,item,0,0,0,14994.56,14994.56,1,14994.56,0.0
4166,CLASS P: PILES,07 INTERLOCKING STEEL PILES,Arcelor Mittal U section steel piles; EN 10248 grade S270GP steel,extraction of sheet piling,item,0,0,0,4036.99,4036.99,1,4036.99,0.0
4167,CLASS P: PILES,07 INTERLOCKING STEEL PILES,Arcelor Mittal U section steel piles; EN 10248 grade S270GP steel,Standing time,hr,0,0,0,711.82,711.82,1,711.82,0.0
4169,CLASS P: PILES,07 INTERLOCKING STEEL PILES,Section modulus 500-800 cm3/m; section reference PU 6; mass 76.0 kg/m2; sectional modulus 600 cm3/m,driven area,m2,0,0,0,101.67,101.67,1,101.67,0.0
4170,CLASS P: PILES,07 INTERLOCKING STEEL PILES,Section modulus 500-800 cm3/m; section reference PU 6; mass 76.0 kg/m2; sectional modulus 600 cm3/m,area of piles of length 6-18 m,m2,0,0,0,148.46,148.46,1,148.46,0.0
4171,CLASS P: PILES,07 INTERLOCKING STEEL PILES,Section modulus 500-800 cm3/m; section reference PU 6; mass 76.0 kg/m2; sectional modulus 600 cm3/m,area of piles of length 18-24 m,m2,0,0,0,150.49,150.49,1,150.49,0.0
4173,CLASS P: PILES,07 INTERLOCKING STEEL PILES,Section modulus 800-1200 cm3/m; section reference PU 8; mass 90.9 kg/m2; sectional modulus 830 cm3/m,driven area,m2,0,0,0,91.47,91.47,1,91.47,0.0
4174,CLASS P: PILES,07 INTERLOCKING STEEL PILES,Section modulus 800-1200 cm3/m; section reference PU 8; mass 90.9 kg/m2; sectional modulus 830 cm3/m,area of piles of length 6-18 m,m2,0,0,0,148.46,148.46,1,148.46,0.0
4175,CLASS P: PILES,07 INTERLOCKING STEEL PILES,Section modulus 800-1200 cm3/m; section reference PU 8; mass 90.9 kg/m2; sectional modulus 830 cm3/m,area of piles of length 18-24 m,m2,0,0,0,150.49,150.49,1,150.49,0.0
4176,CLASS P: PILES,07 INTERLOCKING STEEL PILES,Section modulus 800-1200 cm3/m; section reference PU 8; mass 90.9 kg/m2; sectional modulus 830 cm3/m,area of piles of length 18-24 m,m2,0,0,0,150.49,150.49,1,150.49,0.0
4178,CLASS P: PILES,07 INTERLOCKING STEEL PILES,Section modulus 1200-2000 cm3/m; section reference PU 12; mass 110.1 kg/m2; sectional modulus 1200 cm3/m,driven area,m2,0,0,0,78.3,78.3,1,78.3,0.0
4179,CLASS P: PILES,07 INTERLOCKING STEEL PILES,Section modulus 1200-2000 cm3/m; section reference PU 12; mass 110.1 kg/m2; sectional modulus 1200 cm3/m,area of piles of length 6-18 m,m2,0,0,0,148.46,148.46,1,148.46,0.0
4180,CLASS P: PILES,07 INTERLOCKING STEEL PILES,Section modulus 1200-2000 cm3/m; section reference PU 12; mass 110.1 kg/m2; sectional modulus 1200 cm3/m,area of piles of length 18-24 m,m2,0,0,0,150.49,150.49,1,150.49,0.0
4182,CLASS P: PILES,07 INTERLOCKING STEEL PILES,Section modulus 1200-2000 cm3/m; section reference PU 18; mass 128.2 kg/m2; sectional modulus 1800 cm3/m,driven area,m2,0,0,0,71.19,71.19,1,71.19,0.0
4183,CLASS P: PILES,07 INTERLOCKING STEEL PILES,Section modulus 1200-2000 cm3/m; section reference PU 18; mass 128.2 kg/m2; sectional modulus 1800 cm3/m,area of piles of length 6-18 m,m2,0,0,0,148.46,148.46,1,148.46,0.0
4184,CLASS P: PILES,07 INTERLOCKING STEEL PILES,Section modulus 1200-2000 cm3/m; section reference PU 18; mass 128.2 kg/m2; sectional modulus 1800 cm3/m,area of piles of length 18-24 m,m2,0,0,0,150.49,150.49,1,150.49,0.0
4186,CLASS P: PILES,07 INTERLOCKING STEEL PILES,Section modulus 2000-3000 cm3/m; section reference PU 22; mass 143.6 kg/m2; sectional modulus 2200 cm3/m,driven area,m2,0,0,0,64.07,64.07,1,64.07,0.0
4187,CLASS P: PILES,07 INTERLOCKING STEEL PILES,Section modulus 2000-3000 cm3/m; section reference PU 22; mass 143.6 kg/m2; sectional modulus 2200 cm3/m,area of piles of length 6-18 m,m2,0,0,0,148.46,148.46,1,148.46,0.0
4188,CLASS P: PILES,07 INTERLOCKING STEEL PILES,Section modulus 2000-3000 cm3/m; section reference PU 22; mass 143.6 kg/m2; sectional modulus 2200 cm3/m,area of piles of length 18-24 m,m2,0,0,0,150.49,150.49,1,150.49,0.0
4190,CLASS P: PILES,07 INTERLOCKING STEEL PILES,Section modulus 3000-4000 cm3/m; section reference PU 32; mass 190.2 kg/m2; sectional modulus 3200 cm3/m,driven area,m2,0,0,0,55.77,55.77,1,55.77,0.0
4191,CLASS P: PILES,07 INTERLOCKING STEEL PILES,Section modulus 3000-4000 cm3/m; section reference PU 32; mass 190.2 kg/m2; sectional modulus 3200 cm3/m,area of piles of length 6-18 m,m2,0,0,0,148.46,148.46,1,148.46,0.0
4192,CLASS P: PILES,07 INTERLOCKING STEEL PILES,Section modulus 3000-4000 cm3/m; section reference PU 32; mass 190.2 kg/m2; sectional modulus 3200 cm3/m,area of piles of length 18-24 m,m2,0,0,0,150.49,150.49,1,150.49,0.0
4194,CLASS P: PILES,07 INTERLOCKING STEEL PILES,One coat black tar vinyl (PC1) protective treatment applied all surfaces at shop to minimum dry film thickness up to 150 microns to steel piles,section reference PU 6; pile area,m2,0,0,0,31.8,31.8,1,31.8,0.0
4195,CLASS P: PILES,07 INTERLOCKING STEEL PILES,One coat black tar vinyl (PC1) protective treatment applied all surfaces at shop to minimum dry film thickness up to 150 microns to steel piles,section reference PU 8; pile area,m2,0,0,0,21.47,21.47,1,21.47,0.0
4196,CLASS P: PILES,07 INTERLOCKING STEEL PILES,One coat black tar vinyl (PC1) protective treatment applied all surfaces at shop to minimum dry film thickness up to 150 microns to steel piles,section reference PU 12; pile area,m2,0,0,0,21.47,21.47,1,21.47,0.0
4197,CLASS P: PILES,07 INTERLOCKING STEEL PILES,One coat black tar vinyl (PC1) protective treatment applied all surfaces at shop to minimum dry film thickness up to 150 microns to steel piles,section reference PU 18; pile area,m2,0,0,0,36.35,36.35,1,36.35,0.0
4198,CLASS P: PILES,07 INTERLOCKING STEEL PILES,One coat black tar vinyl (PC1) protective treatment applied all surfaces at shop to minimum dry film thickness up to 150 microns to steel piles,section reference PU 22; pile area,m2,0,0,0,37.7,37.7,1,37.7,0.0
4199,CLASS P: PILES,07 INTERLOCKING STEEL PILES,One coat black tar vinyl (PC1) protective treatment applied all surfaces at shop to minimum dry film thickness up to 150 microns to steel piles,section reference PU 32; pile area,m2,0,0,0,38.24,38.24,1,38.24,0.0
4201,CLASS P: PILES,07 INTERLOCKING STEEL PILES,One coat black high build isocyanate cured epoxy pitch (PC2) protective treatment applied all surfaces at shop to minimum dry film thickness up to 450 microns to steel piles,section reference PU 6; pile area,m2,0,0,0,31.8,31.8,1,31.8,0.0
4202,CLASS P: PILES,07 INTERLOCKING STEEL PILES,One coat black high build isocyanate cured epoxy pitch (PC2) protective treatment applied all surfaces at shop to minimum dry film thickness up to 450 microns to steel piles,section reference PU 8; pile area,m2,0,0,0,21.47,21.47,1,21.47,0.0
4203,CLASS P: PILES,07 INTERLOCKING STEEL PILES,One coat black high build isocyanate cured epoxy pitch (PC2) protective treatment applied all surfaces at shop to minimum dry film thickness up to 450 microns to steel piles,section reference PU 12; pile area,m2,0,0,0,21.47,21.47,1,21.47,0.0
4204,CLASS P: PILES,07 INTERLOCKING STEEL PILES,One coat black high build isocyanate cured epoxy pitch (PC2) protective treatment applied all surfaces at shop to minimum dry film thickness up to 450 microns to steel piles,section reference PU 18; pile area,m2,0,0,0,36.35,36.35,1,36.35,0.0
4205,CLASS P: PILES,07 INTERLOCKING STEEL PILES,One coat black high build isocyanate cured epoxy pitch (PC2) protective treatment applied all surfaces at shop to minimum dry film thickness up to 450 microns to steel piles,section reference PU 22; pile area,m2,0,0,0,37.7,37.7,1,37.7,0.0
4206,CLASS P: PILES,07 INTERLOCKING STEEL PILES,One coat black high build isocyanate cured epoxy pitch (PC2) protective treatment applied all surfaces at shop to minimum dry film thickness up to 450 microns to steel piles,section reference PU 32; pile area,m2,0,0,0,38.24,38.24,1,38.24,0.0
4210,CLASS Q: PILING ANCILLARIES,01 CAST IN PLACE CONCRETE PILES,Bored; lorry/crawler mounted rotary rig,Backfilling empty bore with selected excavated material dia. 500 mm,m,4.22,0.43,3.73,0,8.38,14,8.37,0.01
4211,CLASS Q: PILING ANCILLARIES,01 CAST IN PLACE CONCRETE PILES,Bored; lorry/crawler mounted rotary rig,Permanent casings; each length not exceeding 13 m dia. 500 mm,m,98.02,9.76,86.55,0,194.33,10,194.34,-0.01
4212,CLASS Q: PILING ANCILLARIES,01 CAST IN PLACE CONCRETE PILES,Bored; lorry/crawler mounted rotary rig,Permanent casings; each length exceeding 13 m dia. 500 mm,m,104.6,10.42,92.34,0,207.36,10,207.34,0.02
4213,CLASS Q: PILING ANCILLARIES,01 CAST IN PLACE CONCRETE PILES,Bored; lorry/crawler mounted rotary rig,Enlarged bases dia. 1500 mm; to 500 mm dia. pile,nr,326.82,32.55,288.54,0,647.91,10,647.91,0.0
4214,CLASS Q: PILING ANCILLARIES,01 CAST IN PLACE CONCRETE PILES,Bored; lorry/crawler mounted rotary rig,Cutting off surplus lengths dia. 500 mm,m,32.16,3.2,28.4,0,63.76,10,63.77,-0.01
4215,CLASS Q: PILING ANCILLARIES,01 CAST IN PLACE CONCRETE PILES,Bored; lorry/crawler mounted rotary rig,Preparing heads 500 mm dia.,nr,46.81,4.67,41.33,0,92.81,10,92.8,0.01
4217,CLASS Q: PILING ANCILLARIES,01 CAST IN PLACE CONCRETE PILES,Bored; continuous flight auger; Backfilling empty bore with selected excavated material,450 mm dia. piles,m,3.32,0.32,2.94,0,6.58,14,6.59,-0.01
4218,CLASS Q: PILING ANCILLARIES,01 CAST IN PLACE CONCRETE PILES,Bored; continuous flight auger; Backfilling empty bore with selected excavated material,600 mm dia. piles,m,4.55,0.45,4.01,0,9.01,14,9.02,-0.01
4219,CLASS Q: PILING ANCILLARIES,01 CAST IN PLACE CONCRETE PILES,Bored; continuous flight auger; Backfilling empty bore with selected excavated material,750 mm dia. piles,m,4.96,0.49,4.39,0,9.84,14,9.83,0.01
4221,CLASS Q: PILING ANCILLARIES,01 CAST IN PLACE CONCRETE PILES,Permanent casings; each length not exceeding 13 m,450 mm dia. piles,m,86.46,8.62,76.34,0,171.42,10,171.43,-0.01
4222,CLASS Q: PILING ANCILLARIES,01 CAST IN PLACE CONCRETE PILES,Permanent casings; each length not exceeding 13 m,600 mm dia. piles,m,117.64,11.71,103.87,0,233.22,10,233.22,0.0
4223,CLASS Q: PILING ANCILLARIES,01 CAST IN PLACE CONCRETE PILES,Permanent casings; each length not exceeding 13 m,750 mm dia. piles,m,150.35,14.98,132.74,0,298.07,10,298.07,0.0
4225,CLASS Q: PILING ANCILLARIES,01 CAST IN PLACE CONCRETE PILES,Permanent casings; each length exceeding 13 m,450 mm dia. piles,m,84.95,8.46,75.01,0,168.42,10,168.42,0.0
4226,CLASS Q: PILING ANCILLARIES,01 CAST IN PLACE CONCRETE PILES,Permanent casings; each length exceeding 13 m,600 mm dia. piles,m,124.82,12.44,110.2,0,247.46,10,247.46,0.0
4227,CLASS Q: PILING ANCILLARIES,01 CAST IN PLACE CONCRETE PILES,Permanent casings; each length exceeding 13 m,750 mm dia. piles,m,150.35,14.98,132.74,0,298.07,10,298.07,0.0
4229,CLASS Q: PILING ANCILLARIES,01 CAST IN PLACE CONCRETE PILES,Enlarged bases,dia. 1400 mm; to 450 mm dia. piles,nr,300.66,29.94,265.44,0,596.04,10,596.04,0.0
4230,CLASS Q: PILING ANCILLARIES,01 CAST IN PLACE CONCRETE PILES,Enlarged bases,dia. 1800 mm; to 600 mm dia. piles,nr,366.02,36.46,323.15,0,725.63,10,725.63,0.0
4231,CLASS Q: PILING ANCILLARIES,01 CAST IN PLACE CONCRETE PILES,Enlarged bases,dia. 2100 mm; to 750 mm dia. piles,nr,411.79,41.02,363.54,0,816.35,10,816.35,0.0
4233,CLASS Q: PILING ANCILLARIES,01 CAST IN PLACE CONCRETE PILES,Bored; continuous flight auger; Cutting off surplus lengths,450 mm dia. piles,m,28.09,2.8,24.79,0,55.68,10,55.67,0.01
4234,CLASS Q: PILING ANCILLARIES,01 CAST IN PLACE CONCRETE PILES,Bored; continuous flight auger; Cutting off surplus lengths,600 mm dia. piles,m,39.8,3.97,35.13,0,78.9,10,78.89,0.01
4235,CLASS Q: PILING ANCILLARIES,01 CAST IN PLACE CONCRETE PILES,Bored; continuous flight auger; Cutting off surplus lengths,750 mm dia. piles,m,47.39,4.73,41.84,0,93.96,10,93.96,0.0
4237,CLASS Q: PILING ANCILLARIES,01 CAST IN PLACE CONCRETE PILES,Preparing heads,450 mm dia. piles,nr,29.84,2.98,26.35,0,59.17,10,59.15,0.02
4238,CLASS Q: PILING ANCILLARIES,01 CAST IN PLACE CONCRETE PILES,Preparing heads,600 mm dia. piles,nr,52.64,5.24,46.48,0,104.36,10,104.37,-0.01
4239,CLASS Q: PILING ANCILLARIES,01 CAST IN PLACE CONCRETE PILES,Preparing heads,750 mm dia. piles,nr,71.37,7.12,63.02,0,141.51,10,141.51,0.0
4240,CLASS Q: PILING ANCILLARIES,01 CAST IN PLACE CONCRETE PILES,Preparing heads,Collection from around pile heads of spoil accruing from piling operations and depositing in spoil heaps (For final disposal see Class E - Excavation Ancillaries),m3,3.51,0.36,3.09,0,6.96,10,6.94,0.02
4243,CLASS Q: PILING ANCILLARIES,01 CAST IN PLACE CONCRETE PILES,Plain round mild steel bars to BS 4449; Bars; supplied in straight lengths,6 mm nominal size,tonne,2115.79,227.22,1189.26,0,3532.27,10,3532.26,0.01
4244,CLASS Q: PILING ANCILLARIES,01 CAST IN PLACE CONCRETE PILES,Plain round mild steel bars to BS 4449; Bars; supplied in straight lengths,8 mm nominal size,tonne,1782.55,191.43,1189.26,0,3163.24,10,3163.24,0.0
4245,CLASS Q: PILING ANCILLARIES,01 CAST IN PLACE CONCRETE PILES,Plain round mild steel bars to BS 4449; Bars; supplied in straight lengths,10 mm nominal size,tonne,1782.55,191.43,1189.22,0,3163.2,10,3163.21,-0.01
4246,CLASS Q: PILING ANCILLARIES,01 CAST IN PLACE CONCRETE PILES,Plain round mild steel bars to BS 4449; Bars; supplied in straight lengths,12 mm nominal size,tonne,1782.55,191.43,1189.22,0,3163.2,10,3163.21,-0.01
4247,CLASS Q: PILING ANCILLARIES,01 CAST IN PLACE CONCRETE PILES,Plain round mild steel bars to BS 4449; Bars; supplied in straight lengths,16 mm nominal size,tonne,1626.52,174.69,1189.22,0,2990.43,10,2990.42,0.01
4248,CLASS Q: PILING ANCILLARIES,01 CAST IN PLACE CONCRETE PILES,Plain round mild steel bars to BS 4449; Bars; supplied in straight lengths,20 mm nominal size,tonne,1174.25,126.11,1189.22,0,2489.58,10,2489.59,-0.01
4249,CLASS Q: PILING ANCILLARIES,01 CAST IN PLACE CONCRETE PILES,Plain round mild steel bars to BS 4449; Bars; supplied in straight lengths,25 mm nominal size,tonne,1174.25,126.11,1189.22,0,2489.58,10,2489.59,-0.01
4250,CLASS Q: PILING ANCILLARIES,01 CAST IN PLACE CONCRETE PILES,Plain round mild steel bars to BS 4449; Bars; supplied in straight lengths,32 mm nominal size,tonne,1174.25,126.11,1189.22,0,2489.58,10,2489.59,-0.01
4251,CLASS Q: PILING ANCILLARIES,01 CAST IN PLACE CONCRETE PILES,Plain round mild steel bars to BS 4449; Bars; supplied in straight lengths,40 mm nominal size,tonne,1174.25,126.11,1189.22,0,2489.58,10,2489.59,-0.01
4253,CLASS Q: PILING ANCILLARIES,01 CAST IN PLACE CONCRETE PILES,"Helical bars, nominal size",6 mm,t,2115.79,227.22,1259.35,0,3602.36,10,3602.35,0.01
4254,CLASS Q: PILING ANCILLARIES,01 CAST IN PLACE CONCRETE PILES,"Helical bars, nominal size",8 mm,t,1782.55,191.43,1259.35,0,3233.33,10,3233.34,-0.01
4255,CLASS Q: PILING ANCILLARIES,01 CAST IN PLACE CONCRETE PILES,"Helical bars, nominal size",10 mm,t,1782.55,191.43,1258.59,0,3232.57,10,3232.58,-0.01
4256,CLASS Q: PILING ANCILLARIES,01 CAST IN PLACE CONCRETE PILES,"Helical bars, nominal size",12 mm,t,1782.55,191.43,1259.35,0,3233.33,10,3233.34,-0.01
4258,CLASS Q: PILING ANCILLARIES,01 CAST IN PLACE CONCRETE PILES,"Reinforcement; high tensile steel; Straight bars, nominal size",6 mm,t,2221.58,227.22,1345.66,0,3794.46,10,3794.45,0.01
4259,CLASS Q: PILING ANCILLARIES,01 CAST IN PLACE CONCRETE PILES,"Reinforcement; high tensile steel; Straight bars, nominal size",8 mm,t,1871.67,191.43,1345.65,0,3408.75,10,3408.76,-0.01
4260,CLASS Q: PILING ANCILLARIES,01 CAST IN PLACE CONCRETE PILES,"Reinforcement; high tensile steel; Straight bars, nominal size",10 mm,t,1871.67,191.43,1345.66,0,3408.76,10,3408.77,-0.01
4261,CLASS Q: PILING ANCILLARIES,01 CAST IN PLACE CONCRETE PILES,"Reinforcement; high tensile steel; Straight bars, nominal size",12 mm,t,1871.67,191.43,1345.66,0,3408.76,10,3408.77,-0.01
4262,CLASS Q: PILING ANCILLARIES,01 CAST IN PLACE CONCRETE PILES,"Reinforcement; high tensile steel; Straight bars, nominal size",16 mm,t,1232.98,126.11,1345.66,0,2704.75,10,2704.75,0.0
4263,CLASS Q: PILING ANCILLARIES,01 CAST IN PLACE CONCRETE PILES,"Reinforcement; high tensile steel; Straight bars, nominal size",25 mm,t,1232.98,126.11,1345.66,0,2704.75,10,2704.75,0.0
4264,CLASS Q: PILING ANCILLARIES,01 CAST IN PLACE CONCRETE PILES,"Reinforcement; high tensile steel; Straight bars, nominal size",32 mm,t,1232.98,126.11,1345.66,0,2704.75,10,2704.75,0.0
4265,CLASS Q: PILING ANCILLARIES,01 CAST IN PLACE CONCRETE PILES,"Reinforcement; high tensile steel; Straight bars, nominal size",50 mm,t,1232.98,126.11,1345.66,0,2704.75,10,2704.75,0.0
4267,CLASS Q: PILING ANCILLARIES,01 CAST IN PLACE CONCRETE PILES,"Helical bars, nominal size (high tensile steel)",6 mm,t,2221.58,227.22,1508.75,0,3957.55,10,3957.53,0.02
4268,CLASS Q: PILING ANCILLARIES,01 CAST IN PLACE CONCRETE PILES,"Helical bars, nominal size (high tensile steel)",8 mm,t,1871.67,191.43,1652.43,0,3715.53,10,3715.54,-0.01
4269,CLASS Q: PILING ANCILLARIES,01 CAST IN PLACE CONCRETE PILES,"Helical bars, nominal size (high tensile steel)",10 mm,t,1871.67,191.43,1652.43,0,3715.53,10,3715.54,-0.01
4270,CLASS Q: PILING ANCILLARIES,01 CAST IN PLACE CONCRETE PILES,"Helical bars, nominal size (high tensile steel)",12 mm,t,1871.67,191.43,1652.46,0,3715.56,10,3715.56,0.0
4272,CLASS Q: PILING ANCILLARIES,01 CAST IN PLACE CONCRETE PILES,Couplers; Lenton type A; threaded ends on reinforcing bars,12 mm,nr,26.46,0,16.41,0,42.87,6,42.86,0.01
4273,CLASS Q: PILING ANCILLARIES,01 CAST IN PLACE CONCRETE PILES,Couplers; Lenton type A; threaded ends on reinforcing bars,16 mm,nr,26.46,0,19.39,0,45.85,6,45.84,0.01
4274,CLASS Q: PILING ANCILLARIES,01 CAST IN PLACE CONCRETE PILES,Couplers; Lenton type A; threaded ends on reinforcing bars,20 mm,nr,26.46,0,28.73,0,55.19,6,55.18,0.01
4275,CLASS Q: PILING ANCILLARIES,01 CAST IN PLACE CONCRETE PILES,Couplers; Lenton type A; threaded ends on reinforcing bars,25 mm,nr,26.46,0,39.64,0,66.1,6,66.09,0.01
4276,CLASS Q: PILING ANCILLARIES,01 CAST IN PLACE CONCRETE PILES,Couplers; Lenton type A; threaded ends on reinforcing bars,32 mm,nr,26.46,0,53.44,0,79.9,6,79.89,0.01
4277,CLASS Q: PILING ANCILLARIES,01 CAST IN PLACE CONCRETE PILES,Couplers; Lenton type A; threaded ends on reinforcing bars,40 mm,nr,26.46,0,74.26,0,100.72,6,100.71,0.01
4279,CLASS Q: PILING ANCILLARIES,01 CAST IN PLACE CONCRETE PILES,Couplers; Lenton type B; threaded ends on reinforcing bars,12 mm,nr,26.46,0,51.87,0,78.33,6,78.32,0.01
4280,CLASS Q: PILING ANCILLARIES,01 CAST IN PLACE CONCRETE PILES,Couplers; Lenton type B; threaded ends on reinforcing bars,16 mm,nr,26.46,0,60.33,0,86.79,6,86.78,0.01
4281,CLASS Q: PILING ANCILLARIES,01 CAST IN PLACE CONCRETE PILES,Couplers; Lenton type B; threaded ends on reinforcing bars,20 mm,nr,26.46,0,65.72,0,92.18,6,92.17,0.01
4282,CLASS Q: PILING ANCILLARIES,01 CAST IN PLACE CONCRETE PILES,Couplers; Lenton type B; threaded ends on reinforcing bars,25 mm,nr,26.46,0,77.17,0,103.63,6,103.62,0.01
4283,CLASS Q: PILING ANCILLARIES,01 CAST IN PLACE CONCRETE PILES,Couplers; Lenton type B; threaded ends on reinforcing bars,32 mm,nr,26.46,0,103.75,0,130.21,6,130.2,0.01
4284,CLASS Q: PILING ANCILLARIES,01 CAST IN PLACE CONCRETE PILES,Couplers; Lenton type B; threaded ends on reinforcing bars,40 mm,nr,23.8,0,153.03,0,176.83,6,176.83,0.0
4287,CLASS Q: PILING ANCILLARIES,03 PREFORMED CONCRETE PILES,General; Preparing heads,235 x 235 mm piles,nr,22.92,5.92,34.98,0,63.82,10,63.83,-0.01
4288,CLASS Q: PILING ANCILLARIES,03 PREFORMED CONCRETE PILES,General; Preparing heads,275 x 275 mm piles,nr,31.31,8.1,47.81,0,87.22,10,87.22,0.0
4289,CLASS Q: PILING ANCILLARIES,03 PREFORMED CONCRETE PILES,General; Preparing heads,350 x 350 mm piles,nr,48.5,12.55,74.03,0,135.08,10,135.07,0.01
4292,CLASS Q: PILING ANCILLARIES,04 TIMBER PILES,Douglas Fir; Cutting off surplus lengths,cross-sectional area: 0.025-0.05 m2,nr,2.1,0.54,3.2,0,5.84,11,5.84,0.0
4293,CLASS Q: PILING ANCILLARIES,04 TIMBER PILES,Douglas Fir; Cutting off surplus lengths,cross-sectional area: 0.05-0.1 m2,nr,3.61,0.93,5.52,0,10.06,11,10.06,0.0
4294,CLASS Q: PILING ANCILLARIES,04 TIMBER PILES,Douglas Fir; Cutting off surplus lengths,cross-sectional area: 0.1-0.15 m2,nr,4.67,1.21,7.13,0,13.01,11,13.01,0.0
4295,CLASS Q: PILING ANCILLARIES,04 TIMBER PILES,Douglas Fir; Cutting off surplus lengths,cross-sectional area: 0.15-0.25 m2,nr,9.13,2.36,13.94,0,25.43,11,25.43,0.0
4297,CLASS Q: PILING ANCILLARIES,04 TIMBER PILES,Douglas Fir; Preparing heads,cross-sectional area: 0.025-0.05 m2,nr,2.1,0.54,3.2,0,5.84,11,5.84,0.0
4298,CLASS Q: PILING ANCILLARIES,04 TIMBER PILES,Douglas Fir; Preparing heads,cross-sectional area: 0.05-0.1 m2,nr,3.61,0.93,5.52,0,10.06,11,10.06,0.0
4299,CLASS Q: PILING ANCILLARIES,04 TIMBER PILES,Douglas Fir; Preparing heads,cross-sectional area: 0.1-0.15 m2,nr,4.67,1.21,7.13,0,13.01,11,13.01,0.0
4300,CLASS Q: PILING ANCILLARIES,04 TIMBER PILES,Douglas Fir; Preparing heads,cross-sectional area: 0.15-0.25 m2,nr,9.13,2.36,13.94,0,25.43,11,25.43,0.0
4302,CLASS Q: PILING ANCILLARIES,04 TIMBER PILES,Greenheart; Cutting off surplus lengths,cross-sectional area: 0.025-0.05 m2,nr,7.62,1.97,11.61,0,21.2,11,21.19,0.01
4303,CLASS Q: PILING ANCILLARIES,04 TIMBER PILES,Greenheart; Cutting off surplus lengths,cross-sectional area: 0.05-0.1 m2,nr,7.62,1.97,11.61,0,21.2,11,21.19,0.01
4304,CLASS Q: PILING ANCILLARIES,04 TIMBER PILES,Greenheart; Cutting off surplus lengths,cross-sectional area: 0.1-0.15 m2,nr,9.52,2.47,14.54,0,26.53,11,26.53,0.0
4305,CLASS Q: PILING ANCILLARIES,04 TIMBER PILES,Greenheart; Cutting off surplus lengths,cross-sectional area: 0.15-0.25 m2,nr,17.13,4.43,26.16,0,47.72,11,47.72,0.0
4307,CLASS Q: PILING ANCILLARIES,04 TIMBER PILES,Greenheart; Preparing heads,cross-sectional area: 0.025-0.05 m2,nr,7.62,1.97,11.61,0,21.2,11,21.19,0.01
4308,CLASS Q: PILING ANCILLARIES,04 TIMBER PILES,Greenheart; Preparing heads,cross-sectional area: 0.05-0.1 m2,nr,7.62,1.97,11.61,0,21.2,11,21.19,0.01
4309,CLASS Q: PILING ANCILLARIES,04 TIMBER PILES,Greenheart; Preparing heads,cross-sectional area: 0.1-0.15 m2,nr,9.52,2.47,14.54,0,26.53,11,26.53,0.0
4310,CLASS Q: PILING ANCILLARIES,04 TIMBER PILES,Greenheart; Preparing heads,cross-sectional area: 0.15-0.25 m2,nr,17.13,4.43,26.16,0,47.72,11,47.72,0.0
4316,CLASS Q: PILING ANCILLARIES,05 ISOLATED STEEL PILES,Number of pile extensions,at each position,nr,0,122.49,0,0,122.49,9,122.49,0.0
4318,CLASS Q: PILING ANCILLARIES,05 ISOLATED STEEL PILES,"Length of pile extensions, each length not exceeding 3 m; steel EN 10025 grade S275",mass 45 kg/m,m,0,107.58,0,0,107.58,9,107.57,0.01
4319,CLASS Q: PILING ANCILLARIES,05 ISOLATED STEEL PILES,"Length of pile extensions, each length not exceeding 3 m; steel EN 10025 grade S275",mass 54 kg/m,m,0,129.08,0,0,129.08,9,129.09,-0.01
4320,CLASS Q: PILING ANCILLARIES,05 ISOLATED STEEL PILES,"Length of pile extensions, each length not exceeding 3 m; steel EN 10025 grade S275",mass 63 kg/m,m,0,150.6,0,0,150.6,9,150.6,0.0
4321,CLASS Q: PILING ANCILLARIES,05 ISOLATED STEEL PILES,"Length of pile extensions, each length not exceeding 3 m; steel EN 10025 grade S275",mass 71 kg/m,m,0,169.71,0,0,169.71,9,169.73,-0.02
4322,CLASS Q: PILING ANCILLARIES,05 ISOLATED STEEL PILES,"Length of pile extensions, each length not exceeding 3 m; steel EN 10025 grade S275",mass 79 kg/m,m,0,188.86,0,0,188.86,9,188.85,0.01
4323,CLASS Q: PILING ANCILLARIES,05 ISOLATED STEEL PILES,"Length of pile extensions, each length not exceeding 3 m; steel EN 10025 grade S275",mass 85 kg/m,m,0,203.2,0,0,203.2,9,203.18,0.02
4324,CLASS Q: PILING ANCILLARIES,05 ISOLATED STEEL PILES,"Length of pile extensions, each length not exceeding 3 m; steel EN 10025 grade S275",mass 95 kg/m,m,0,227.11,0,0,227.11,9,227.1,0.01
4325,CLASS Q: PILING ANCILLARIES,05 ISOLATED STEEL PILES,"Length of pile extensions, each length not exceeding 3 m; steel EN 10025 grade S275",mass 109 kg/m,m,0,264.25,0,0,264.25,9,264.25,0.0
4326,CLASS Q: PILING ANCILLARIES,05 ISOLATED STEEL PILES,"Length of pile extensions, each length not exceeding 3 m; steel EN 10025 grade S275",mass 110 kg/m,m,0,262.95,0,0,262.95,9,262.95,0.0
4327,CLASS Q: PILING ANCILLARIES,05 ISOLATED STEEL PILES,"Length of pile extensions, each length not exceeding 3 m; steel EN 10025 grade S275",mass 126 kg/m,m,0,301.22,0,0,301.22,9,301.2,0.02
4328,CLASS Q: PILING ANCILLARIES,05 ISOLATED STEEL PILES,"Length of pile extensions, each length not exceeding 3 m; steel EN 10025 grade S275",mass 133 kg/m,m,0,322.44,0,0,322.44,9,322.44,0.0
4329,CLASS Q: PILING ANCILLARIES,05 ISOLATED STEEL PILES,"Length of pile extensions, each length not exceeding 3 m; steel EN 10025 grade S275",mass 149 kg/m,m,0,356.17,0,0,356.17,9,356.18,-0.01
4330,CLASS Q: PILING ANCILLARIES,05 ISOLATED STEEL PILES,"Length of pile extensions, each length not exceeding 3 m; steel EN 10025 grade S275",mass 152 kg/m,m,0,368.51,0,0,368.51,9,368.5,0.01
4331,CLASS Q: PILING ANCILLARIES,05 ISOLATED STEEL PILES,"Length of pile extensions, each length not exceeding 3 m; steel EN 10025 grade S275",mass 174 kg/m,m,0,421.83,0,0,421.83,9,421.84,-0.01
4332,CLASS Q: PILING ANCILLARIES,05 ISOLATED STEEL PILES,"Length of pile extensions, each length not exceeding 3 m; steel EN 10025 grade S275",mass 186 kg/m,m,0,444.63,0,0,444.63,9,444.63,0.0
4333,CLASS Q: PILING ANCILLARIES,05 ISOLATED STEEL PILES,"Length of pile extensions, each length not exceeding 3 m; steel EN 10025 grade S275",mass 223 kg/m,m,0,533.06,0,0,533.06,9,533.07,-0.01
4335,CLASS Q: PILING ANCILLARIES,05 ISOLATED STEEL PILES,"Length of pile extensions, each length exceeding 3 m; steel EN 10025 grade S275",mass 45 kg/m,m,0,107.58,0,0,107.58,9,107.57,0.01
4336,CLASS Q: PILING ANCILLARIES,05 ISOLATED STEEL PILES,"Length of pile extensions, each length exceeding 3 m; steel EN 10025 grade S275",mass 54 kg/m,m,0,129.08,0,0,129.08,9,129.09,-0.01
4337,CLASS Q: PILING ANCILLARIES,05 ISOLATED STEEL PILES,"Length of pile extensions, each length exceeding 3 m; steel EN 10025 grade S275",mass 63 kg/m,m,0,150.6,0,0,150.6,9,150.6,0.0
4338,CLASS Q: PILING ANCILLARIES,05 ISOLATED STEEL PILES,"Length of pile extensions, each length exceeding 3 m; steel EN 10025 grade S275",mass 71 kg/m,m,0,169.71,0,0,169.71,9,169.73,-0.02
4339,CLASS Q: PILING ANCILLARIES,05 ISOLATED STEEL PILES,"Length of pile extensions, each length exceeding 3 m; steel EN 10025 grade S275",mass 79 kg/m,m,0,188.86,0,0,188.86,9,188.85,0.01
4340,CLASS Q: PILING ANCILLARIES,05 ISOLATED STEEL PILES,"Length of pile extensions, each length exceeding 3 m; steel EN 10025 grade S275",mass 85 kg/m,m,0,203.2,0,0,203.2,9,203.18,0.02
4341,CLASS Q: PILING ANCILLARIES,05 ISOLATED STEEL PILES,"Length of pile extensions, each length exceeding 3 m; steel EN 10025 grade S275",mass 95 kg/m,m,0,227.11,0,0,227.11,9,227.1,0.01
4342,CLASS Q: PILING ANCILLARIES,05 ISOLATED STEEL PILES,"Length of pile extensions, each length exceeding 3 m; steel EN 10025 grade S275",mass 109 kg/m,m,0,264.25,0,0,264.25,9,264.25,0.0
4343,CLASS Q: PILING ANCILLARIES,05 ISOLATED STEEL PILES,"Length of pile extensions, each length exceeding 3 m; steel EN 10025 grade S275",mass 110 kg/m,m,0,262.95,0,0,262.95,9,262.95,0.0
4344,CLASS Q: PILING ANCILLARIES,05 ISOLATED STEEL PILES,"Length of pile extensions, each length exceeding 3 m; steel EN 10025 grade S275",mass 126 kg/m,m,0,301.22,0,0,301.22,9,301.2,0.02
4345,CLASS Q: PILING ANCILLARIES,05 ISOLATED STEEL PILES,"Length of pile extensions, each length exceeding 3 m; steel EN 10025 grade S275",mass 133 kg/m,m,0,322.44,0,0,322.44,9,322.44,0.0
4346,CLASS Q: PILING ANCILLARIES,05 ISOLATED STEEL PILES,"Length of pile extensions, each length exceeding 3 m; steel EN 10025 grade S275",mass 149 kg/m,m,0,356.17,0,0,356.17,9,356.18,-0.01
4347,CLASS Q: PILING ANCILLARIES,05 ISOLATED STEEL PILES,"Length of pile extensions, each length exceeding 3 m; steel EN 10025 grade S275",mass 152 kg/m,m,0,368.51,0,0,368.51,9,368.5,0.01
4348,CLASS Q: PILING ANCILLARIES,05 ISOLATED STEEL PILES,"Length of pile extensions, each length exceeding 3 m; steel EN 10025 grade S275",mass 174 kg/m,m,0,421.83,0,0,421.83,9,421.84,-0.01
4349,CLASS Q: PILING ANCILLARIES,05 ISOLATED STEEL PILES,"Length of pile extensions, each length exceeding 3 m; steel EN 10025 grade S275",mass 186 kg/m,m,0,444.63,0,0,444.63,9,444.63,0.0
4350,CLASS Q: PILING ANCILLARIES,05 ISOLATED STEEL PILES,"Length of pile extensions, each length exceeding 3 m; steel EN 10025 grade S275",mass 223 kg/m,m,0,533.06,0,0,533.06,9,533.07,-0.01
4352,CLASS Q: PILING ANCILLARIES,05 ISOLATED STEEL PILES,Number of pile extensions,section size 203 x 203 x any kg/m,nr,0,418.32,0,0,418.32,9,418.33,-0.01
4353,CLASS Q: PILING ANCILLARIES,05 ISOLATED STEEL PILES,Number of pile extensions,section size 254 x 254 x any kg/m,nr,0,495.43,0,0,495.43,9,495.4,0.03
4354,CLASS Q: PILING ANCILLARIES,05 ISOLATED STEEL PILES,Number of pile extensions,section size 305 x 305 x any kg/m,nr,0,573.09,0,0,573.09,9,573.09,0.0
4355,CLASS Q: PILING ANCILLARIES,05 ISOLATED STEEL PILES,Number of pile extensions,section size 356 x 368 x any kg/m,nr,0,631.34,0,0,631.34,9,631.35,-0.01
4357,CLASS Q: PILING ANCILLARIES,05 ISOLATED STEEL PILES,Cutting off surplus lengths,mass 30-60 kg/m,nr,0,145.69,0,0,145.69,2,145.7,-0.01
4358,CLASS Q: PILING ANCILLARIES,05 ISOLATED STEEL PILES,Cutting off surplus lengths,mass 60-120 kg/m,nr,0,203.97,0,0,203.97,2,203.97,0.0
4359,CLASS Q: PILING ANCILLARIES,05 ISOLATED STEEL PILES,Cutting off surplus lengths,mass 120-250 kg/m,nr,0,281.69,0,0,281.69,2,281.7,-0.01
4361,CLASS Q: PILING ANCILLARIES,05 ISOLATED STEEL PILES,Burning off tops of piles to level,mass 30-60 kg/m,nr,0,145.69,0,0,145.69,9,145.7,-0.01
4362,CLASS Q: PILING ANCILLARIES,05 ISOLATED STEEL PILES,Burning off tops of piles to level,mass 60-120 kg/m,nr,0,203.96,0,0,203.96,9,203.97,-0.01
4363,CLASS Q: PILING ANCILLARIES,05 ISOLATED STEEL PILES,Burning off tops of piles to level,mass 120-250 kg/m,nr,0,281.69,0,0,281.69,9,281.7,-0.01
4369,CLASS Q: PILING ANCILLARIES,06 INTERLOCKING STEEL PILES,Number of pile extensions; Cutting off surplus lengths,section modulus 500-800 cm3/m,m,17.7,4.58,27.02,0,49.3,4,49.3,0.0
4370,CLASS Q: PILING ANCILLARIES,06 INTERLOCKING STEEL PILES,Number of pile extensions; Cutting off surplus lengths,section modulus 800-1200 cm3/m,m,18.06,4.67,27.56,0,50.29,4,50.3,-0.01
4371,CLASS Q: PILING ANCILLARIES,06 INTERLOCKING STEEL PILES,Number of pile extensions; Cutting off surplus lengths,section modulus 1200-2000 cm3/m,m,17.7,4.58,27.02,0,49.3,4,49.3,0.0
4372,CLASS Q: PILING ANCILLARIES,06 INTERLOCKING STEEL PILES,Number of pile extensions; Cutting off surplus lengths,section modulus 2000-3000 cm3/m,m,17.7,4.58,27.02,0,49.3,4,49.3,0.0
4373,CLASS Q: PILING ANCILLARIES,06 INTERLOCKING STEEL PILES,Number of pile extensions; Cutting off surplus lengths,section modulus 3000-4000 cm3/m,m,17.7,4.58,27.02,0,49.3,4,49.3,0.0
4375,CLASS Q: PILING ANCILLARIES,06 INTERLOCKING STEEL PILES,Extract piling and stacking on site,section modulus 500-800 cm3/m,m2,27.88,7.22,42.54,0,77.64,12,77.63,0.01
4376,CLASS Q: PILING ANCILLARIES,06 INTERLOCKING STEEL PILES,Extract piling and stacking on site,section modulus 800-1200 cm3/m,m2,13.93,3.59,21.27,0,38.79,12,38.8,-0.01
4377,CLASS Q: PILING ANCILLARIES,06 INTERLOCKING STEEL PILES,Extract piling and stacking on site,section modulus 1200-2000 cm3/m,m2,13.93,3.59,21.27,0,38.79,12,38.8,-0.01
4378,CLASS Q: PILING ANCILLARIES,06 INTERLOCKING STEEL PILES,Extract piling and stacking on site,section modulus 2000-3000 cm3/m,m2,13.93,3.59,21.27,0,38.79,12,38.8,-0.01
4379,CLASS Q: PILING ANCILLARIES,06 INTERLOCKING STEEL PILES,Extract piling and stacking on site,section modulus 3000-4000 cm3/m,m2,13.93,3.59,21.27,0,38.79,12,38.8,-0.01
4385,CLASS Q: PILING ANCILLARIES,06 INTERLOCKING STEEL PILES,Arcelor Mittal U section steel piles; Cutting off surplus lengths,section modulus 500-800 cm3/m,m,17.7,4.58,27.02,0,49.3,4,49.3,0.0
4386,CLASS Q: PILING ANCILLARIES,06 INTERLOCKING STEEL PILES,Arcelor Mittal U section steel piles; Cutting off surplus lengths,section modulus 800-1200 cm3/m,m,18.06,4.67,27.56,0,50.29,4,50.3,-0.01
4387,CLASS Q: PILING ANCILLARIES,06 INTERLOCKING STEEL PILES,Arcelor Mittal U section steel piles; Cutting off surplus lengths,section modulus 1200-2000 cm3/m,m,17.7,4.58,27.02,0,49.3,4,49.3,0.0
4388,CLASS Q: PILING ANCILLARIES,06 INTERLOCKING STEEL PILES,Arcelor Mittal U section steel piles; Cutting off surplus lengths,section modulus 2000-3000 cm3/m,m,17.7,4.58,27.02,0,49.3,4,49.3,0.0
4389,CLASS Q: PILING ANCILLARIES,06 INTERLOCKING STEEL PILES,Arcelor Mittal U section steel piles; Cutting off surplus lengths,section modulus 3000-4000 cm3/m,m,17.7,4.58,27.02,0,49.3,4,49.3,0.0
4391,CLASS Q: PILING ANCILLARIES,06 INTERLOCKING STEEL PILES,Extract piling and stack on site,section modulus 500-800 cm3/m,m2,13.93,3.59,21.27,0,38.79,12,38.8,-0.01
4392,CLASS Q: PILING ANCILLARIES,06 INTERLOCKING STEEL PILES,Extract piling and stack on site,section modulus 800-1200 cm3/m,m2,13.93,3.59,21.27,0,38.79,12,38.8,-0.01
4393,CLASS Q: PILING ANCILLARIES,06 INTERLOCKING STEEL PILES,Extract piling and stack on site,section modulus 800-1200 cm3/m PU12,m2,13.93,3.59,21.27,0,38.79,12,38.8,-0.01
4394,CLASS Q: PILING ANCILLARIES,06 INTERLOCKING STEEL PILES,Extract piling and stack on site,section modulus 800-1200 cm3/m PU18,m2,13.93,3.59,21.27,0,38.79,12,38.8,-0.01
4395,CLASS Q: PILING ANCILLARIES,06 INTERLOCKING STEEL PILES,Extract piling and stack on site,section modulus 2000-3000 cm3/m,m2,13.93,3.59,21.27,0,38.79,12,38.8,-0.01
4396,CLASS Q: PILING ANCILLARIES,06 INTERLOCKING STEEL PILES,Extract piling and stack on site,section modulus 3000-4000 cm3/m,m2,13.93,3.59,21.27,0,38.79,12,38.8,-0.01
4399,CLASS Q: PILING ANCILLARIES,07 OBSTRUCTIONS,General,Obstructions,hr,75.91,19.65,115.88,0,211.44,15,211.43,0.01
4402,CLASS Q: PILING ANCILLARIES,08 PILE TESTS,Cast in place; Pile tests; 500 mm dia. working pile; maximum test load of 600kN using non-working tension piles as reaction tripod,first pile,nr,0,0,0,11191.15,11191.15,1,11191.15,0.0
4403,CLASS Q: PILING ANCILLARIES,08 PILE TESTS,Cast in place; Pile tests; 500 mm dia. working pile; maximum test load of 600kN using non-working tension piles as reaction tripod,subsequent pile,nr,0,0,0,8493.54,8493.54,1,8493.54,0.0
4404,CLASS Q: PILING ANCILLARIES,08 PILE TESTS,Cast in place; Pile tests; 500 mm dia. working pile; maximum test load of 600kN using non-working tension piles as reaction tripod,Take and test undisturbed soil samples; tripod,nr,0,0,0,384.8,384.8,1,384.8,0.0
4405,CLASS Q: PILING ANCILLARIES,08 PILE TESTS,Cast in place; Pile tests; 500 mm dia. working pile; maximum test load of 600kN using non-working tension piles as reaction tripod,"Make, cure and test concrete cubes; tripod",nr,0,0,0,28.32,28.32,1,28.32,0.0
4407,CLASS Q: PILING ANCILLARIES,08 PILE TESTS,Pile tests; working pile; maximum test load of 1.5 times working load; first pile,450 mm / 650kN,nr,0,0,0,5443.09,5443.09,1,5443.09,0.0
4408,CLASS Q: PILING ANCILLARIES,08 PILE TESTS,Pile tests; working pile; maximum test load of 1.5 times working load; first pile,600 mm / 1400kN,nr,0,0,0,11414.67,11414.67,1,11414.67,0.0
4409,CLASS Q: PILING ANCILLARIES,08 PILE TESTS,Pile tests; working pile; maximum test load of 1.5 times working load; first pile,750 mm / 2200kN,nr,0,0,0,20582.82,20582.82,1,20582.82,0.0
4411,CLASS Q: PILING ANCILLARIES,08 PILE TESTS,Pile tests; working pile; maximum test load of 1.5 times working load; second and subsequent piles,450 mm / 650kN,nr,0,0,0,5073.17,5073.17,1,5073.17,0.0
4412,CLASS Q: PILING ANCILLARIES,08 PILE TESTS,Pile tests; working pile; maximum test load of 1.5 times working load; second and subsequent piles,600 mm / 1400kN,nr,0,0,0,10991.88,10991.88,1,10991.88,0.0
4413,CLASS Q: PILING ANCILLARIES,08 PILE TESTS,Pile tests; working pile; maximum test load of 1.5 times working load; second and subsequent piles,750 mm / 2200kN,nr,0,0,0,19806.29,19806.29,1,19806.29,0.0
4414,CLASS Q: PILING ANCILLARIES,08 PILE TESTS,Pile tests; working pile; maximum test load of 1.5 times working load; second and subsequent piles,Pile tests; working pile; electronic integrity testing; each pile (minimum 40 piles per visit),nr,0,0,0,2505.86,2505.86,1,2505.86,0.0
4415,CLASS Q: PILING ANCILLARIES,08 PILE TESTS,Pile tests; working pile; maximum test load of 1.5 times working load; second and subsequent piles,"Make, cure and test concrete cubes",nr,0,0,0,47.89,47.89,1,47.89,0.0
4417,CLASS Q: PILING ANCILLARIES,08 PILE TESTS,Preformed,Pile tests; working pile; maximum test load of 1.5 times working load,nr,0,0,0,9089.84,9089.84,1,9089.84,0.0
4418,CLASS Q: PILING ANCILLARIES,08 PILE TESTS,Preformed,Pile tests; working pile; dynamic testing with piling hammer,nr,0,0,0,606.0,606.0,1,606.0,0.0
4422,CLASS Q: PILING ANCILLARIES,08 PILE TESTS,Steel bearing piles,Establishment of pile testing equipment on site preliminary to any piling operation,item,0,0,0,3106.96,3106.96,1,3106.96,0.0
4423,CLASS Q: PILING ANCILLARIES,08 PILE TESTS,Steel bearing piles,Carry out pile test on bearing piles irrespective of section using pile testing equipment on site up to 108 t load,nr,0,0,0,10149.43,10149.43,1,10149.43,0.0
4425,CLASS Q: PILING ANCILLARIES,08 PILE TESTS,Driven-temporary casing; Pile tests; 430 mm dia. working pile; maximum test load of 1125kN using non-working tension piles as reaction; first piles,bottom driven,nr,0,0,0,7267.5,7267.5,1,7267.5,0.0
4426,CLASS Q: PILING ANCILLARIES,08 PILE TESTS,Driven-temporary casing; Pile tests; 430 mm dia. working pile; maximum test load of 1125kN using non-working tension piles as reaction; first piles,top driven,nr,0,0,0,5874.74,5874.74,1,5874.74,0.0
4428,CLASS Q: PILING ANCILLARIES,08 PILE TESTS,Pile tests; 430 mm dia. working pile; maximum test load of 1125kN using non-working tension piles as reaction; subsequent piles,bottom driven,nr,0,0,0,3037.07,3037.07,1,3037.07,0.0
4429,CLASS Q: PILING ANCILLARIES,08 PILE TESTS,Pile tests; 430 mm dia. working pile; maximum test load of 1125kN using non-working tension piles as reaction; subsequent piles,top driven,nr,0,0,0,3037.07,3037.07,1,3037.07,0.0
4430,CLASS Q: PILING ANCILLARIES,08 PILE TESTS,Pile tests; 430 mm dia. working pile; maximum test load of 1125kN using non-working tension piles as reaction; subsequent piles,Pile tests; working pile; electronic integrity testing; each pile (minimum 40 piles per visit),nr,0,0,0,28.45,28.45,1,28.45,0.0
4431,CLASS Q: PILING ANCILLARIES,08 PILE TESTS,Pile tests; 430 mm dia. working pile; maximum test load of 1125kN using non-working tension piles as reaction; subsequent piles,Make cure and test concrete cubes,nr,0,0,0,20.87,20.87,1,20.87,0.0
4433,CLASS Q: PILING ANCILLARIES,08 PILE TESTS,Driven - segmental casing; Pile tests; 500 mm dia. working pile; maximum test load of 600kN using non-working tension piles as reaction,first pile,nr,0,0,0,11947.06,11947.06,1,11947.06,0.0
4434,CLASS Q: PILING ANCILLARIES,08 PILE TESTS,Driven - segmental casing; Pile tests; 500 mm dia. working pile; maximum test load of 600kN using non-working tension piles as reaction,subsequent piles,nr,0,0,0,9082.56,9082.56,1,9082.56,0.0
4583,CLASS R: ROADS AND PAVINGS,01 UNBOUND SUB-BASE,Type 1 Unbound Mixtures; Subbase; spread and graded,75 mm thick,m3,11.23,9.56,113.41,0,134.2,7,134.19,0.01
4584,CLASS R: ROADS AND PAVINGS,01 UNBOUND SUB-BASE,Type 1 Unbound Mixtures; Subbase; spread and graded,110 mm thick,m3,11.23,9.56,131.15,0,151.94,7,151.93,0.01
4585,CLASS R: ROADS AND PAVINGS,01 UNBOUND SUB-BASE,Type 1 Unbound Mixtures; Subbase; spread and graded,150 mm thick,m3,11.23,9.56,142.48,0,163.27,7,163.27,0.0
4586,CLASS R: ROADS AND PAVINGS,01 UNBOUND SUB-BASE,Type 1 Unbound Mixtures; Subbase; spread and graded,200 mm thick,m3,11.23,9.56,153.5,0,174.29,7,174.28,0.01
4588,CLASS R: ROADS AND PAVINGS,01 UNBOUND SUB-BASE,"Type 2 Unbound Mixtures; Subbase, spread and graded",75 mm thick,m3,9.83,8.34,140.91,0,159.08,7,159.1,-0.02
4589,CLASS R: ROADS AND PAVINGS,01 UNBOUND SUB-BASE,"Type 2 Unbound Mixtures; Subbase, spread and graded",110 mm thick,m3,11.23,9.56,140.91,0,161.7,7,161.7,0.0
4590,CLASS R: ROADS AND PAVINGS,01 UNBOUND SUB-BASE,"Type 2 Unbound Mixtures; Subbase, spread and graded",150 mm thick,m3,12.64,10.74,140.91,0,164.29,7,164.3,-0.01
4591,CLASS R: ROADS AND PAVINGS,01 UNBOUND SUB-BASE,"Type 2 Unbound Mixtures; Subbase, spread and graded",200 mm thick,m3,14.05,11.94,140.91,0,166.9,7,166.89,0.01
4593,CLASS R: ROADS AND PAVINGS,01 UNBOUND SUB-BASE,Type 3 (open graded) Unbound Mixtures; Subbase; spread and graded,75 mm thick,m3,56.18,10.74,137.19,0,204.11,7,204.12,-0.01
4594,CLASS R: ROADS AND PAVINGS,01 UNBOUND SUB-BASE,Type 3 (open graded) Unbound Mixtures; Subbase; spread and graded,110 mm thick,m3,112.37,11.94,137.19,0,261.5,7,261.5,0.0
4595,CLASS R: ROADS AND PAVINGS,01 UNBOUND SUB-BASE,Type 3 (open graded) Unbound Mixtures; Subbase; spread and graded,150 mm thick,m3,112.37,12.0,160.62,0,284.99,7,284.98,0.01
4596,CLASS R: ROADS AND PAVINGS,01 UNBOUND SUB-BASE,Type 3 (open graded) Unbound Mixtures; Subbase; spread and graded,200 mm thick,m3,112.37,11.94,192.07,0,316.38,7,316.38,0.0
4598,CLASS R: ROADS AND PAVINGS,01 UNBOUND SUB-BASE,Category B (closed graded) Unbound Mixtures; Subbase; spread and graded,75 mm thick,m3,56.18,9.56,135.1,0,200.84,7,200.83,0.01
4599,CLASS R: ROADS AND PAVINGS,01 UNBOUND SUB-BASE,Category B (closed graded) Unbound Mixtures; Subbase; spread and graded,110 mm thick,m3,56.18,9.56,158.27,0,224.01,7,224.0,0.01
4600,CLASS R: ROADS AND PAVINGS,01 UNBOUND SUB-BASE,Category B (closed graded) Unbound Mixtures; Subbase; spread and graded,150 mm thick,m3,112.37,10.74,158.27,0,281.38,7,281.38,0.0
4601,CLASS R: ROADS AND PAVINGS,01 UNBOUND SUB-BASE,Category B (closed graded) Unbound Mixtures; Subbase; spread and graded,200 mm thick,m3,140.44,11.94,158.27,0,310.65,7,310.66,-0.01
4603,CLASS R: ROADS AND PAVINGS,01 UNBOUND SUB-BASE,Type 4 (asphalt arisings) Unbound Mixtures; Subbase; spread and graded,75 mm thick,m3,42.14,10.74,137.19,0,190.07,7,190.08,-0.01
4604,CLASS R: ROADS AND PAVINGS,01 UNBOUND SUB-BASE,Type 4 (asphalt arisings) Unbound Mixtures; Subbase; spread and graded,110 mm thick,m3,98.31,11.94,109.76,0,220.01,7,220.01,0.0
4605,CLASS R: ROADS AND PAVINGS,01 UNBOUND SUB-BASE,Type 4 (asphalt arisings) Unbound Mixtures; Subbase; spread and graded,150 mm thick,m3,98.31,11.94,123.48,0,233.73,7,233.73,0.0
4606,CLASS R: ROADS AND PAVINGS,01 UNBOUND SUB-BASE,Type 4 (asphalt arisings) Unbound Mixtures; Subbase; spread and graded,200 mm thick,m3,98.31,11.94,137.19,0,247.44,7,247.45,-0.01
4611,CLASS R: ROADS AND PAVINGS,02 CEMENT AND OTHER HYDRAULICALLY BOUND PAVEMENTS,Cement Bound Granular Mixture 5 (CBGM 5) C3/4,150 mm thick,m3,28.1,12.66,199.89,0,240.65,7,240.63,0.02
4612,CLASS R: ROADS AND PAVINGS,02 CEMENT AND OTHER HYDRAULICALLY BOUND PAVEMENTS,Cement Bound Granular Mixture 5 (CBGM 5) C3/4,200 mm thick,m3,35.11,13.14,199.89,0,248.14,7,248.13,0.01
4613,CLASS R: ROADS AND PAVINGS,02 CEMENT AND OTHER HYDRAULICALLY BOUND PAVEMENTS,Cement Bound Granular Mixture 5 (CBGM 5) C3/4,250 mm thick,m3,42.14,13.84,199.89,0,255.87,7,255.87,0.0
4615,CLASS R: ROADS AND PAVINGS,02 CEMENT AND OTHER HYDRAULICALLY BOUND PAVEMENTS,"Cement Bound Granular Mixture 5 (CBGM 5) C8/10; Subbase, laid, compacted",150 mm thick,m3,35.11,13.14,212.89,0,261.14,7,261.13,0.01
4616,CLASS R: ROADS AND PAVINGS,02 CEMENT AND OTHER HYDRAULICALLY BOUND PAVEMENTS,"Cement Bound Granular Mixture 5 (CBGM 5) C8/10; Subbase, laid, compacted",200 mm thick,m3,35.11,13.14,219.75,0,268.0,7,267.99,0.01
4618,CLASS R: ROADS AND PAVINGS,02 CEMENT AND OTHER HYDRAULICALLY BOUND PAVEMENTS,"Cement Bound Granular Mixture 5 (CBGM 5) C8/10; Subbase, laid, compacted (continued)",250 mm thick,m3,35.11,13.14,226.62,0,274.87,6,274.86,0.01
4620,CLASS R: ROADS AND PAVINGS,02 CEMENT AND OTHER HYDRAULICALLY BOUND PAVEMENTS,"Cement Bound Granular Mixture 1 (CBGM 1) C8/10; Base, laid, compacted",150 mm thick,m3,35.11,13.14,220.2,0,268.45,7,268.44,0.01
4621,CLASS R: ROADS AND PAVINGS,02 CEMENT AND OTHER HYDRAULICALLY BOUND PAVEMENTS,"Cement Bound Granular Mixture 1 (CBGM 1) C8/10; Base, laid, compacted",200 mm thick,m3,35.11,13.14,227.3,0,275.55,7,275.54,0.01
4622,CLASS R: ROADS AND PAVINGS,02 CEMENT AND OTHER HYDRAULICALLY BOUND PAVEMENTS,"Cement Bound Granular Mixture 1 (CBGM 1) C8/10; Base, laid, compacted",250 mm thick,m3,35.11,13.14,234.39,0,282.64,7,282.64,0.0
4624,CLASS R: ROADS AND PAVINGS,02 CEMENT AND OTHER HYDRAULICALLY BOUND PAVEMENTS,"Cement Bound Granular Mixture (CBGM 1) C12/16; Base, laid, compacted",150 mm thick,m3,35.11,13.14,231.65,0,279.9,7,279.89,0.01
4625,CLASS R: ROADS AND PAVINGS,02 CEMENT AND OTHER HYDRAULICALLY BOUND PAVEMENTS,"Cement Bound Granular Mixture (CBGM 1) C12/16; Base, laid, compacted",180 mm thick,m3,35.11,13.14,239.12,0,287.37,7,287.36,0.01
4627,CLASS R: ROADS AND PAVINGS,02 CEMENT AND OTHER HYDRAULICALLY BOUND PAVEMENTS,"Cement Bound Granular Mixture (CBGM 1) C15/20; Base, laid, compacted",150 mm thick,m3,35.11,13.14,239.93,0,288.18,7,288.17,0.01
4629,CLASS R: ROADS AND PAVINGS,02 CEMENT AND OTHER HYDRAULICALLY BOUND PAVEMENTS,"Bituminous bound mixtures, asphalt concrete; Base Course AC 32 Dense Base 40/60 / 100/150 Des/Rec to PD 6691",100 mm thick,m2,9.93,16.14,29.69,0,55.76,9,55.76,0.0
4630,CLASS R: ROADS AND PAVINGS,02 CEMENT AND OTHER HYDRAULICALLY BOUND PAVEMENTS,"Bituminous bound mixtures, asphalt concrete; Base Course AC 32 Dense Base 40/60 / 100/150 Des/Rec to PD 6691",150 mm thick,m2,14.89,24.22,44.54,0,83.65,9,83.65,0.0
4631,CLASS R: ROADS AND PAVINGS,02 CEMENT AND OTHER HYDRAULICALLY BOUND PAVEMENTS,"Bituminous bound mixtures, asphalt concrete; Base Course AC 32 Dense Base 40/60 / 100/150 Des/Rec to PD 6691",200 mm thick,m2,14.89,24.22,59.38,0,98.49,9,98.49,0.0
4633,CLASS R: ROADS AND PAVINGS,02 CEMENT AND OTHER HYDRAULICALLY BOUND PAVEMENTS,Binder course AC 20 Dense Base 40/60 / 100/150 Des/Rec to PD 6691,60 mm thick,m2,7.44,12.11,19.33,0,38.88,7,38.88,0.0
4634,CLASS R: ROADS AND PAVINGS,02 CEMENT AND OTHER HYDRAULICALLY BOUND PAVEMENTS,Binder course AC 20 Dense Base 40/60 / 100/150 Des/Rec to PD 6691,100 mm thick,m2,9.94,16.13,32.22,0,58.29,7,58.28,0.01
4636,CLASS R: ROADS AND PAVINGS,02 CEMENT AND OTHER HYDRAULICALLY BOUND PAVEMENTS,Surface course AC 10 Close Surf 100/150 to PD 6691,30 mm thick,m2,4.96,8.08,11.65,0,24.69,3,24.69,0.0
4637,CLASS R: ROADS AND PAVINGS,02 CEMENT AND OTHER HYDRAULICALLY BOUND PAVEMENTS,Surface course AC 10 Close Surf 100/150 to PD 6691,40 mm thick,m2,7.44,12.11,15.54,0,35.09,3,35.09,0.0
4640,CLASS R: ROADS AND PAVINGS,03 BITUMINOUS BOUND PAVEMENTS,Surface course; SMA 10/14 Surf 40/60 to PD 6691,20 mm thick,m2,14.89,5.11,7.62,0,27.62,3,27.62,0.0
4641,CLASS R: ROADS AND PAVINGS,03 BITUMINOUS BOUND PAVEMENTS,Surface course; SMA 10/14 Surf 40/60 to PD 6691,40 mm thick,m2,14.89,7.69,15.26,0,37.84,3,37.84,0.0
4642,CLASS R: ROADS AND PAVINGS,03 BITUMINOUS BOUND PAVEMENTS,Surface course; SMA 10/14 Surf 40/60 to PD 6691,50 mm thick,m2,14.89,7.51,19.07,0,41.47,3,41.47,0.0
4644,CLASS R: ROADS AND PAVINGS,03 BITUMINOUS BOUND PAVEMENTS,Thin Surface Course System,30 mm thick,m2,12.41,8.1,13.41,0,33.92,3,33.93,-0.01
4645,CLASS R: ROADS AND PAVINGS,03 BITUMINOUS BOUND PAVEMENTS,Thin Surface Course System,40 mm thick,m2,9.93,9.78,17.89,0,37.6,3,37.6,0.0
4646,CLASS R: ROADS AND PAVINGS,03 BITUMINOUS BOUND PAVEMENTS,Thin Surface Course System,50 mm thick,m2,7.44,12.13,22.36,0,41.93,3,41.92,0.01
4648,CLASS R: ROADS AND PAVINGS,03 BITUMINOUS BOUND PAVEMENTS,HRA 35/14 F Surf PMB Des TO PD 6691 WT. Class 2 with Pre Coated Chippings PSV 65,50 mm thick,m2,17.36,12.13,31.29,0,60.78,9,60.79,-0.01
4650,CLASS R: ROADS AND PAVINGS,03 BITUMINOUS BOUND PAVEMENTS,Binder course; HRA 35/14 F Bin PMB Des TO PD 6691 WT. Class 2,45 mm thick,m2,7.44,12.13,22.12,0,41.69,7,41.69,0.0
4652,CLASS R: ROADS AND PAVINGS,03 BITUMINOUS BOUND PAVEMENTS,Base and binder course; AC 14/20 EME2 Base/Bin,100 mm thick,m2,9.94,16.13,39.05,0,65.12,7,65.11,0.01
4653,CLASS R: ROADS AND PAVINGS,03 BITUMINOUS BOUND PAVEMENTS,Base and binder course; AC 14/20 EME2 Base/Bin,150 mm thick,m2,9.94,16.67,58.58,0,85.19,7,85.17,0.02
4655,CLASS R: ROADS AND PAVINGS,03 BITUMINOUS BOUND PAVEMENTS,Hot rolled asphalt surface course; HRA 35/14 F Surf 40/60 des to PD 6691 with pre-coated chippings,50 mm thick,m2,4.96,12.11,31.29,0,48.36,3,48.37,-0.01
4657,CLASS R: ROADS AND PAVINGS,03 BITUMINOUS BOUND PAVEMENTS,Slurry surfacing; Slurry surfacing to BS EN 12273,3 mm thick,m2,0.85,0.55,3.2,0,4.6,7,4.6,0.0
4658,CLASS R: ROADS AND PAVINGS,03 BITUMINOUS BOUND PAVEMENTS,Slurry surfacing; Slurry surfacing to BS EN 12273,4 mm thick,m2,0.85,0.55,5.03,0,6.43,7,6.43,0.0
4660,CLASS R: ROADS AND PAVINGS,03 BITUMINOUS BOUND PAVEMENTS,Surface dressing; Surface dressing to BS EN 12271,6 mm single surface dressing,m2,3.04,2.32,3.93,0,9.29,3,9.29,0.0
4661,CLASS R: ROADS AND PAVINGS,03 BITUMINOUS BOUND PAVEMENTS,Surface dressing; Surface dressing to BS EN 12271,10 mm & 6 mm racked-in surface dressing,m2,3.04,2.32,4.24,0,9.6,3,9.6,0.0
4662,CLASS R: ROADS AND PAVINGS,03 BITUMINOUS BOUND PAVEMENTS,Surface dressing; Surface dressing to BS EN 12271,10 mm & 6 mm double surface dressing,m2,3.04,2.32,4.79,0,10.15,3,10.15,0.0
4664,CLASS R: ROADS AND PAVINGS,03 BITUMINOUS BOUND PAVEMENTS,Bond coat; Bond coat to BS 594987,large areas; over 20 m2 @0.2 kg/m2,m2,0.85,0.55,0.91,0,2.31,7,2.31,0.0
4665,CLASS R: ROADS AND PAVINGS,03 BITUMINOUS BOUND PAVEMENTS,Bond coat; Bond coat to BS 594987,small areas; under 20 m2 @0.2 kg/m2,m2,0.85,0.55,1.13,0,2.53,7,2.53,0.0
4666,CLASS R: ROADS AND PAVINGS,03 BITUMINOUS BOUND PAVEMENTS,Bond coat; Bond coat to BS 594987,large areas; under 20 m2 @0.35 kg/m2,m2,0.85,0.55,1.59,0,2.99,7,2.99,0.0
4667,CLASS R: ROADS AND PAVINGS,03 BITUMINOUS BOUND PAVEMENTS,Bond coat; Bond coat to BS 594987,small areas; under 20 m2 @0.35 kg/m2,m2,0.85,0.55,1.99,0,3.39,7,3.38,0.01
4669,CLASS R: ROADS AND PAVINGS,03 BITUMINOUS BOUND PAVEMENTS,"Excavation, Trimming and Reinstatement of Existing Surfaces; Trimming edges only of existing slabs, floors or similar surfaces (wet or dry); 6 mm cutting width",50 mm deep,m,0.75,0.38,69.57,0,70.7,4,70.71,-0.01
4670,CLASS R: ROADS AND PAVINGS,03 BITUMINOUS BOUND PAVEMENTS,"Excavation, Trimming and Reinstatement of Existing Surfaces; Trimming edges only of existing slabs, floors or similar surfaces (wet or dry); 6 mm cutting width",100 mm deep,m,1.13,0.6,169.75,0,171.48,4,171.48,0.0
4672,CLASS R: ROADS AND PAVINGS,03 BITUMINOUS BOUND PAVEMENTS,"Cutting existing slabs, floors or similar surfaces (wet or dry); 8 mm cutting width",50 mm deep,m,0.94,0.48,69.57,0,70.99,4,70.99,0.0
4673,CLASS R: ROADS AND PAVINGS,03 BITUMINOUS BOUND PAVEMENTS,"Cutting existing slabs, floors or similar surfaces (wet or dry); 8 mm cutting width",100 mm deep,m,2.27,1.17,169.75,0,173.19,4,173.19,0.0
4674,CLASS R: ROADS AND PAVINGS,03 BITUMINOUS BOUND PAVEMENTS,"Cutting existing slabs, floors or similar surfaces (wet or dry); 8 mm cutting width",150 mm deep,m,3.03,1.55,228.69,0,233.27,4,233.27,0.0
4676,CLASS R: ROADS AND PAVINGS,03 BITUMINOUS BOUND PAVEMENTS,Milling pavement (assumes disposal on site or reuse as fill but excludes transport if required),75 mm deep,m2,10.68,186.86,0,0,197.54,7,197.54,0.0
4677,CLASS R: ROADS AND PAVINGS,03 BITUMINOUS BOUND PAVEMENTS,Milling pavement (assumes disposal on site or reuse as fill but excludes transport if required),100 mm deep,m2,14.24,249.14,0,0,263.38,7,263.38,0.0
4678,CLASS R: ROADS AND PAVINGS,03 BITUMINOUS BOUND PAVEMENTS,Milling pavement (assumes disposal on site or reuse as fill but excludes transport if required),50 mm deep; scarifying surface,m2,8.71,152.26,0,0,160.97,2,160.96,0.01
4679,CLASS R: ROADS AND PAVINGS,03 BITUMINOUS BOUND PAVEMENTS,Milling pavement (assumes disposal on site or reuse as fill but excludes transport if required),75 mm deep; scarifying surface,m2,14.64,256.06,0,0,270.7,2,270.7,0.0
4680,CLASS R: ROADS AND PAVINGS,03 BITUMINOUS BOUND PAVEMENTS,Milling pavement (assumes disposal on site or reuse as fill but excludes transport if required),25 mm deep; heat planing for reuse,m2,12.67,79.9,0,0,92.57,7,92.55,0.02
4681,CLASS R: ROADS AND PAVINGS,03 BITUMINOUS BOUND PAVEMENTS,Milling pavement (assumes disposal on site or reuse as fill but excludes transport if required),50 mm deep; heat planing for reuse,m2,22.15,139.81,0,0,161.96,7,161.96,0.0
4683,CLASS R: ROADS AND PAVINGS,03 BITUMINOUS BOUND PAVEMENTS,Raking over scarified or heat planed material; compacting with 10 t roller,ne 50 mm deep,m2,3.0,4.06,0,0,7.06,8,7.07,-0.01
4688,CLASS R: ROADS AND PAVINGS,05 CONCRETE PAVEMENTS,"Designed mix; grade C30, 20 mm aggregate; Dense base and binder course asphalt concrete (continued)",180 mm deep,m2,5.92,11.85,25.29,0,43.06,6,43.07,-0.01
4689,CLASS R: ROADS AND PAVINGS,05 CONCRETE PAVEMENTS,"Designed mix; grade C30, 20 mm aggregate; Dense base and binder course asphalt concrete (continued)",220 mm deep,m2,7.12,14.21,30.91,0,52.24,6,52.24,0.0
4690,CLASS R: ROADS AND PAVINGS,05 CONCRETE PAVEMENTS,"Designed mix; grade C30, 20 mm aggregate; Dense base and binder course asphalt concrete (continued)",260 mm deep,m2,8.7,17.36,36.53,0,62.59,6,62.6,-0.01
4691,CLASS R: ROADS AND PAVINGS,05 CONCRETE PAVEMENTS,"Designed mix; grade C30, 20 mm aggregate; Dense base and binder course asphalt concrete (continued)",300 mm deep,m2,9.88,19.74,42.15,0,71.77,6,71.77,0.0
4693,CLASS R: ROADS AND PAVINGS,05 CONCRETE PAVEMENTS,Joints in concrete pavement; Transverse Joints,Depth; not exceeding 30 mm,m,13.84,1.31,2.81,0,17.96,7,17.94,0.02
4694,CLASS R: ROADS AND PAVINGS,05 CONCRETE PAVEMENTS,Joints in concrete pavement; Transverse Joints,60 mm-100 mm,m,7.12,14.21,30.91,0,52.24,7,52.24,0.0
4695,CLASS R: ROADS AND PAVINGS,05 CONCRETE PAVEMENTS,Joints in concrete pavement; Transverse Joints,100 mm-150 mm,m,8.72,17.36,36.53,0,62.61,7,62.6,0.01
4696,CLASS R: ROADS AND PAVINGS,05 CONCRETE PAVEMENTS,Joints in concrete pavement; Transverse Joints,200 mm-250 mm,m,9.88,19.74,42.15,0,71.77,7,71.77,0.0
4698,CLASS R: ROADS AND PAVINGS,05 CONCRETE PAVEMENTS,Fabric; Steel fabric reinforcement to BS 4483,Ref A142 nominal mass 2.22 kg,m2,11.88,0,6.86,0,18.74,6,18.74,0.0
4699,CLASS R: ROADS AND PAVINGS,05 CONCRETE PAVEMENTS,Fabric; Steel fabric reinforcement to BS 4483,Ref A252 nominal mass 3.95 kg,m2,15.82,0,10.82,0,26.64,6,26.65,-0.01
4700,CLASS R: ROADS AND PAVINGS,05 CONCRETE PAVEMENTS,Fabric; Steel fabric reinforcement to BS 4483,Ref B385 nominal mass 4.53 kg,m2,15.82,0,15.73,0,31.55,6,31.56,-0.01
4701,CLASS R: ROADS AND PAVINGS,05 CONCRETE PAVEMENTS,Fabric; Steel fabric reinforcement to BS 4483,Ref C636 nominal mass 5.55 kg,m2,19.77,0,18.76,0,38.53,6,38.54,-0.01
4702,CLASS R: ROADS AND PAVINGS,05 CONCRETE PAVEMENTS,Fabric; Steel fabric reinforcement to BS 4483,Ref B503 nominal mass 5.93 kg,m2,19.77,0,22.63,0,42.4,6,42.41,-0.01
4704,CLASS R: ROADS AND PAVINGS,05 CONCRETE PAVEMENTS,Mild steel bar reinforcement BS 4449; Bars; supplied in bent and cut lengths,6 mm nominal size,t,3165.08,0,1341.34,0,4506.42,6,4506.42,0.0
4705,CLASS R: ROADS AND PAVINGS,05 CONCRETE PAVEMENTS,Mild steel bar reinforcement BS 4449; Bars; supplied in bent and cut lengths,8 mm nominal size,t,2666.58,0,1341.34,0,4007.92,6,4007.91,0.01
4706,CLASS R: ROADS AND PAVINGS,05 CONCRETE PAVEMENTS,Mild steel bar reinforcement BS 4449; Bars; supplied in bent and cut lengths,10 mm nominal size,t,2666.58,0,1341.34,0,4007.92,6,4007.91,0.01
4707,CLASS R: ROADS AND PAVINGS,05 CONCRETE PAVEMENTS,Mild steel bar reinforcement BS 4449; Bars; supplied in bent and cut lengths,12 mm nominal size,t,2666.58,0,1341.34,0,4007.92,6,4007.91,0.01
4708,CLASS R: ROADS AND PAVINGS,05 CONCRETE PAVEMENTS,Mild steel bar reinforcement BS 4449; Bars; supplied in bent and cut lengths,16 mm nominal size,t,2433.16,0,1341.34,0,3774.5,6,3774.5,0.0
4710,CLASS R: ROADS AND PAVINGS,05 CONCRETE PAVEMENTS,High yield steel bar reinforcement BS 4449 or 4461; Bars; supplied in bent and cut lengths,6 mm nominal size,t,3165.08,0,1359.12,0,4524.2,6,4524.2,0.0
4711,CLASS R: ROADS AND PAVINGS,05 CONCRETE PAVEMENTS,High yield steel bar reinforcement BS 4449 or 4461; Bars; supplied in bent and cut lengths,8 mm nominal size,t,2666.58,0,1359.12,0,4025.7,6,4025.7,0.0
4712,CLASS R: ROADS AND PAVINGS,05 CONCRETE PAVEMENTS,High yield steel bar reinforcement BS 4449 or 4461; Bars; supplied in bent and cut lengths,10 mm nominal size,t,2666.58,0,1359.11,0,4025.69,6,4025.69,0.0
4713,CLASS R: ROADS AND PAVINGS,05 CONCRETE PAVEMENTS,High yield steel bar reinforcement BS 4449 or 4461; Bars; supplied in bent and cut lengths,12 mm nominal size,t,2666.58,0,1359.12,0,4025.7,6,4025.7,0.0
4714,CLASS R: ROADS AND PAVINGS,05 CONCRETE PAVEMENTS,High yield steel bar reinforcement BS 4449 or 4461; Bars; supplied in bent and cut lengths,16 mm nominal size,t,2433.16,0,1359.1,0,3792.26,6,3792.26,0.0
4716,CLASS R: ROADS AND PAVINGS,05 CONCRETE PAVEMENTS,Sheeting to prevent moisture loss; Polyethylene sheeting; lapped joints; horizontal below concrete pavements,250 micron,m2,3.95,0,1.27,0,5.22,4,5.23,-0.01
4717,CLASS R: ROADS AND PAVINGS,05 CONCRETE PAVEMENTS,Sheeting to prevent moisture loss; Polyethylene sheeting; lapped joints; horizontal below concrete pavements,500 micron,m2,3.95,0,3.25,0,7.2,4,7.2,0.0
4720,CLASS R: ROADS AND PAVINGS,06 JOINTS IN CONCRETE PAVEMENTS,Joints; Longitudinal joints,180 mm deep,m,4.75,9.47,31.28,0,45.5,7,45.51,-0.01
4721,CLASS R: ROADS AND PAVINGS,06 JOINTS IN CONCRETE PAVEMENTS,Joints; Longitudinal joints,220 mm deep,m,4.75,9.47,36.75,0,50.97,7,50.98,-0.01
4722,CLASS R: ROADS AND PAVINGS,06 JOINTS IN CONCRETE PAVEMENTS,Joints; Longitudinal joints,260 mm deep,m,4.75,9.47,45.02,0,59.24,7,59.25,-0.01
4723,CLASS R: ROADS AND PAVINGS,06 JOINTS IN CONCRETE PAVEMENTS,Joints; Longitudinal joints,300 mm deep,m,4.75,9.47,52.4,0,66.62,7,66.63,-0.01
4725,CLASS R: ROADS AND PAVINGS,06 JOINTS IN CONCRETE PAVEMENTS,Expansion joints,180 mm deep,m,4.75,9.47,61.55,0,75.77,7,75.77,0.0
4726,CLASS R: ROADS AND PAVINGS,06 JOINTS IN CONCRETE PAVEMENTS,Expansion joints,220 mm deep,m,4.75,9.47,71.67,0,85.89,7,85.9,-0.01
4727,CLASS R: ROADS AND PAVINGS,06 JOINTS IN CONCRETE PAVEMENTS,Expansion joints,260 mm deep,m,4.75,9.47,81.78,0,96.0,7,96.0,0.0
4728,CLASS R: ROADS AND PAVINGS,06 JOINTS IN CONCRETE PAVEMENTS,Expansion joints,300 mm deep,m,4.75,9.47,83.8,0,98.02,7,98.02,0.0
4730,CLASS R: ROADS AND PAVINGS,06 JOINTS IN CONCRETE PAVEMENTS,Contraction joints,180 mm deep,m,4.75,9.47,35.9,0,50.12,7,50.13,-0.01
4731,CLASS R: ROADS AND PAVINGS,06 JOINTS IN CONCRETE PAVEMENTS,Contraction joints,220 mm deep,m,4.75,9.47,37.15,0,51.37,7,51.38,-0.01
4732,CLASS R: ROADS AND PAVINGS,06 JOINTS IN CONCRETE PAVEMENTS,Contraction joints,260 mm deep,m,4.75,9.47,40.32,0,54.54,7,54.55,-0.01
4733,CLASS R: ROADS AND PAVINGS,06 JOINTS IN CONCRETE PAVEMENTS,Contraction joints,300 mm deep,m,4.75,9.47,48.06,0,62.28,7,62.29,-0.01
4735,CLASS R: ROADS AND PAVINGS,06 JOINTS IN CONCRETE PAVEMENTS,Construction joints,180 mm deep,m,4.75,9.47,23.72,0,37.94,7,37.94,0.0
4736,CLASS R: ROADS AND PAVINGS,06 JOINTS IN CONCRETE PAVEMENTS,Construction joints,220 mm deep,m,4.75,9.47,28.52,0,42.74,7,42.75,-0.01
4737,CLASS R: ROADS AND PAVINGS,06 JOINTS IN CONCRETE PAVEMENTS,Construction joints,260 mm deep,m,4.75,9.47,27.71,0,41.93,7,41.94,-0.01
4738,CLASS R: ROADS AND PAVINGS,06 JOINTS IN CONCRETE PAVEMENTS,Construction joints,300 mm deep,m,4.75,9.47,29.84,0,44.06,7,44.07,-0.01
4740,CLASS R: ROADS AND PAVINGS,06 JOINTS IN CONCRETE PAVEMENTS,Open joints with filler,ne 0.5 m; 10 mm flexcell joint filler,m,14.88,0,6.15,0,21.03,4,21.04,-0.01
4741,CLASS R: ROADS AND PAVINGS,06 JOINTS IN CONCRETE PAVEMENTS,Open joints with filler,0.5-1.00 m; 10 mm flexcell joint filler,m,14.88,0,8.64,0,23.52,4,23.53,-0.01
4743,CLASS R: ROADS AND PAVINGS,06 JOINTS IN CONCRETE PAVEMENTS,Joint sealants,10 x 20 mm cold polysulphide sealant,m,18.95,0,6.82,0,25.77,4,25.77,0.0
4744,CLASS R: ROADS AND PAVINGS,06 JOINTS IN CONCRETE PAVEMENTS,Joint sealants,20 x 20 mm cold polysulphide sealant,m,24.38,0,11.69,0,36.07,4,36.07,0.0
4749,CLASS R: ROADS AND PAVINGS,"07 KERBS, CHANNELS AND EDGINGS",Mass concrete,200 x 100 mm,m,1.69,0.23,3.45,0,5.37,9,5.38,-0.01
4750,CLASS R: ROADS AND PAVINGS,"07 KERBS, CHANNELS AND EDGINGS",Mass concrete,300 x 150 mm,m,2.54,0.32,7.88,0,10.74,9,10.75,-0.01
4751,CLASS R: ROADS AND PAVINGS,"07 KERBS, CHANNELS AND EDGINGS",Mass concrete,450 x 150 mm,m,3.37,0.5,11.66,0,15.53,9,15.53,0.0
4752,CLASS R: ROADS AND PAVINGS,"07 KERBS, CHANNELS AND EDGINGS",Mass concrete,"100 x 100 mm haunching, one side",m,0.85,0.13,0.84,0,1.82,9,1.82,0.0
4754,CLASS R: ROADS AND PAVINGS,"07 KERBS, CHANNELS AND EDGINGS",Precast concrete kerbs to BS 7263; Kerbs; bullnosed; splayed or half battered; straight or curved over 12 m radius,125 x 150 mm,m,10.15,1.5,18.57,0,30.22,9,30.21,0.01
4755,CLASS R: ROADS AND PAVINGS,"07 KERBS, CHANNELS AND EDGINGS",Precast concrete kerbs to BS 7263; Kerbs; bullnosed; splayed or half battered; straight or curved over 12 m radius,125 x 255 mm,m,11.84,1.75,21.95,0,35.54,9,35.53,0.01
4756,CLASS R: ROADS AND PAVINGS,"07 KERBS, CHANNELS AND EDGINGS",Precast concrete kerbs to BS 7263; Kerbs; bullnosed; splayed or half battered; straight or curved over 12 m radius,150 x 305 mm,m,11.84,1.79,32.83,0,46.46,9,46.44,0.02
4758,CLASS R: ROADS AND PAVINGS,"07 KERBS, CHANNELS AND EDGINGS",Kerbs; bullnosed; splayed or half battered; curved ne 12 m radius,125 x 150 mm,m,10.99,1.64,18.57,0,31.2,7,31.19,0.01
4759,CLASS R: ROADS AND PAVINGS,"07 KERBS, CHANNELS AND EDGINGS",Kerbs; bullnosed; splayed or half battered; curved ne 12 m radius,125 x 255 mm,m,12.68,1.87,21.95,0,36.5,7,36.5,0.0
4760,CLASS R: ROADS AND PAVINGS,"07 KERBS, CHANNELS AND EDGINGS",Kerbs; bullnosed; splayed or half battered; curved ne 12 m radius,150 x 305 mm,m,12.68,1.93,32.83,0,47.44,7,47.42,0.02
4762,CLASS R: ROADS AND PAVINGS,"07 KERBS, CHANNELS AND EDGINGS",Quadrants,305 x 305 x 150 mm,nr,13.52,2.05,29.33,0,44.9,7,44.9,0.0
4763,CLASS R: ROADS AND PAVINGS,"07 KERBS, CHANNELS AND EDGINGS",Quadrants,455 x 455 x 255 mm,nr,16.89,2.56,43.55,0,63.0,7,63.0,0.0
4765,CLASS R: ROADS AND PAVINGS,"07 KERBS, CHANNELS AND EDGINGS",Drop kerbs,125 x 255 mm,m,11.83,1.79,48.24,0,61.86,7,61.86,0.0
4766,CLASS R: ROADS AND PAVINGS,"07 KERBS, CHANNELS AND EDGINGS",Drop kerbs,150 x 305 mm,m,11.83,1.79,81.45,0,95.07,7,95.07,0.0
4769,CLASS R: ROADS AND PAVINGS,"07 KERBS, CHANNELS AND EDGINGS",Channel; straight or curved over 12 m radius (continued),255 x 125 mm,m,11.83,1.79,12.82,0,26.44,6,26.43,0.01
4771,CLASS R: ROADS AND PAVINGS,"07 KERBS, CHANNELS AND EDGINGS",Channel; curved radius ne 12 m,255 x 125 mm,m,11.83,1.79,12.82,0,26.44,7,26.43,0.01
4773,CLASS R: ROADS AND PAVINGS,"07 KERBS, CHANNELS AND EDGINGS",Tensions,50 x 150 mm,m,6.77,1.01,6.47,0,14.25,7,14.25,0.0
4775,CLASS R: ROADS AND PAVINGS,"07 KERBS, CHANNELS AND EDGINGS",Edging; curved ne 12 m radius,50 x 150 mm,m,7.62,1.14,6.47,0,15.23,7,15.22,0.01
4777,CLASS R: ROADS AND PAVINGS,"07 KERBS, CHANNELS AND EDGINGS",Precast concrete drainage channels; Charcon Safeticurb; channels jointed with plastic rings and bedded; jointed and pointed in cement mortar; Channel unit; straight; Type DBA/3,250 x 254 mm; medium duty,m,12.68,1.91,102.83,0,117.42,9,117.42,0.0
4778,CLASS R: ROADS AND PAVINGS,"07 KERBS, CHANNELS AND EDGINGS",Precast concrete drainage channels; Charcon Safeticurb; channels jointed with plastic rings and bedded; jointed and pointed in cement mortar; Channel unit; straight; Type DBA/3,305 x 305 mm; heavy duty,m,16.05,2.44,222.93,0,241.42,9,241.42,0.0
4780,CLASS R: ROADS AND PAVINGS,"07 KERBS, CHANNELS AND EDGINGS",Precast concrete Ellis Trief safety kerb; bedded jointed and pointed in cement mortar; Kerb; straight or curved over 12 m radius,415 x 380 mm,m,38.01,5.49,147.71,0,191.21,9,191.2,0.01
4782,CLASS R: ROADS AND PAVINGS,"07 KERBS, CHANNELS AND EDGINGS",Kerb; curved ne 12 m radius,415 x 380 mm,m,42.24,6.11,171.77,0,220.12,7,220.14,-0.02
4784,CLASS R: ROADS AND PAVINGS,"07 KERBS, CHANNELS AND EDGINGS","Precast concrete combined kerb and drainage block Beany block system; bedded jointed and pointed in cement mortar; Kerb; top block, shallow base unit, standard cover plate and frame",straight or curved over 12 m radius,m,25.36,3.68,231.3,0,260.34,9,260.32,0.02
4785,CLASS R: ROADS AND PAVINGS,"07 KERBS, CHANNELS AND EDGINGS","Precast concrete combined kerb and drainage block Beany block system; bedded jointed and pointed in cement mortar; Kerb; top block, shallow base unit, standard cover plate and frame",curved ne 12 m radius,m,33.79,4.87,353.23,0,391.89,9,391.9,-0.01
4787,CLASS R: ROADS AND PAVINGS,"07 KERBS, CHANNELS AND EDGINGS","Kerb; top block, standard base unit, standard cover plate and frame",straight or curved over 12 m radius,m,25.35,3.71,231.3,0,260.36,7,260.35,0.01
4788,CLASS R: ROADS AND PAVINGS,"07 KERBS, CHANNELS AND EDGINGS","Kerb; top block, standard base unit, standard cover plate and frame",curved ne 12 m radius,m,33.8,4.88,353.23,0,391.91,7,391.9,0.01
4790,CLASS R: ROADS AND PAVINGS,"07 KERBS, CHANNELS AND EDGINGS","Kerb; top block, deep base unit, standard cover plate and frame",straight or curved over 12 m radius,m,25.35,3.63,516.41,0,545.39,7,545.39,0.0
4791,CLASS R: ROADS AND PAVINGS,"07 KERBS, CHANNELS AND EDGINGS","Kerb; top block, deep base unit, standard cover plate and frame",curved ne 12 m radius,m,33.8,4.79,660.25,0,698.84,7,698.84,0.0
4792,CLASS R: ROADS AND PAVINGS,"07 KERBS, CHANNELS AND EDGINGS","Kerb; top block, deep base unit, standard cover plate and frame",base block depth tapers,m,17.54,2.48,55.99,0,76.01,7,76.01,0.0
4794,CLASS R: ROADS AND PAVINGS,"07 KERBS, CHANNELS AND EDGINGS",Extruded asphalt kerbs to BS 5931; extruded and slip formed; Kerb; straight or curved over 12 m radius,75 mm kerb height,m,0,0,7.26,0,7.26,1,7.26,0.0
4795,CLASS R: ROADS AND PAVINGS,"07 KERBS, CHANNELS AND EDGINGS",Extruded asphalt kerbs to BS 5931; extruded and slip formed; Kerb; straight or curved over 12 m radius,100 mm kerb height,m,0,0,15.6,0,15.6,1,15.6,0.0
4796,CLASS R: ROADS AND PAVINGS,"07 KERBS, CHANNELS AND EDGINGS",Extruded asphalt kerbs to BS 5931; extruded and slip formed; Kerb; straight or curved over 12 m radius,125 mm kerb height,m,0,0,20.78,0,20.78,1,20.78,0.0
4798,CLASS R: ROADS AND PAVINGS,"07 KERBS, CHANNELS AND EDGINGS",Channel; straight or curved over 12 m radius (extruded asphalt),300 mm channel width,m,0,0,26.0,0,26.0,1,26.0,0.0
4799,CLASS R: ROADS AND PAVINGS,"07 KERBS, CHANNELS AND EDGINGS",Channel; straight or curved over 12 m radius (extruded asphalt),250 mm channel width,m,0,0,20.78,0,20.78,1,20.78,0.0
4801,CLASS R: ROADS AND PAVINGS,"07 KERBS, CHANNELS AND EDGINGS",Kerb; curved to radius ne 12 m (extruded asphalt),75 mm kerb height,m,0,0,6.91,0,6.91,1,6.91,0.0
4802,CLASS R: ROADS AND PAVINGS,"07 KERBS, CHANNELS AND EDGINGS",Kerb; curved to radius ne 12 m (extruded asphalt),100 mm kerb height,m,0,0,14.83,0,14.83,1,14.83,0.0
4803,CLASS R: ROADS AND PAVINGS,"07 KERBS, CHANNELS AND EDGINGS",Kerb; curved to radius ne 12 m (extruded asphalt),125 mm kerb height,m,0,0,19.75,0,19.75,1,19.75,0.0
4805,CLASS R: ROADS AND PAVINGS,"07 KERBS, CHANNELS AND EDGINGS",Channel; curved to radius ne 12 m (extruded asphalt),300 mm channel width,m,0,0,25.86,0,25.86,1,25.86,0.0
4806,CLASS R: ROADS AND PAVINGS,"07 KERBS, CHANNELS AND EDGINGS",Channel; curved to radius ne 12 m (extruded asphalt),250 mm channel width,m,0,0,19.75,0,19.75,1,19.75,0.0
4808,CLASS R: ROADS AND PAVINGS,"07 KERBS, CHANNELS AND EDGINGS",Extruded concrete; slip formed; Kerb; straight or curved over 12 m radius,100 mm kerb height,m,0,0,15.6,0,15.6,1,15.6,0.0
4809,CLASS R: ROADS AND PAVINGS,"07 KERBS, CHANNELS AND EDGINGS",Extruded concrete; slip formed; Kerb; straight or curved over 12 m radius,125 mm kerb height,m,0,0,20.78,0,20.78,1,20.78,0.0
4811,CLASS R: ROADS AND PAVINGS,"07 KERBS, CHANNELS AND EDGINGS",Kerb; curved to radius ne 12 m (extruded concrete),100 mm kerb height,m,0,0,21.46,0,21.46,1,21.46,0.0
4812,CLASS R: ROADS AND PAVINGS,"07 KERBS, CHANNELS AND EDGINGS",Kerb; curved to radius ne 12 m (extruded concrete),125 mm kerb height,m,0,0,25.96,0,25.96,1,25.96,0.0
4816,CLASS R: ROADS AND PAVINGS,"07 KERBS, CHANNELS AND EDGINGS",To paved area; sloping not exceeding 10 deg to the horizontal,100 mm thick Type 1 Unbound Mixtures,,1.56,1.03,10.62,0,13.21,7,13.2,0.01
4817,CLASS R: ROADS AND PAVINGS,"07 KERBS, CHANNELS AND EDGINGS",To paved area; sloping not exceeding 10 deg to the horizontal,150 mm thick Type 1 Unbound Mixtures,,2.08,1.37,15.93,0,19.38,7,19.38,0.0
4818,CLASS R: ROADS AND PAVINGS,"07 KERBS, CHANNELS AND EDGINGS",To paved area; sloping not exceeding 10 deg to the horizontal,100 mm thick Concrete GEN3 or ST4 to BS 8500,,3.65,2.4,17.14,0,23.19,9,23.18,0.01
4819,CLASS R: ROADS AND PAVINGS,"07 KERBS, CHANNELS AND EDGINGS",To paved area; sloping not exceeding 10 deg to the horizontal,150 mm thick Concrete GEN3 or ST4 to BS 8500,,5.55,3.64,25.72,0,34.91,9,34.92,-0.01
4821,CLASS R: ROADS AND PAVINGS,"07 KERBS, CHANNELS AND EDGINGS","Binder Course AC 20 Dense Bin 100/150 Rec to PD6691; Surface Course AC 6 Dense Surf 100/150 to PD6691; Paved area comprising binder course 50 mm thick, surface course 20 mm thick",sloping not exceeding 10 deg to the horizontal,m2,14.75,9.71,14.42,0,38.88,3,38.87,0.01
4822,CLASS R: ROADS AND PAVINGS,"07 KERBS, CHANNELS AND EDGINGS","Binder Course AC 20 Dense Bin 100/150 Rec to PD6691; Surface Course AC 6 Dense Surf 100/150 to PD6691; Paved area comprising binder course 50 mm thick, surface course 20 mm thick",sloping not exceeding 10 deg to the horizontal; red additives,m2,14.75,9.71,59.29,0,83.75,3,83.74,0.01
4823,CLASS R: ROADS AND PAVINGS,"07 KERBS, CHANNELS AND EDGINGS","Binder Course AC 20 Dense Bin 100/150 Rec to PD6691; Surface Course AC 6 Dense Surf 100/150 to PD6691; Paved area comprising binder course 50 mm thick, surface course 20 mm thick",sloping not exceeding 10 deg to the horizontal; green additives,m2,14.75,9.71,21.76,0,46.22,3,46.21,0.01
4824,CLASS R: ROADS AND PAVINGS,"07 KERBS, CHANNELS AND EDGINGS","Binder Course AC 20 Dense Bin 100/150 Rec to PD6691; Surface Course AC 6 Dense Surf 100/150 to PD6691; Paved area comprising binder course 50 mm thick, surface course 20 mm thick",sloping exceeding 10 deg to the horizontal,m2,16.49,10.85,14.42,0,41.76,3,41.76,0.0
4825,CLASS R: ROADS AND PAVINGS,"07 KERBS, CHANNELS AND EDGINGS","Binder Course AC 20 Dense Bin 100/150 Rec to PD6691; Surface Course AC 6 Dense Surf 100/150 to PD6691; Paved area comprising binder course 50 mm thick, surface course 20 mm thick",sloping exceeding 10 deg to the horizontal; red additives,m2,16.49,10.85,59.29,0,86.63,3,86.63,0.0
4826,CLASS R: ROADS AND PAVINGS,"07 KERBS, CHANNELS AND EDGINGS","Binder Course AC 20 Dense Bin 100/150 Rec to PD6691; Surface Course AC 6 Dense Surf 100/150 to PD6691; Paved area comprising binder course 50 mm thick, surface course 20 mm thick",sloping exceeding 10 deg to the horizontal; green additives,m2,16.49,10.85,21.76,0,49.1,3,49.1,0.0
4828,CLASS R: ROADS AND PAVINGS,"07 KERBS, CHANNELS AND EDGINGS","Granular base surfacing; Central Reserve Treatments Limestone, graded 10 mm down; laid and compacted; Paved area 100 mm thick; surface sprayed twice with two coats of cold bituminous emulsion; blinded with 6 mm quartzite fine gravel",sloping not exceeding 10 deg to the horizontal,m2,3.47,2.28,12.04,0,17.79,3,17.79,0.0
4830,CLASS R: ROADS AND PAVINGS,"07 KERBS, CHANNELS AND EDGINGS",Ennstone Johnston Golden gravel; graded 13 mm to fines; rolled wet; Paved area 50 mm thick; single layer,sloping not exceeding 10 deg to the horizontal,m2,5.22,3.43,35.57,0,44.22,7,44.21,0.01
4832,CLASS R: ROADS AND PAVINGS,"07 KERBS, CHANNELS AND EDGINGS",Precast concrete flags; BS 7263; grey; bedding in cement mortar; Paved area; sloping not exceeding 10 deg to the horizontal,900 x 600 x 63 mm,m2,16.15,1.06,18.7,0,35.91,9,35.91,0.0
4833,CLASS R: ROADS AND PAVINGS,"07 KERBS, CHANNELS AND EDGINGS",Precast concrete flags; BS 7263; grey; bedding in cement mortar; Paved area; sloping not exceeding 10 deg to the horizontal,900 x 600 x 50 mm,m2,15.37,1.01,18.63,0,35.01,9,35.02,-0.01
4834,CLASS R: ROADS AND PAVINGS,"07 KERBS, CHANNELS AND EDGINGS",Precast concrete flags; BS 7263; grey; bedding in cement mortar; Paved area; sloping not exceeding 10 deg to the horizontal,600 x 600 x 63 mm,m2,19.21,1.27,16.41,0,36.89,9,36.9,-0.01
4835,CLASS R: ROADS AND PAVINGS,"07 KERBS, CHANNELS AND EDGINGS",Precast concrete flags; BS 7263; grey; bedding in cement mortar; Paved area; sloping not exceeding 10 deg to the horizontal,600 x 600 x 50 mm,m2,18.44,1.21,16.17,0,35.82,9,35.84,-0.02
4836,CLASS R: ROADS AND PAVINGS,"07 KERBS, CHANNELS AND EDGINGS",Precast concrete flags; BS 7263; grey; bedding in cement mortar; Paved area; sloping not exceeding 10 deg to the horizontal,600 x 450 x 50 mm,m2,21.52,1.42,15.8,0,38.74,9,38.75,-0.01
4837,CLASS R: ROADS AND PAVINGS,"07 KERBS, CHANNELS AND EDGINGS",Precast concrete flags; BS 7263; grey; bedding in cement mortar; Paved area; sloping not exceeding 10 deg to the horizontal,"Extra for coloured, 50 mm thick",m2,0,0,4.93,0,4.93,1,4.93,0.0
4840,CLASS R: ROADS AND PAVINGS,"07 KERBS, CHANNELS AND EDGINGS",Precast concrete rectangular paving blocks; BS 6717; grey; Paved area; sloping not exceeding 10 deg to the horizontal (continued),200 x 100 x 80 mm thick,m2,23.05,1.54,42.08,0,66.67,9,66.67,0.0
4841,CLASS R: ROADS AND PAVINGS,"07 KERBS, CHANNELS AND EDGINGS",Precast concrete rectangular paving blocks; BS 6717; grey; Paved area; sloping not exceeding 10 deg to the horizontal (continued),200 x 100 x 80 mm thick; coloured blocks,m2,23.05,1.54,52.46,0,77.05,9,77.05,0.0
4843,CLASS R: ROADS AND PAVINGS,"07 KERBS, CHANNELS AND EDGINGS",Brick paviors; bedding on 20 mm thick mortar; excluding subbase; Paved area; sloping not exceeding 10 deg to the horizontal,200 x 100 x 65 mm,m2,23.07,1.53,42.08,0,66.68,7,66.67,0.01
4845,CLASS R: ROADS AND PAVINGS,"07 KERBS, CHANNELS AND EDGINGS",Granite setts; bedding on 25 mm cement mortar; excluding subbase; Paved area; sloping not exceeding 10 deg to the horizontal,to random pattern,m2,69.19,4.59,93.26,0,167.04,7,167.03,0.01
4846,CLASS R: ROADS AND PAVINGS,"07 KERBS, CHANNELS AND EDGINGS",Granite setts; bedding on 25 mm cement mortar; excluding subbase; Paved area; sloping not exceeding 10 deg to the horizontal,to specific pattern,m2,92.25,6.1,93.26,0,191.61,7,191.61,0.0
4848,CLASS R: ROADS AND PAVINGS,"07 KERBS, CHANNELS AND EDGINGS",Cobble paving; 50-75 mm; bedding on 25 mm cement mortar; filling joints; excluding subbase; Paved area; sloping not exceeding 10 deg to the horizontal,50-75 mm dia. cobbles,m2,76.87,5.04,30.58,0,112.49,7,112.49,0.0
4852,CLASS R: ROADS AND PAVINGS,08 ANCILLARIES,"Signal pedestals; Installation of signal pedestals, loop detector unit pedestals, controller unit boxes and cable connection pillars",signal pedestal,nr,8.04,33.46,48.05,0,89.55,7,89.54,0.01
4853,CLASS R: ROADS AND PAVINGS,08 ANCILLARIES,"Signal pedestals; Installation of signal pedestals, loop detector unit pedestals, controller unit boxes and cable connection pillars",loop detector unit pedestral,nr,3.58,14.86,21.35,0,39.79,7,39.79,0.0
4855,CLASS R: ROADS AND PAVINGS,08 ANCILLARIES,"Excavate trench for traffic signal cable, depth ne 1.50 m; supports, backfilling",450 mm wide,m,2.68,11.17,16.02,0,29.87,11,29.86,0.01
4856,CLASS R: ROADS AND PAVINGS,08 ANCILLARIES,"Excavate trench for traffic signal cable, depth ne 1.50 m; supports, backfilling",Extra for excavating in hard material,m3,5.37,22.32,32.04,0,59.73,9,59.72,0.01
4858,CLASS R: ROADS AND PAVINGS,08 ANCILLARIES,Saw cutting grooves in pavement for detector loops and feeder cables; seal with hot bitumen sealant after installation,25 mm deep,m,3.92,16.36,23.49,0,43.77,4,43.78,-0.01
4862,CLASS R: ROADS AND PAVINGS,08 ANCILLARIES,Examples of Prime Costs for Class 1 (High Intensity) traffic and road signs (ex works),600 x 450 mm,nr,0,66.85,0,0,66.85,6,66.84,0.01
4863,CLASS R: ROADS AND PAVINGS,08 ANCILLARIES,Examples of Prime Costs for Class 1 (High Intensity) traffic and road signs (ex works),600 mm dia.,nr,0,259.8,0,0,259.8,6,259.79,0.01
4864,CLASS R: ROADS AND PAVINGS,08 ANCILLARIES,Examples of Prime Costs for Class 1 (High Intensity) traffic and road signs (ex works),600 mm triangular,nr,0,216.44,0,0,216.44,6,216.43,0.01
4865,CLASS R: ROADS AND PAVINGS,08 ANCILLARIES,Examples of Prime Costs for Class 1 (High Intensity) traffic and road signs (ex works),500 x 500 mm,nr,0,66.76,0,0,66.76,6,66.75,0.01
4866,CLASS R: ROADS AND PAVINGS,08 ANCILLARIES,Examples of Prime Costs for Class 1 (High Intensity) traffic and road signs (ex works),450 x 450 mm,nr,0,63.44,0,0,63.44,6,63.44,0.0
4867,CLASS R: ROADS AND PAVINGS,08 ANCILLARIES,Examples of Prime Costs for Class 1 (High Intensity) traffic and road signs (ex works),450 x 300 mm,nr,0,60.2,0,0,60.2,6,60.21,-0.01
4868,CLASS R: ROADS AND PAVINGS,08 ANCILLARIES,Examples of Prime Costs for Class 1 (High Intensity) traffic and road signs (ex works),1200 x 400 mm (CHEVRONS),nr,0,99.01,0,0,99.01,6,99.01,0.0
4870,CLASS R: ROADS AND PAVINGS,08 ANCILLARIES,Examples of Prime Costs for Class 21 (Engineering Grade) traffic and road signs (ex works),600 x 450 mm,nr,0,66.85,0,0,66.85,6,66.84,0.01
4871,CLASS R: ROADS AND PAVINGS,08 ANCILLARIES,Examples of Prime Costs for Class 21 (Engineering Grade) traffic and road signs (ex works),600 mm dia.,nr,0,259.8,0,0,259.8,6,259.79,0.01
4872,CLASS R: ROADS AND PAVINGS,08 ANCILLARIES,Examples of Prime Costs for Class 21 (Engineering Grade) traffic and road signs (ex works),600 mm triangular,nr,0,216.44,0,0,216.44,6,216.43,0.01
4873,CLASS R: ROADS AND PAVINGS,08 ANCILLARIES,Examples of Prime Costs for Class 21 (Engineering Grade) traffic and road signs (ex works),500 x 500 mm,nr,0,66.76,0,0,66.76,6,66.75,0.01
4874,CLASS R: ROADS AND PAVINGS,08 ANCILLARIES,Examples of Prime Costs for Class 21 (Engineering Grade) traffic and road signs (ex works),450 x 450 mm,nr,0,63.44,0,0,63.44,6,63.44,0.0
4875,CLASS R: ROADS AND PAVINGS,08 ANCILLARIES,Examples of Prime Costs for Class 21 (Engineering Grade) traffic and road signs (ex works),450 x 300 mm,nr,0,60.2,0,0,60.2,6,60.21,-0.01
4876,CLASS R: ROADS AND PAVINGS,08 ANCILLARIES,Examples of Prime Costs for Class 21 (Engineering Grade) traffic and road signs (ex works),1200 x 400 mm (CHEVRONS),nr,0,106.51,0,0,106.51,6,106.5,0.01
4879,CLASS R: ROADS AND PAVINGS,08 ANCILLARIES,Standard reflectorized traffic signs,fixed back to back to another sign (measured separately) with aluminium clips to existing post (measured separately),nr,7.15,7.88,70.19,0,85.22,11,85.22,0.0
4880,CLASS R: ROADS AND PAVINGS,08 ANCILLARIES,Standard reflectorized traffic signs,extra for fixing singly with aluminium clips,nr,1.8,0.74,1.86,0,4.4,11,4.38,0.02
4881,CLASS R: ROADS AND PAVINGS,08 ANCILLARIES,Standard reflectorized traffic signs,extra for fixing singly with stainless steel clips,nr,1.8,2.73,7.19,0,11.72,11,11.7,0.02
4882,CLASS R: ROADS AND PAVINGS,08 ANCILLARIES,Standard reflectorized traffic signs,fixed back to back to another sign (measured separately) with stainless steel clips to one new 76 mm dia. plastic coated steel posts 1.75 m long,nr,48.3,53.22,163.74,0,265.26,11,265.26,0.0
4883,CLASS R: ROADS AND PAVINGS,08 ANCILLARIES,Standard reflectorized traffic signs,extra for fixing singly to one face only,nr,1.8,0.74,0,0,2.54,10,2.53,0.01
4884,CLASS R: ROADS AND PAVINGS,08 ANCILLARIES,Standard reflectorized traffic signs,extra for 76 mm dia. 1.75 m long aluminium post,nr,3.58,1.55,52.03,0,57.16,11,57.15,0.01
4885,CLASS R: ROADS AND PAVINGS,08 ANCILLARIES,Standard reflectorized traffic signs,extra for 76 mm dia. 1.75 m long plastic coated steel post,nr,3.58,1.55,80.48,0,85.61,11,85.6,0.01
4886,CLASS R: ROADS AND PAVINGS,08 ANCILLARIES,Standard reflectorized traffic signs,extra for 76 mm dia. 3.5 m long aluminium post,nr,3.58,1.55,98.23,0,103.36,11,103.35,0.01
4887,CLASS R: ROADS AND PAVINGS,08 ANCILLARIES,Standard reflectorized traffic signs,"extra for excavation for post, in hard material",nr,196.79,83.26,0,0,280.05,10,280.03,0.02
4888,CLASS R: ROADS AND PAVINGS,08 ANCILLARIES,Standard reflectorized traffic signs,extra for single external illumination unit with fitted photo cell (excluding trenching and cabling); unit cost per face illuminated,nr,59.03,24.95,154.3,0,238.28,11,238.29,-0.01
4890,CLASS R: ROADS AND PAVINGS,08 ANCILLARIES,Standard two post signs; 1200 x 400 mm,fixed back to back to another sign (measured separately) with stainless steel clips to two new 76 mm dia. plastic coated steel posts,nr,91.24,100.51,293.31,0,485.06,11,485.06,0.0
4891,CLASS R: ROADS AND PAVINGS,08 ANCILLARIES,Standard two post signs; 1200 x 400 mm,extra for fixing singly to one face only,nr,3.58,1.55,0,0,5.13,10,5.12,0.01
4892,CLASS R: ROADS AND PAVINGS,08 ANCILLARIES,Standard two post signs; 1200 x 400 mm,extra for two 76 mm dia. 1.75 m long aluminium posts,nr,7.15,3.02,104.04,0,114.21,11,114.22,-0.01
4893,CLASS R: ROADS AND PAVINGS,08 ANCILLARIES,Standard two post signs; 1200 x 400 mm,extra for two 76 mm dia. 1.75 m long plastic coated steel posts,nr,7.15,3.02,160.96,0,171.13,11,171.14,-0.01
4894,CLASS R: ROADS AND PAVINGS,08 ANCILLARIES,Standard two post signs; 1200 x 400 mm,extra for two 76 mm dia. 3.5 m long aluminium posts,nr,7.15,3.02,196.46,0,206.63,11,206.64,-0.01
4895,CLASS R: ROADS AND PAVINGS,08 ANCILLARIES,Standard two post signs; 1200 x 400 mm,"extra for excavation for post, in hard material",nr,196.79,83.25,0,0,280.04,8,280.03,0.01
4896,CLASS R: ROADS AND PAVINGS,08 ANCILLARIES,Standard two post signs; 1200 x 400 mm,extra for single external illumination unit with fitted photo cell (including trenching and cabling); unite per face illuminated,nr,103.76,43.86,238.5,0,386.12,11,386.11,0.01
4898,CLASS R: ROADS AND PAVINGS,08 ANCILLARIES,Standard internally illuminated traffic signs; Bollard with integral mould-in translucent graphics (excluding trenching and cabling),fixing to concrete base,nr,85.87,94.59,756.53,0,936.99,11,936.99,0.0
4902,CLASS R: ROADS AND PAVINGS,08 ANCILLARIES,Externally illuminated reflectorized traffic signs manufactured to order,"special signs, surface area 1.50 m2 on two 100 mm dia. steel posts",nr,124.93,520.22,747.11,0,1392.26,11,1392.27,-0.01
4903,CLASS R: ROADS AND PAVINGS,08 ANCILLARIES,Externally illuminated reflectorized traffic signs manufactured to order,"special signs, surface area 4.00 m2 on three 100 mm dia. steel posts",m2,187.42,780.36,1120.67,0,2088.45,11,2088.44,0.01
4905,CLASS R: ROADS AND PAVINGS,08 ANCILLARIES,Internally illuminated traffic signs manufactured to order,"special signs, surface area 0.25 m2 on one new 76 mm dia. post",nr,32.82,136.68,196.28,0,365.78,11,365.78,0.0
4906,CLASS R: ROADS AND PAVINGS,08 ANCILLARIES,Internally illuminated traffic signs manufactured to order,"special signs, surface area 0.75 m2 on one new 100 mm dia. steel posts",nr,40.38,168.13,241.47,0,449.98,11,449.99,-0.01
4907,CLASS R: ROADS AND PAVINGS,08 ANCILLARIES,Internally illuminated traffic signs manufactured to order,"special signs, surface area 4.00 m2 on four new 120 mm dia. steel posts",nr,206.61,860.27,1235.45,0,2302.33,11,2302.32,0.01
4909,CLASS R: ROADS AND PAVINGS,08 ANCILLARIES,Signs on gantries; Externally illuminated reflectorized signs,1.50 m2,nr,319.32,500.49,1800.29,0,2620.1,11,2620.09,0.01
4910,CLASS R: ROADS AND PAVINGS,08 ANCILLARIES,Signs on gantries; Externally illuminated reflectorized signs,2.50 m2,nr,384.63,602.84,1844.75,0,2832.22,11,2832.2,0.02
4911,CLASS R: ROADS AND PAVINGS,08 ANCILLARIES,Signs on gantries; Externally illuminated reflectorized signs,3.00 m2,nr,549.21,860.76,2020.71,0,3430.68,11,3430.69,-0.01
4913,CLASS R: ROADS AND PAVINGS,08 ANCILLARIES,Internally illuminated sign with translucent optical reflective sheeting and remote light source,0.75 m2,nr,279.08,437.39,2006.21,0,2722.68,7,2722.68,0.0
4914,CLASS R: ROADS AND PAVINGS,08 ANCILLARIES,Internally illuminated sign with translucent optical reflective sheeting and remote light source,1.00 m2,nr,304.12,476.65,2657.94,0,3438.71,7,3438.71,0.0
4915,CLASS R: ROADS AND PAVINGS,08 ANCILLARIES,Internally illuminated sign with translucent optical reflective sheeting and remote light source,1.50 m2,nr,431.15,675.73,4095.53,0,5202.41,7,5202.4,0.01
4917,CLASS R: ROADS AND PAVINGS,08 ANCILLARIES,Existing signs; Take from store and re-erect,3.0 m high road sign,nr,50.09,78.5,72.95,0,201.54,3,201.54,0.0
4918,CLASS R: ROADS AND PAVINGS,08 ANCILLARIES,Existing signs; Take from store and re-erect,road sign on two posts,nr,89.45,140.19,145.89,0,375.53,3,375.53,0.0
4920,CLASS R: ROADS AND PAVINGS,08 ANCILLARIES,Surface markings; reflectorized white; Letters and shapes,triangles; 1.6 m high,nr,2.27,9.47,13.6,0,25.34,3,25.35,-0.01
4921,CLASS R: ROADS AND PAVINGS,08 ANCILLARIES,Surface markings; reflectorized white; Letters and shapes,triangles; 2.0 m high,nr,2.81,11.72,16.83,0,31.36,3,31.35,0.01
4922,CLASS R: ROADS AND PAVINGS,08 ANCILLARIES,Surface markings; reflectorized white; Letters and shapes,triangles; 3.75 m high,nr,3.64,15.14,21.74,0,40.52,3,40.52,0.0
4923,CLASS R: ROADS AND PAVINGS,08 ANCILLARIES,Surface markings; reflectorized white; Letters and shapes,circles with enclosing arrows; 1.6 m dia.,nr,10.9,45.43,65.24,0,121.57,3,121.57,0.0
4924,CLASS R: ROADS AND PAVINGS,08 ANCILLARIES,Surface markings; reflectorized white; Letters and shapes,arrows; 4.0 m long; straight,nr,4.55,18.93,27.19,0,50.67,3,50.67,0.0
4925,CLASS R: ROADS AND PAVINGS,08 ANCILLARIES,Surface markings; reflectorized white; Letters and shapes,arrows; 4.0 m long; turning,nr,4.55,18.93,27.19,0,50.67,3,50.67,0.0
4926,CLASS R: ROADS AND PAVINGS,08 ANCILLARIES,Surface markings; reflectorized white; Letters and shapes,arrows; 6.0 m long; straight,nr,5.46,22.71,32.61,0,60.78,3,60.78,0.0
4927,CLASS R: ROADS AND PAVINGS,08 ANCILLARIES,Surface markings; reflectorized white; Letters and shapes,arrows; 6.0 m long; turning,nr,5.46,22.71,32.61,0,60.78,3,60.78,0.0
4928,CLASS R: ROADS AND PAVINGS,08 ANCILLARIES,Surface markings; reflectorized white; Letters and shapes,arrows; 6.0 m long; curved,nr,5.46,22.71,32.61,0,60.78,3,60.78,0.0
4929,CLASS R: ROADS AND PAVINGS,08 ANCILLARIES,Surface markings; reflectorized white; Letters and shapes,arrows; 6.0 m long; double headed,nr,7.64,31.8,45.67,0,85.11,3,85.1,0.01
4930,CLASS R: ROADS AND PAVINGS,08 ANCILLARIES,Surface markings; reflectorized white; Letters and shapes,arrows; 8.0 m long; double headed,nr,10.9,45.43,65.24,0,121.57,3,121.57,0.0
4931,CLASS R: ROADS AND PAVINGS,08 ANCILLARIES,Surface markings; reflectorized white; Letters and shapes,arrows; 16.0 m long; double headed,nr,16.36,68.14,97.86,0,182.36,3,182.36,0.0
4932,CLASS R: ROADS AND PAVINGS,08 ANCILLARIES,Surface markings; reflectorized white; Letters and shapes,arrows; 32.0 m long; double headed,nr,21.82,90.85,130.47,0,243.14,3,243.14,0.0
4933,CLASS R: ROADS AND PAVINGS,08 ANCILLARIES,Surface markings; reflectorized white; Letters and shapes,letters or numerals; 1.6 m high,nr,1.41,5.86,8.41,0,15.68,3,15.68,0.0
4934,CLASS R: ROADS AND PAVINGS,08 ANCILLARIES,Surface markings; reflectorized white; Letters and shapes,letters or numerals; 2.0 m high,nr,2.09,8.71,12.51,0,23.31,3,23.31,0.0
4935,CLASS R: ROADS AND PAVINGS,08 ANCILLARIES,Surface markings; reflectorized white; Letters and shapes,letters or numerals; 3.75 m high,nr,3.64,15.14,21.74,0,40.52,3,40.52,0.0
4937,CLASS R: ROADS AND PAVINGS,08 ANCILLARIES,Continuous lines (reflectorized white),150 mm wide,m,0.27,1.12,1.61,0,3.0,7,3.0,0.0
4938,CLASS R: ROADS AND PAVINGS,08 ANCILLARIES,Continuous lines (reflectorized white),200 mm wide,m,0.31,1.3,1.88,0,3.49,7,3.51,-0.02
4940,CLASS R: ROADS AND PAVINGS,08 ANCILLARIES,Intermittent lines (reflectorized white),60 mm wide; 0.60 m line and 0.60 m gap,m,0.14,0.6,0.85,0,1.59,7,1.59,0.0
4941,CLASS R: ROADS AND PAVINGS,08 ANCILLARIES,Intermittent lines (reflectorized white),100 mm wide; 1.0 m line and 5.0 m gap,m,0.14,0.6,0.88,0,1.62,7,1.63,-0.01
4942,CLASS R: ROADS AND PAVINGS,08 ANCILLARIES,Intermittent lines (reflectorized white),100 mm wide; 2.0 m line and 7.0 m gap,m,0.15,0.65,0.94,0,1.74,7,1.75,-0.01
4943,CLASS R: ROADS AND PAVINGS,08 ANCILLARIES,Intermittent lines (reflectorized white),100 mm wide; 4.0 m line and 2.0 m gap,m,0.15,0.68,0.96,0,1.79,7,1.78,0.01
4944,CLASS R: ROADS AND PAVINGS,08 ANCILLARIES,Intermittent lines (reflectorized white),100 mm wide; 6.0 m line and 3.0 m gap,m,0.15,0.68,0.97,0,1.8,7,1.81,-0.01
4945,CLASS R: ROADS AND PAVINGS,08 ANCILLARIES,Intermittent lines (reflectorized white),150 mm wide; 1.0 m line and 5.0 m gap,m,0.2,0.85,1.23,0,2.28,7,2.29,-0.01
4946,CLASS R: ROADS AND PAVINGS,08 ANCILLARIES,Intermittent lines (reflectorized white),150 mm wide; 6.0 m line and 3.0 m gap,m,0.22,0.89,1.27,0,2.38,7,2.38,0.0
4947,CLASS R: ROADS AND PAVINGS,08 ANCILLARIES,Intermittent lines (reflectorized white),150 mm wide; 0.60 m line and 0.30 m gap,m,0.27,1.09,1.57,0,2.93,7,2.92,0.01
4948,CLASS R: ROADS AND PAVINGS,08 ANCILLARIES,Intermittent lines (reflectorized white),200 mm wide; 0.60 m line and 0.30 m gap,m,0.27,1.09,1.57,0,2.93,7,2.92,0.01
4949,CLASS R: ROADS AND PAVINGS,08 ANCILLARIES,Intermittent lines (reflectorized white),200 mm wide; 1.0 m line and 1.0 m gap,m,0.27,1.09,1.57,0,2.93,7,2.92,0.01
4951,CLASS R: ROADS AND PAVINGS,08 ANCILLARIES,Surface markings; reflectorized yellow; Continuous lines,100 mm wide,m,0.3,1.24,1.79,0,3.33,3,3.33,0.0
4952,CLASS R: ROADS AND PAVINGS,08 ANCILLARIES,Surface markings; reflectorized yellow; Continuous lines,150 mm wide,m,0.33,1.39,2.0,0,3.72,3,3.72,0.0
4954,CLASS R: ROADS AND PAVINGS,08 ANCILLARIES,Intermittent lines (reflectorized yellow),kerb marking; 0.25 m long,nr,0.31,1.3,1.88,0,3.49,7,3.51,-0.02
4958,CLASS R: ROADS AND PAVINGS,08 ANCILLARIES,Vinyl strip markings (pedestrian crossings and similar locations),200 mm wide line,m,1.34,5.62,8.08,0,15.04,7,15.05,-0.01
4959,CLASS R: ROADS AND PAVINGS,08 ANCILLARIES,Vinyl strip markings (pedestrian crossings and similar locations),600 x 300 mm single stud tile,nr,2.35,9.83,14.11,0,26.29,7,26.29,0.0
4961,CLASS R: ROADS AND PAVINGS,08 ANCILLARIES,Removal of existing reflectorized thermoplastic markings,100 mm wide line,m,0.24,1.0,1.43,0,2.67,7,2.66,0.01
4962,CLASS R: ROADS AND PAVINGS,08 ANCILLARIES,Removal of existing reflectorized thermoplastic markings,150 mm wide line,m,0.34,1.46,2.1,0,3.9,7,3.91,-0.01
4963,CLASS R: ROADS AND PAVINGS,08 ANCILLARIES,Removal of existing reflectorized thermoplastic markings,200 mm wide line,m,0.47,1.98,2.83,0,5.28,7,5.28,0.0
4964,CLASS R: ROADS AND PAVINGS,08 ANCILLARIES,Removal of existing reflectorized thermoplastic markings,arrow or letter ne 6.0 m long,nr,3.66,15.21,21.86,0,40.73,7,40.73,0.0
4965,CLASS R: ROADS AND PAVINGS,08 ANCILLARIES,Removal of existing reflectorized thermoplastic markings,arrow or letter 6.0-16.00 m long,nr,14.32,59.6,85.6,0,159.52,7,159.53,-0.01
4967,CLASS R: ROADS AND PAVINGS,08 ANCILLARIES,Reflecting road studs; General,100 x 100 mm square bi-directional reflecting road studs with amber corner cube reflectors,nr,0.17,0.74,1.06,0,1.97,3,1.97,0.0
4968,CLASS R: ROADS AND PAVINGS,08 ANCILLARIES,Reflecting road studs; General,140 x 254 mm rectangular one way reflecting road studs with red catseye reflectors,nr,0.41,1.67,2.41,0,4.49,3,4.49,0.0
4969,CLASS R: ROADS AND PAVINGS,08 ANCILLARIES,Reflecting road studs; General,140 x 254 mm rectangular one way reflecting road studs with green catseye reflectors,nr,0.42,1.73,2.49,0,4.64,3,4.65,-0.01
4970,CLASS R: ROADS AND PAVINGS,08 ANCILLARIES,Reflecting road studs; General,140 x 254 mm rectangular bi-directional reflecting road studs with white catseye reflectors,nr,0.41,1.73,2.49,0,4.63,3,4.63,0.0
4971,CLASS R: ROADS AND PAVINGS,08 ANCILLARIES,Reflecting road studs; General,140 x 254 mm rectangular bi-directional reflecting road studs with amber catseye reflectors,nr,0.41,1.73,2.49,0,4.63,3,4.63,0.0
4972,CLASS R: ROADS AND PAVINGS,08 ANCILLARIES,Reflecting road studs; General,140 x 254 mm rectangular bi-directional reflecting road stud without catseye reflectors,nr,0.25,1.08,1.54,0,2.87,3,2.87,0.0
4974,CLASS R: ROADS AND PAVINGS,08 ANCILLARIES,Removal of road studs,Remove from store and re-install 100 x 100 mm square bi-directional reflecting road stud with corner cube reflectors,nr,0.08,0.36,0.51,0,0.95,3,0.96,-0.01
4975,CLASS R: ROADS AND PAVINGS,08 ANCILLARIES,Removal of road studs,Remove from store and re-install 140 x 254 mm rectangular one way reflecting road stud with catseye reflectors,nr,0.2,0.85,1.22,0,2.27,3,2.27,0.0
4990,CLASS S: RAIL TRACK,01 TRACK FOUNDATIONS,Ballast; Imported crushed granite,Bottom ballast,m3,0,0,99.62,0,99.62,1,99.62,0.0
4991,CLASS S: RAIL TRACK,01 TRACK FOUNDATIONS,Ballast; Imported crushed granite,Top ballast,m3,0,0,99.62,0,99.62,1,99.62,0.0
4993,CLASS S: RAIL TRACK,01 TRACK FOUNDATIONS,Imported granular material,Blankets; 150 mm thick,m3,0,0,83.03,0,83.03,1,83.03,0.0
4995,CLASS S: RAIL TRACK,01 TRACK FOUNDATIONS,Imported sand,Blinding; 100 mm thick,m3,0,0,49.82,0,49.82,1,49.82,0.0
4997,CLASS S: RAIL TRACK,01 TRACK FOUNDATIONS,Waterproof membranes; Polythene sheeting,Waterproof membrane; 1200 gauge,m2,0,0,5.58,0,5.58,1,5.58,0.0
4999,CLASS S: RAIL TRACK,01 TRACK FOUNDATIONS,Ballast cleaning,"Machine ballast cleaning, on straight or curved track; formation depth 450 mm",m2,43.12,962.68,0,0,1005.8,7,1005.81,-0.01
5001,CLASS S: RAIL TRACK,01 TRACK FOUNDATIONS,Tamping,Machine tamping; straight track,m,71.87,250.51,0,0,322.38,7,322.37,0.01
5003,CLASS S: RAIL TRACK,01 TRACK FOUNDATIONS,Pneumatic ballast injection,Pneumatic ballast injection: Stone blowing,m2,71.87,28.12,0,0,99.99,7,99.99,0.0
5006,CLASS S: RAIL TRACK,02 TAKING UP,Taking up; dismantling into individual components; sorting; storing on site where directed; Bullhead or flat bottom rails,plain track; fishplated; timber sleepers,m,10.81,0,0,0,10.81,4,10.81,0.0
5007,CLASS S: RAIL TRACK,02 TAKING UP,Taking up; dismantling into individual components; sorting; storing on site where directed; Bullhead or flat bottom rails,plain track; fishplated; concrete sleepers,m,15.13,0,0,0,15.13,5,15.12,0.01
5008,CLASS S: RAIL TRACK,02 TAKING UP,Taking up; dismantling into individual components; sorting; storing on site where directed; Bullhead or flat bottom rails,plain track; welded; timber sleepers,m,10.81,0,0,0,10.81,4,10.81,0.0
5009,CLASS S: RAIL TRACK,02 TAKING UP,Taking up; dismantling into individual components; sorting; storing on site where directed; Bullhead or flat bottom rails,plain track; welded; concrete sleepers,m,15.13,0,0,0,15.13,5,15.12,0.01
5010,CLASS S: RAIL TRACK,02 TAKING UP,Taking up; dismantling into individual components; sorting; storing on site where directed; Bullhead or flat bottom rails,turnouts; fishplated; timber sleepers,nr,1213.88,0,0,0,1213.88,4,1213.88,0.0
5011,CLASS S: RAIL TRACK,02 TAKING UP,Taking up; dismantling into individual components; sorting; storing on site where directed; Bullhead or flat bottom rails,diamond crossings; fishplated; timber sleepers,nr,1972.55,0,0,0,1972.55,4,1972.55,0.0
5013,CLASS S: RAIL TRACK,02 TAKING UP,Dock and crane rails,plain track; welded; base plates,m,19.44,0,0,0,19.44,5,19.44,0.0
5014,CLASS S: RAIL TRACK,02 TAKING UP,Dock and crane rails,turnouts; welded; base plates,nr,1213.89,0,0,0,1213.89,5,1213.88,0.01
5015,CLASS S: RAIL TRACK,02 TAKING UP,Dock and crane rails,diamonds; welded; base plates,nr,1972.55,0,0,0,1972.55,5,1972.55,0.0
5017,CLASS S: RAIL TRACK,02 TAKING UP,Check and guard rails,plain track; fishplated,m,10.81,0,0,0,10.81,5,10.81,0.0
5019,CLASS S: RAIL TRACK,02 TAKING UP,Conductor rails,plain track; fishplated,m,11.34,0,0,0,11.34,5,11.34,0.0
5021,CLASS S: RAIL TRACK,02 TAKING UP,Sundries,buffer stops,nr,252.89,0,0,0,252.89,5,252.9,-0.01
5022,CLASS S: RAIL TRACK,02 TAKING UP,Sundries,retarders,nr,354.06,0,0,0,354.06,5,354.05,0.01
5023,CLASS S: RAIL TRACK,02 TAKING UP,Sundries,wheel stops,nr,106.22,0,0,0,106.22,5,106.22,0.0
5024,CLASS S: RAIL TRACK,02 TAKING UP,Sundries,lubricators,nr,151.73,0,0,0,151.73,5,151.73,0.0
5025,CLASS S: RAIL TRACK,02 TAKING UP,Sundries,switch heaters,nr,242.77,0,0,0,242.77,5,242.78,-0.01
5026,CLASS S: RAIL TRACK,02 TAKING UP,Sundries,switch levers,nr,151.73,0,0,0,151.73,5,151.73,0.0
5029,CLASS S: RAIL TRACK,"03 LIFTING, PACKING AND SLEWING",,Bullhead rail track; fishplated; timber sleepers,m,763.44,0,0,0,763.44,4,763.45,-0.01
5030,CLASS S: RAIL TRACK,"03 LIFTING, PACKING AND SLEWING",,Bullhead rail track; fishplated; concrete sleepers,m,763.44,0,0,0,763.44,5,763.45,-0.01
5031,CLASS S: RAIL TRACK,"03 LIFTING, PACKING AND SLEWING",,Bullhead rail track with turnout; timber sleepers,m,477.16,0,0,0,477.16,4,477.15,0.01
5032,CLASS S: RAIL TRACK,"03 LIFTING, PACKING AND SLEWING",,Flat bottom rail track; welded; timber sleepers,m,763.44,0,0,0,763.44,4,763.45,-0.01
5033,CLASS S: RAIL TRACK,"03 LIFTING, PACKING AND SLEWING",,Flat bottom rail track; welded; concrete sleepers,m,763.44,0,0,0,763.44,5,763.45,-0.01
5034,CLASS S: RAIL TRACK,"03 LIFTING, PACKING AND SLEWING",,Flat bottom rail track with turnout; concrete sleepers,nr,636.14,0,0,0,636.14,5,636.14,0.0
5035,CLASS S: RAIL TRACK,"03 LIFTING, PACKING AND SLEWING",,Spot replacement of sleepers; Timber sleeper,nr,190.85,8.25,55.25,0,254.35,11,254.35,0.0
5036,CLASS S: RAIL TRACK,"03 LIFTING, PACKING AND SLEWING",,Spot replacement of sleepers; Concrete sleeper,nr,95.42,7.17,105.67,0,208.26,10,208.26,0.0
5037,CLASS S: RAIL TRACK,"03 LIFTING, PACKING AND SLEWING",,Existing rail turning and refixing; plain with conductor rail & turnouts,nr,477.16,277.36,0,0,754.52,14,754.51,0.01
5039,CLASS S: RAIL TRACK,"03 LIFTING, PACKING AND SLEWING","Lifting, packing and slewing (continued)",Rerailing,m,76.36,0,0,0,76.36,3,76.35,0.01
5040,CLASS S: RAIL TRACK,"03 LIFTING, PACKING AND SLEWING","Lifting, packing and slewing (continued)",Stressing rail,m,159.04,0,291.88,0,450.92,4,450.92,0.0
5041,CLASS S: RAIL TRACK,"03 LIFTING, PACKING AND SLEWING","Lifting, packing and slewing (continued)",Buffer stops,nr,477.15,76.5,0,0,553.65,9,553.65,0.0
5044,CLASS S: RAIL TRACK,04 SUPPLYING (STANDARD GAUGE TRACK),Bullhead rails; BS 11; delivered in standard 18.288 m lengths,"BS95R section, 47 kg/m; for jointed track",tonne,0,0,1417.71,0,1417.71,1,1417.71,0.0
5046,CLASS S: RAIL TRACK,04 SUPPLYING (STANDARD GAUGE TRACK),Flat bottom rails; BS 11; delivered in standard 18.288 m lengths,"BS 113 'A' section, 56 kg/m; for jointed track",tonne,0,0,1417.71,0,1417.71,1,1417.71,0.0
5047,CLASS S: RAIL TRACK,04 SUPPLYING (STANDARD GAUGE TRACK),Flat bottom rails; BS 11; delivered in standard 18.288 m lengths,"BS 113 'A' section, 40 kg/m; for welded track",tonne,0,0,1417.71,0,1417.71,1,1417.71,0.0
5048,CLASS S: RAIL TRACK,04 SUPPLYING (STANDARD GAUGE TRACK),Flat bottom rails; BS 11; delivered in standard 18.288 m lengths,Extra for curved rails to form super elevation; radius over 600 m,%,0,0,33.76,0,33.76,1,33.76,0.0
5050,CLASS S: RAIL TRACK,04 SUPPLYING (STANDARD GAUGE TRACK),Check and guard rails; BS 11; delivered in standard 18.288 m lengths; flange planed to allow 50 mm free wheel clearance,"BS 113 'A' section, 56 kg/m; for bolting",tonne,0,0,1692.38,0,1692.38,1,1692.38,0.0
5052,CLASS S: RAIL TRACK,04 SUPPLYING (STANDARD GAUGE TRACK),Conductor rails; BS 11; delivered in standard 18.288 m lengths,"BS 113 'A' section, 56 kg/m; for bolting",tonne,0,0,1692.38,0,1692.38,1,1692.38,0.0
5054,CLASS S: RAIL TRACK,04 SUPPLYING (STANDARD GAUGE TRACK),Twist rails; BS 11; delivered in standard 18.288 m lengths,"BS 113 'A' section, 56 kg/m; for bolting",tonne,0,0,1692.38,0,1692.38,1,1692.38,0.0
5056,CLASS S: RAIL TRACK,04 SUPPLYING (STANDARD GAUGE TRACK),Sleepers; bullhead track timber sleepers,2600 x 250 x 130 mm,nr,0,0,46.09,0,46.09,1,46.09,0.0
5058,CLASS S: RAIL TRACK,04 SUPPLYING (STANDARD GAUGE TRACK),Sleepers; bullhead track concrete sleepers,2600 x 250 x 130 mm,nr,0,0,81.76,0,81.76,1,81.76,0.0
5060,CLASS S: RAIL TRACK,04 SUPPLYING (STANDARD GAUGE TRACK),Sleepers; bullhead track steel sleepers,2525 x 264 x 204 mm,nr,0,0,109.87,0,109.87,1,109.87,0.0
5062,CLASS S: RAIL TRACK,04 SUPPLYING (STANDARD GAUGE TRACK),Sleepers; Flat bottom track timber sleepers,2600 x 250 x 130 mm,nr,0,0,46.09,0,46.09,1,46.09,0.0
5064,CLASS S: RAIL TRACK,04 SUPPLYING (STANDARD GAUGE TRACK),Sleepers; Flat bottom track concrete sleepers,2600 x 250 x 130 mm,nr,0,0,81.76,0,81.76,1,81.76,0.0
5066,CLASS S: RAIL TRACK,04 SUPPLYING (STANDARD GAUGE TRACK),Sleepers; Flat bottom track steel sleepers,2525 x 264 x 204 mm,nr,0,0,109.87,0,109.87,1,109.87,0.0
5068,CLASS S: RAIL TRACK,04 SUPPLYING (STANDARD GAUGE TRACK),Fittings,"cast iron chairs complete with chair screws, plastic ferrules, spring steels and keys; BR type S1",nr,0,0,92.15,0,92.15,1,92.15,0.0
5069,CLASS S: RAIL TRACK,04 SUPPLYING (STANDARD GAUGE TRACK),Fittings,"cast iron chairs complete with chair screws, plastic ferrules, spring steels and keys; BR type CC",nr,0,0,129.34,0,129.34,1,129.34,0.0
5070,CLASS S: RAIL TRACK,04 SUPPLYING (STANDARD GAUGE TRACK),Fittings,"cast iron chairs complete with resilient pad, chair screws, ferrules, rail clips and nylon insulators; BR type PAN 6",nr,0,0,70.43,0,70.43,1,70.43,0.0
5071,CLASS S: RAIL TRACK,04 SUPPLYING (STANDARD GAUGE TRACK),Fittings,"cast iron chairs complete with resilient pad, chair screws, ferrules, rail clips and nylon insulators; BR type VN",nr,0,0,79.74,0,79.74,1,79.74,0.0
5072,CLASS S: RAIL TRACK,04 SUPPLYING (STANDARD GAUGE TRACK),Fittings,"cast iron chairs complete with resilient pad, chair screws, ferrules, rail clips and nylon insulators; BR type C",nr,0,0,60.25,0,60.25,1,60.25,0.0
5073,CLASS S: RAIL TRACK,04 SUPPLYING (STANDARD GAUGE TRACK),Fittings,Pandrol rail clips and nylon insulator,nr,101.98,0,4.98,0,106.96,5,106.97,-0.01
5074,CLASS S: RAIL TRACK,04 SUPPLYING (STANDARD GAUGE TRACK),Fittings,"plain fishplates; for BS95R section rail, skirted pattern; sets of two; complete with fishbolts, nuts and washers",nr,0,0,177.2,0,177.2,1,177.2,0.0
5075,CLASS S: RAIL TRACK,04 SUPPLYING (STANDARD GAUGE TRACK),Fittings,"plain fishplates; for BS95R section rail, joggled pattern; sets of two; complete with fishbolts, nuts and washers",nr,0,0,203.8,0,203.8,1,203.8,0.0
5076,CLASS S: RAIL TRACK,04 SUPPLYING (STANDARD GAUGE TRACK),Fittings,"plain fishplates; for BS113 'A' section rail, shallow section; sets of two; complete with fishbolts, nuts and washers",nr,0,0,177.2,0,177.2,1,177.2,0.0
5077,CLASS S: RAIL TRACK,04 SUPPLYING (STANDARD GAUGE TRACK),Fittings,"insulated fishplates; BS95R section rail, steel billet pattern; sets of two; complete with high tensile steel bolts, nuts and washers",nr,0,0,102.78,0,102.78,1,102.78,0.0
5078,CLASS S: RAIL TRACK,04 SUPPLYING (STANDARD GAUGE TRACK),Fittings,"cast iron spacer block between running and guard rails; for BS95R section rail; M25 x 220 mm bolt, nut and washers",nr,0,0,79.75,0,79.75,1,79.75,0.0
5079,CLASS S: RAIL TRACK,04 SUPPLYING (STANDARD GAUGE TRACK),Fittings,"cast iron spacer block between running and guard rails; for BS113 'A' section rail; M25 x 220 mm bolt, nut and washers",nr,0,0,79.75,0,79.75,1,79.75,0.0
5081,CLASS S: RAIL TRACK,04 SUPPLYING (STANDARD GAUGE TRACK),"Prefabricated Turnouts; complete with closures, check rails, fittings, etc.",Type B8; BS 95R bullhead rail with timber bearers,nr,0,0,37214.61,0,37214.61,1,37214.61,0.0
5082,CLASS S: RAIL TRACK,04 SUPPLYING (STANDARD GAUGE TRACK),"Prefabricated Turnouts; complete with closures, check rails, fittings, etc.",Type C10; BS 95R bullhead rail with concrete bearers,nr,0,0,2924.01,0,2924.01,1,2924.01,0.0
5083,CLASS S: RAIL TRACK,04 SUPPLYING (STANDARD GAUGE TRACK),"Prefabricated Turnouts; complete with closures, check rails, fittings, etc.",Type C10; BS 95R bullhead rail with steel bearers,nr,0,0,2924.01,0,2924.01,1,2924.01,0.0
5084,CLASS S: RAIL TRACK,04 SUPPLYING (STANDARD GAUGE TRACK),"Prefabricated Turnouts; complete with closures, check rails, fittings, etc.",Type Bx8; BS 113 'A' section flat bottom rail with timber bearers,nr,0,0,24456.4,0,24456.4,1,24456.4,0.0
5085,CLASS S: RAIL TRACK,04 SUPPLYING (STANDARD GAUGE TRACK),"Prefabricated Turnouts; complete with closures, check rails, fittings, etc.",Type Cv9.25; BS 113 'A' section flat bottom rail with concrete bearers,nr,0,0,38802.86,0,38802.86,1,38802.86,0.0
5086,CLASS S: RAIL TRACK,04 SUPPLYING (STANDARD GAUGE TRACK),"Prefabricated Turnouts; complete with closures, check rails, fittings, etc.",Type Cv9.25; BS 113 'A' section flat bottom rail with sleeper bearers,nr,0,0,38802.86,0,38802.86,1,38802.86,0.0
5088,CLASS S: RAIL TRACK,04 SUPPLYING (STANDARD GAUGE TRACK),"Prefabricated Diamond crossings; complete with closures, check rails, fittings, timber sleepers","RT standard design, angle 1 in 4; BS95R bullhead rail",nr,0,0,163035.37,0,163035.37,1,163035.37,0.0
5089,CLASS S: RAIL TRACK,04 SUPPLYING (STANDARD GAUGE TRACK),"Prefabricated Diamond crossings; complete with closures, check rails, fittings, timber sleepers","RT standard design, angle 1 in 4; BS113 'A' section flat bottom rail",nr,0,0,177212.34,0,177212.34,1,177212.34,0.0
5091,CLASS S: RAIL TRACK,04 SUPPLYING (STANDARD GAUGE TRACK),Sundries,"buffer stops; single raker, steel rail and timber; 2 tonnes approximate weight",nr,0,0,19467.11,0,19467.11,1,19467.11,0.0
5092,CLASS S: RAIL TRACK,04 SUPPLYING (STANDARD GAUGE TRACK),Sundries,"buffer stops; double raker, steel rail and timber; 2.5 tonnes approximate weight",nr,0,0,21757.37,0,21757.37,1,21757.37,0.0
5093,CLASS S: RAIL TRACK,04 SUPPLYING (STANDARD GAUGE TRACK),Sundries,wheel stops; steel; 100 kg approximate weight,nr,0,0,916.1,0,916.1,1,916.1,0.0
5094,CLASS S: RAIL TRACK,04 SUPPLYING (STANDARD GAUGE TRACK),Sundries,lubricators; single rail,nr,0,0,1755.87,0,1755.87,1,1755.87,0.0
5095,CLASS S: RAIL TRACK,04 SUPPLYING (STANDARD GAUGE TRACK),Sundries,lubricators; double rail,nr,0,0,3435.39,0,3435.39,1,3435.39,0.0
5096,CLASS S: RAIL TRACK,04 SUPPLYING (STANDARD GAUGE TRACK),Sundries,switch heaters; single rail,nr,381.73,0,129.17,0,510.9,6,510.9,0.0
5097,CLASS S: RAIL TRACK,04 SUPPLYING (STANDARD GAUGE TRACK),Sundries,switch heater; double rail,nr,572.58,0,148.29,0,720.87,6,720.87,0.0
5098,CLASS S: RAIL TRACK,04 SUPPLYING (STANDARD GAUGE TRACK),Sundries,switch levers; upright pattern,nr,0,0,1168.03,0,1168.03,1,1168.03,0.0
5099,CLASS S: RAIL TRACK,04 SUPPLYING (STANDARD GAUGE TRACK),Sundries,switch levers; flush type,nr,0,0,1168.03,0,1168.03,1,1168.03,0.0
5100,CLASS S: RAIL TRACK,04 SUPPLYING (STANDARD GAUGE TRACK),Sundries,conductor rail guard boards,m,190.85,0,0,0,190.85,5,190.85,0.0
5103,CLASS S: RAIL TRACK,07 TRACK (SUPPLY & INSTALLATION),"Bullhead rails; BS11 Delivered in standard 18.288 m lengths; Jointed with fishplates; Softwood sleepers; BS95R section, 47 kg/m; for jointed track",plain track,m,71.56,611.19,670.1,0,1352.85,15,1352.87,-0.02
5104,CLASS S: RAIL TRACK,07 TRACK (SUPPLY & INSTALLATION),"Bullhead rails; BS11 Delivered in standard 18.288 m lengths; Jointed with fishplates; Softwood sleepers; BS95R section, 47 kg/m; for jointed track","form curve in plain track, radius ne 300 m",m,79.52,611.19,670.05,0,1360.76,15,1360.77,-0.01
5105,CLASS S: RAIL TRACK,07 TRACK (SUPPLY & INSTALLATION),"Bullhead rails; BS11 Delivered in standard 18.288 m lengths; Jointed with fishplates; Softwood sleepers; BS95R section, 47 kg/m; for jointed track","form curve in plain track, radius over 300 m",m,127.24,611.19,670.05,0,1408.48,15,1408.49,-0.01
5106,CLASS S: RAIL TRACK,07 TRACK (SUPPLY & INSTALLATION),"Bullhead rails; BS11 Delivered in standard 18.288 m lengths; Jointed with fishplates; Softwood sleepers; BS95R section, 47 kg/m; for jointed track",extra for curved rails to form super elevation; Radius over 600 mm,%,2.01,15.4,16.87,0,34.28,15,34.27,0.01
5108,CLASS S: RAIL TRACK,07 TRACK (SUPPLY & INSTALLATION),"Bullhead rails; BS11 Delivered in standard 18.288 m lengths; Jointed with fishplates; Concrete sleepers; BS95R section, 47 kg/m; for jointed track",plain track,m,63.62,611.19,753.43,0,1428.24,10,1428.24,0.0
5109,CLASS S: RAIL TRACK,07 TRACK (SUPPLY & INSTALLATION),"Bullhead rails; BS11 Delivered in standard 18.288 m lengths; Jointed with fishplates; Concrete sleepers; BS95R section, 47 kg/m; for jointed track","form curve in plain track, radius ne 300 m",m,79.52,611.19,753.43,0,1444.14,10,1444.15,-0.01
5110,CLASS S: RAIL TRACK,07 TRACK (SUPPLY & INSTALLATION),"Bullhead rails; BS11 Delivered in standard 18.288 m lengths; Jointed with fishplates; Concrete sleepers; BS95R section, 47 kg/m; for jointed track","form curve in plain track, radius over 300 m",m,87.48,611.19,753.43,0,1452.1,10,1452.1,0.0
5112,CLASS S: RAIL TRACK,07 TRACK (SUPPLY & INSTALLATION),Bullhead rails; jointed with fishplates; Concrete sleepers; BS95R 47 kg/m (continued),extra for curved rails to form super elevation; Radius over 600 mm,%,1.99,14.2,18.08,0,34.27,12,34.26,0.01
5114,CLASS S: RAIL TRACK,07 TRACK (SUPPLY & INSTALLATION),"Bullhead rails; BS11 Delivered in standard 18.288 m lengths; Welded joints; Softwood sleepers; BS95R section, 47 kg/m; for jointed track",plain track,m,63.62,611.19,650.74,0,1325.55,13,1325.55,0.0
5115,CLASS S: RAIL TRACK,07 TRACK (SUPPLY & INSTALLATION),"Bullhead rails; BS11 Delivered in standard 18.288 m lengths; Welded joints; Softwood sleepers; BS95R section, 47 kg/m; for jointed track","form curve in plain track, radius ne 300 m",m,63.62,611.19,650.74,0,1325.55,13,1325.55,0.0
5116,CLASS S: RAIL TRACK,07 TRACK (SUPPLY & INSTALLATION),"Bullhead rails; BS11 Delivered in standard 18.288 m lengths; Welded joints; Softwood sleepers; BS95R section, 47 kg/m; for jointed track","form curve in plain track, radius over 300 m",m,63.62,611.19,650.74,0,1325.55,13,1325.55,0.0
5117,CLASS S: RAIL TRACK,07 TRACK (SUPPLY & INSTALLATION),"Bullhead rails; BS11 Delivered in standard 18.288 m lengths; Welded joints; Softwood sleepers; BS95R section, 47 kg/m; for jointed track",extra for curved rails to form super elevation; Radius over 600 mm,%,1.65,15.76,16.78,0,34.19,13,34.19,0.0
5119,CLASS S: RAIL TRACK,07 TRACK (SUPPLY & INSTALLATION),"Bullhead rails; BS11 Delivered in standard 18.288 m lengths; Welded joints; Concrete sleepers; BS95R section, 47 kg/m; for jointed track",plain track,m,83.67,611.19,734.11,0,1428.97,8,1428.97,0.0
5120,CLASS S: RAIL TRACK,07 TRACK (SUPPLY & INSTALLATION),"Bullhead rails; BS11 Delivered in standard 18.288 m lengths; Welded joints; Concrete sleepers; BS95R section, 47 kg/m; for jointed track","form curve in plain track, radius ne 300 m",m,87.48,611.19,734.11,0,1432.78,8,1432.79,-0.01
5121,CLASS S: RAIL TRACK,07 TRACK (SUPPLY & INSTALLATION),"Bullhead rails; BS11 Delivered in standard 18.288 m lengths; Welded joints; Concrete sleepers; BS95R section, 47 kg/m; for jointed track","form curve in plain track, radius over 300 m",m,95.43,611.19,734.28,0,1440.9,8,1440.9,0.0
5122,CLASS S: RAIL TRACK,07 TRACK (SUPPLY & INSTALLATION),"Bullhead rails; BS11 Delivered in standard 18.288 m lengths; Welded joints; Concrete sleepers; BS95R section, 47 kg/m; for jointed track",extra for curved rails to form super elevation; Radius over 600 mm,%,2.09,14.63,17.58,0,34.3,8,34.29,0.01
5124,CLASS S: RAIL TRACK,07 TRACK (SUPPLY & INSTALLATION),"Flat bottom rails; BS11 Delivered in standard 18.288 m lengths; Jointed with fishplates; Softwood sleepers; BS 113 'A' section, 56 kg/m; for jointed track",plain track,m,63.62,611.19,694.0,0,1368.81,15,1368.82,-0.01
5125,CLASS S: RAIL TRACK,07 TRACK (SUPPLY & INSTALLATION),"Flat bottom rails; BS11 Delivered in standard 18.288 m lengths; Jointed with fishplates; Softwood sleepers; BS 113 'A' section, 56 kg/m; for jointed track","form curve in plain track, radius ne 300 m",m,71.56,611.19,713.51,0,1396.26,15,1396.27,-0.01
5126,CLASS S: RAIL TRACK,07 TRACK (SUPPLY & INSTALLATION),"Flat bottom rails; BS11 Delivered in standard 18.288 m lengths; Jointed with fishplates; Softwood sleepers; BS 113 'A' section, 56 kg/m; for jointed track","form curve in plain track, radius over 300 m",m,71.56,611.19,725.45,0,1408.2,15,1408.21,-0.01
5127,CLASS S: RAIL TRACK,07 TRACK (SUPPLY & INSTALLATION),"Flat bottom rails; BS11 Delivered in standard 18.288 m lengths; Jointed with fishplates; Softwood sleepers; BS 113 'A' section, 56 kg/m; for jointed track",extra for curved rails to form super elevation; Radius over 600 mm,%,1.75,14.98,17.48,0,34.21,15,34.2,0.01
5129,CLASS S: RAIL TRACK,07 TRACK (SUPPLY & INSTALLATION),"Flat bottom rails; BS11 Delivered in standard 18.288 m lengths; Jointed with fishplates; Concrete sleepers; BS 113 'A' section, 56 kg/m; for jointed track",plain track,m,63.62,611.19,777.38,0,1452.19,10,1452.19,0.0
5130,CLASS S: RAIL TRACK,07 TRACK (SUPPLY & INSTALLATION),"Flat bottom rails; BS11 Delivered in standard 18.288 m lengths; Jointed with fishplates; Concrete sleepers; BS 113 'A' section, 56 kg/m; for jointed track","form curve in plain track, radius ne 300 m",m,71.56,611.19,796.89,0,1479.64,10,1479.65,-0.01
5131,CLASS S: RAIL TRACK,07 TRACK (SUPPLY & INSTALLATION),"Flat bottom rails; BS11 Delivered in standard 18.288 m lengths; Jointed with fishplates; Concrete sleepers; BS 113 'A' section, 56 kg/m; for jointed track","form curve in plain track, radius over 300 m",m,71.56,611.19,808.83,0,1491.58,10,1491.59,-0.01
5132,CLASS S: RAIL TRACK,07 TRACK (SUPPLY & INSTALLATION),"Flat bottom rails; BS11 Delivered in standard 18.288 m lengths; Jointed with fishplates; Concrete sleepers; BS 113 'A' section, 56 kg/m; for jointed track",extra for curved rails to form super elevation; Radius over 600 mm,%,1.66,14.13,18.42,0,34.21,10,34.19,0.02
5134,CLASS S: RAIL TRACK,07 TRACK (SUPPLY & INSTALLATION),"Flat bottom rails; BS11 Delivered in standard 18.288 m lengths; Welded joints; Softwood sleepers; BS 113 'A' section, 56 kg/m; for jointed track",plain track,m,55.68,611.19,674.69,0,1341.56,13,1341.56,0.0
5135,CLASS S: RAIL TRACK,07 TRACK (SUPPLY & INSTALLATION),"Flat bottom rails; BS11 Delivered in standard 18.288 m lengths; Welded joints; Softwood sleepers; BS 113 'A' section, 56 kg/m; for jointed track","form curve in plain track, radius ne 300 m",m,63.62,611.19,694.19,0,1369.0,13,1369.0,0.0
5136,CLASS S: RAIL TRACK,07 TRACK (SUPPLY & INSTALLATION),"Flat bottom rails; BS11 Delivered in standard 18.288 m lengths; Welded joints; Softwood sleepers; BS 113 'A' section, 56 kg/m; for jointed track","form curve in plain track, radius over 300 m",m,63.62,611.19,706.14,0,1380.95,13,1380.95,0.0
5137,CLASS S: RAIL TRACK,07 TRACK (SUPPLY & INSTALLATION),"Flat bottom rails; BS11 Delivered in standard 18.288 m lengths; Welded joints; Softwood sleepers; BS 113 'A' section, 56 kg/m; for jointed track",extra for curved rails to form super elevation; Radius over 600 mm,%,1.57,15.26,17.33,0,34.16,13,34.16,0.0
5139,CLASS S: RAIL TRACK,07 TRACK (SUPPLY & INSTALLATION),"Flat bottom rails; BS11 Delivered in standard 18.288 m lengths; Welded joints; Concrete sleepers; BS 113 'A' section, 56 kg/m; for jointed track",plain track,m,63.61,611.19,758.06,0,1432.86,8,1432.87,-0.01
5140,CLASS S: RAIL TRACK,07 TRACK (SUPPLY & INSTALLATION),"Flat bottom rails; BS11 Delivered in standard 18.288 m lengths; Welded joints; Concrete sleepers; BS 113 'A' section, 56 kg/m; for jointed track","form curve in plain track, radius ne 300 m",m,71.56,611.19,777.57,0,1460.32,8,1460.33,-0.01
5141,CLASS S: RAIL TRACK,07 TRACK (SUPPLY & INSTALLATION),"Flat bottom rails; BS11 Delivered in standard 18.288 m lengths; Welded joints; Concrete sleepers; BS 113 'A' section, 56 kg/m; for jointed track","form curve in plain track, radius over 300 m",m,71.56,611.19,789.52,0,1472.27,8,1472.29,-0.02
5142,CLASS S: RAIL TRACK,07 TRACK (SUPPLY & INSTALLATION),"Flat bottom rails; BS11 Delivered in standard 18.288 m lengths; Welded joints; Concrete sleepers; BS 113 'A' section, 56 kg/m; for jointed track",extra for curved rails to form super elevation; Radius over 600 mm,%,1.67,14.31,18.21,0,34.19,8,34.18,0.01
5144,CLASS S: RAIL TRACK,07 TRACK (SUPPLY & INSTALLATION),"Flat bottom rails; BS11 Delivered in standard 18.288 m lengths; Jointed with fishplates; Softwood sleepers; BS 113 'A' section, 40 kg/m; for jointed track",plain track,m,71.56,522.34,644.11,0,1238.01,15,1238.01,0.0
5145,CLASS S: RAIL TRACK,07 TRACK (SUPPLY & INSTALLATION),"Flat bottom rails; BS11 Delivered in standard 18.288 m lengths; Jointed with fishplates; Softwood sleepers; BS 113 'A' section, 40 kg/m; for jointed track","form curve in plain track, radius ne 300 m",m,71.56,522.34,658.08,0,1251.98,15,1251.98,0.0
5146,CLASS S: RAIL TRACK,07 TRACK (SUPPLY & INSTALLATION),"Flat bottom rails; BS11 Delivered in standard 18.288 m lengths; Jointed with fishplates; Softwood sleepers; BS 113 'A' section, 40 kg/m; for jointed track","form curve in plain track, radius over 300 m",m,71.56,522.34,666.3,0,1260.2,15,1260.2,0.0
5147,CLASS S: RAIL TRACK,07 TRACK (SUPPLY & INSTALLATION),"Flat bottom rails; BS11 Delivered in standard 18.288 m lengths; Jointed with fishplates; Softwood sleepers; BS 113 'A' section, 40 kg/m; for jointed track",extra for curved rails to form super elevation; Radius over 600 mm,%,1.96,14.28,18.01,0,34.25,15,34.26,-0.01
5149,CLASS S: RAIL TRACK,07 TRACK (SUPPLY & INSTALLATION),"Flat bottom rails; BS11 Delivered in standard 18.288 m lengths; Jointed with fishplates; Concrete sleepers; BS 113 'A' section, 40 kg/m; for jointed track",plain track,m,71.56,522.33,727.48,0,1321.37,10,1321.39,-0.02
5150,CLASS S: RAIL TRACK,07 TRACK (SUPPLY & INSTALLATION),"Flat bottom rails; BS11 Delivered in standard 18.288 m lengths; Jointed with fishplates; Concrete sleepers; BS 113 'A' section, 40 kg/m; for jointed track","form curve in plain track, radius ne 300 m",m,71.74,522.33,741.46,0,1335.53,10,1335.53,0.0
5151,CLASS S: RAIL TRACK,07 TRACK (SUPPLY & INSTALLATION),"Flat bottom rails; BS11 Delivered in standard 18.288 m lengths; Jointed with fishplates; Concrete sleepers; BS 113 'A' section, 40 kg/m; for jointed track","form curve in plain track, radius over 300 m",m,71.56,522.33,749.68,0,1343.57,10,1343.58,-0.01
5152,CLASS S: RAIL TRACK,07 TRACK (SUPPLY & INSTALLATION),"Flat bottom rails; BS11 Delivered in standard 18.288 m lengths; Jointed with fishplates; Concrete sleepers; BS 113 'A' section, 40 kg/m; for jointed track",extra for curved rails to form super elevation; Radius over 600 mm,%,1.83,13.39,19.0,0,34.22,10,34.23,-0.01
5154,CLASS S: RAIL TRACK,07 TRACK (SUPPLY & INSTALLATION),"Flat bottom rails; BS11 Delivered in standard 18.288 m lengths; Welded joints; Softwood sleepers; BS 113 'A' section, 40 kg/m; for jointed track",plain track,m,71.57,522.34,624.79,0,1218.7,13,1218.69,0.01
5155,CLASS S: RAIL TRACK,07 TRACK (SUPPLY & INSTALLATION),"Flat bottom rails; BS11 Delivered in standard 18.288 m lengths; Welded joints; Softwood sleepers; BS 113 'A' section, 40 kg/m; for jointed track","form curve in plain track, radius ne 300 m",m,71.57,522.34,638.77,0,1232.68,13,1232.68,0.0
5156,CLASS S: RAIL TRACK,07 TRACK (SUPPLY & INSTALLATION),"Flat bottom rails; BS11 Delivered in standard 18.288 m lengths; Welded joints; Softwood sleepers; BS 113 'A' section, 40 kg/m; for jointed track","form curve in plain track, radius over 300 m",m,79.52,522.34,646.98,0,1248.84,13,1248.84,0.0
5157,CLASS S: RAIL TRACK,07 TRACK (SUPPLY & INSTALLATION),"Flat bottom rails; BS11 Delivered in standard 18.288 m lengths; Welded joints; Softwood sleepers; BS 113 'A' section, 40 kg/m; for jointed track",extra for curved rails to form super elevation; Radius over 600 mm,%,2.01,14.49,17.75,0,34.25,13,34.27,-0.02
5159,CLASS S: RAIL TRACK,07 TRACK (SUPPLY & INSTALLATION),"Flat bottom rails; BS11 Delivered in standard 18.288 m lengths; Welded joints; Concrete sleepers; BS 113 'A' section, 40 kg/m; for jointed track",plain track,m,71.56,522.33,708.17,0,1302.06,8,1302.07,-0.01
5160,CLASS S: RAIL TRACK,07 TRACK (SUPPLY & INSTALLATION),"Flat bottom rails; BS11 Delivered in standard 18.288 m lengths; Welded joints; Concrete sleepers; BS 113 'A' section, 40 kg/m; for jointed track","form curve in plain track, radius ne 300 m",m,71.56,522.33,722.15,0,1316.04,8,1316.05,-0.01
5161,CLASS S: RAIL TRACK,07 TRACK (SUPPLY & INSTALLATION),"Flat bottom rails; BS11 Delivered in standard 18.288 m lengths; Welded joints; Concrete sleepers; BS 113 'A' section, 40 kg/m; for jointed track","form curve in plain track, radius over 300 m",m,71.56,522.33,730.36,0,1324.25,8,1324.26,-0.01
5162,CLASS S: RAIL TRACK,07 TRACK (SUPPLY & INSTALLATION),"Flat bottom rails; BS11 Delivered in standard 18.288 m lengths; Welded joints; Concrete sleepers; BS 113 'A' section, 40 kg/m; for jointed track",extra for curved rails to form super elevation; Radius over 600 mm,%,1.86,13.59,18.78,0,34.23,8,34.24,-0.01
5164,CLASS S: RAIL TRACK,07 TRACK (SUPPLY & INSTALLATION),"Prefabricated turnouts; Complete with closures, check rails, fittings, etc.",type B8; BS 95R bullhead rail with timber bearers,nr,11451.68,336.77,37214.61,0,49003.06,12,49003.06,0.0
5165,CLASS S: RAIL TRACK,07 TRACK (SUPPLY & INSTALLATION),"Prefabricated turnouts; Complete with closures, check rails, fittings, etc.",type C10; BS 95R bullhead rail with concrete bearers,nr,12724.07,336.77,29799.93,0,42860.77,13,42860.77,0.0
5166,CLASS S: RAIL TRACK,07 TRACK (SUPPLY & INSTALLATION),"Prefabricated turnouts; Complete with closures, check rails, fittings, etc.",type C10; BS 95R bullhead rail with steel bearers,nr,12724.08,336.77,32673.32,0,45734.17,12,45734.16,0.01
5167,CLASS S: RAIL TRACK,07 TRACK (SUPPLY & INSTALLATION),"Prefabricated turnouts; Complete with closures, check rails, fittings, etc.",type Bx8; BS 113 'A' section flat bottom rail with timber bearers,nr,11451.68,336.77,24456.4,0,36244.85,12,36244.85,0.0
5168,CLASS S: RAIL TRACK,07 TRACK (SUPPLY & INSTALLATION),"Prefabricated turnouts; Complete with closures, check rails, fittings, etc.",type Cv9; BS 113 'A' section flat bottom rail with concrete bearers,nr,12724.07,336.77,38802.86,0,51863.7,13,51863.7,0.0
5169,CLASS S: RAIL TRACK,07 TRACK (SUPPLY & INSTALLATION),"Prefabricated turnouts; Complete with closures, check rails, fittings, etc.",type Cv9; BS 113 'A' section flat bottom rail with steel bearers,nr,12724.08,336.77,42427.74,0,55488.59,12,55488.58,0.01
5171,CLASS S: RAIL TRACK,07 TRACK (SUPPLY & INSTALLATION),"Prefabricated diamond crossings; Complete with closures, check rails, fittings","RT standard design, angle 1 in 4; BS95R bullhead rail; jointed with fishplates; timber sleepers",nr,30219.68,336.77,163035.37,0,193591.82,12,193591.83,-0.01
5172,CLASS S: RAIL TRACK,07 TRACK (SUPPLY & INSTALLATION),"Prefabricated diamond crossings; Complete with closures, check rails, fittings","RT standard design, angle 1 in 4; BS95R bullhead rail; welded joints; timber sleepers",nr,28629.18,336.77,163035.37,0,192001.32,12,192001.32,0.0
5173,CLASS S: RAIL TRACK,07 TRACK (SUPPLY & INSTALLATION),"Prefabricated diamond crossings; Complete with closures, check rails, fittings","RT standard design, angle 1 in 4; BS95R bullhead rail; jointed with fishplates; concrete sleepers",nr,38172.23,336.77,163035.37,0,201544.37,13,201544.37,0.0
5174,CLASS S: RAIL TRACK,07 TRACK (SUPPLY & INSTALLATION),"Prefabricated diamond crossings; Complete with closures, check rails, fittings","RT standard design, angle 1 in 4; BS95R bullhead rail; welded joints; concrete sleepers",nr,38172.23,336.77,163035.37,0,201544.37,11,201544.37,0.0
5175,CLASS S: RAIL TRACK,07 TRACK (SUPPLY & INSTALLATION),"Prefabricated diamond crossings; Complete with closures, check rails, fittings","RT standard design, angle 1 in 4; BS113 'A' section flat bottom rail; jointed with fishplates; timber sleepers",nr,30219.68,336.77,196395.04,0,226951.49,12,226951.48,0.01
5176,CLASS S: RAIL TRACK,07 TRACK (SUPPLY & INSTALLATION),"Prefabricated diamond crossings; Complete with closures, check rails, fittings","RT standard design, angle 1 in 4; BS113 'A' section flat bottom rail; welded joints; timber sleepers",nr,28629.18,336.77,196395.04,0,225360.99,12,225360.97,0.02
5177,CLASS S: RAIL TRACK,07 TRACK (SUPPLY & INSTALLATION),"Prefabricated diamond crossings; Complete with closures, check rails, fittings","RT standard design, angle 1 in 4; BS113 'A' section flat bottom rail; jointed with fishplates; concrete sleepers",nr,38172.23,336.77,196395.04,0,234904.04,13,234904.02,0.02
5178,CLASS S: RAIL TRACK,07 TRACK (SUPPLY & INSTALLATION),"Prefabricated diamond crossings; Complete with closures, check rails, fittings","RT standard design, angle 1 in 4; BS113 'A' section flat bottom rail; welded joints; concrete sleepers",nr,38172.23,336.77,196395.04,0,234904.04,11,234904.02,0.02
5181,CLASS S: RAIL TRACK,07 TRACK (SUPPLY & INSTALLATION),Buffer stops,"single raker, steel rail and timber; 2 tonnes approximate weight",nr,3181.01,0,19467.11,0,22648.12,5,22648.12,0.0
5182,CLASS S: RAIL TRACK,07 TRACK (SUPPLY & INSTALLATION),Buffer stops,"double raker, steel rail and timber; 2.5 tonnes approximate weight",nr,3181.01,0,21757.37,0,24938.38,5,24938.38,0.0
5184,CLASS S: RAIL TRACK,07 TRACK (SUPPLY & INSTALLATION),Wheel stops,wheel stops; steel; 100 kg approximate weight,nr,3181.02,0,916.1,0,4097.12,6,4097.11,0.01
5186,CLASS S: RAIL TRACK,07 TRACK (SUPPLY & INSTALLATION),Lubricators,lubricators; single rail,nr,795.27,0,1755.87,0,2551.14,6,2551.13,0.01
5187,CLASS S: RAIL TRACK,07 TRACK (SUPPLY & INSTALLATION),Lubricators,lubricators; double rail,nr,795.27,0,3435.39,0,4230.66,6,4230.66,0.0
5189,CLASS S: RAIL TRACK,07 TRACK (SUPPLY & INSTALLATION),Check and guard rails; BS 11; delivered in standard 18.288 m lengths; flange planed to allow 50 mm free wheel clearance,"BS 113 'A' section, 56 kg/m; for bolting",m,95.43,247.91,103.94,0,447.28,9,447.28,0.0
5190,CLASS S: RAIL TRACK,07 TRACK (SUPPLY & INSTALLATION),Check and guard rails; BS 11; delivered in standard 18.288 m lengths; flange planed to allow 50 mm free wheel clearance,"BS 113 'A' section, 47 kg/m; for bolting",m,79.53,247.91,98.86,0,426.3,9,426.29,0.01
5191,CLASS S: RAIL TRACK,07 TRACK (SUPPLY & INSTALLATION),Check and guard rails; BS 11; delivered in standard 18.288 m lengths; flange planed to allow 50 mm free wheel clearance,"BS 113 'A' section, 40 kg/m; for bolting",m,79.53,247.91,87.02,0,414.46,9,414.45,0.01
5200,CLASS T: TUNNELS,01 EXCAVATION,Excavation; Excavating tunnels in rock,1.5 m dia.,m3,0,0,0,129.95,129.95,1,129.95,0.0
5201,CLASS T: TUNNELS,01 EXCAVATION,Excavation; Excavating tunnels in rock,3.0 m dia.,m3,0,0,0,107.02,107.02,1,107.02,0.0
5203,CLASS T: TUNNELS,01 EXCAVATION,Excavating tunnels in soft material,1.5 m dia.,m3,0,0,0,129.95,129.95,1,129.95,0.0
5204,CLASS T: TUNNELS,01 EXCAVATION,Excavating tunnels in soft material,3.0 m dia.,m3,0,0,0,107.02,107.02,1,107.02,0.0
5206,CLASS T: TUNNELS,01 EXCAVATION,Excavating shafts in rock,3.0 m dia.,m3,0,0,0,506.42,506.42,1,506.42,0.0
5207,CLASS T: TUNNELS,01 EXCAVATION,Excavating shafts in rock,4.5 m dia.,m3,0,0,0,429.98,429.98,1,429.98,0.0
5209,CLASS T: TUNNELS,01 EXCAVATION,Excavating shafts in soft material,3.0 m dia.,m3,0,0,0,303.07,303.07,1,303.07,0.0
5210,CLASS T: TUNNELS,01 EXCAVATION,Excavating shafts in soft material,4.5 m dia.,m3,0,0,0,260.83,260.83,1,260.83,0.0
5212,CLASS T: TUNNELS,01 EXCAVATION,Excavating other cavities in rock,1.5 m dia.,m3,0,0,0,129.95,129.95,1,129.95,0.0
5213,CLASS T: TUNNELS,01 EXCAVATION,Excavating other cavities in rock,3.0 m dia.,m3,0,0,0,107.02,107.02,1,107.02,0.0
5215,CLASS T: TUNNELS,01 EXCAVATION,Excavating other cavities in soft material,1.5 m dia.,m3,0,0,0,129.95,129.95,1,129.95,0.0
5216,CLASS T: TUNNELS,01 EXCAVATION,Excavating other cavities in soft material,3.0 m dia.,m3,0,0,0,107.02,107.02,1,107.02,0.0
5217,CLASS T: TUNNELS,01 EXCAVATION,Excavating other cavities in soft material,Excavated surfaces in rock,m2,0,0,0,50.79,50.79,1,50.79,0.0
5218,CLASS T: TUNNELS,01 EXCAVATION,Excavating other cavities in soft material,Excavated surfaces in soft material,m2,0,0,0,49.33,49.33,1,49.33,0.0
5220,CLASS T: TUNNELS,01 EXCAVATION,Bore Tunnels,Excavation in any stated materials; internal dia. >8 m,m3,0,0,0,128.03,128.03,1,128.03,0.0
5221,CLASS T: TUNNELS,01 EXCAVATION,Bore Tunnels,Muck way of inert material to spoil heaps withing 250 m,tonne,0,0,0,50.0,50.0,1,50.0,0.0
5223,CLASS T: TUNNELS,01 EXCAVATION,Cross Passages,Excavation; Tunnels in any other stated materials; - internal Dia. 4-5 m and Temporary support; Cross passage,m3,0,0,0,2042.88,2042.88,1,2042.88,0.0
5224,CLASS T: TUNNELS,01 EXCAVATION,Cross Passages,Muckaway of excavated inert material; disposal by road to landfill (Landfill excluded Tax) within 15 km radius,m3,0,0,0,85.45,85.45,1,85.45,0.0
5228,CLASS T: TUNNELS,02 IN SITU LINING TO TUNNELS,"Mass concrete; grade C30, 20 mm aggregate; Cast primary lining to tunnels",1.5 m dia.,m3,0,0,0,857.4,857.4,1,857.4,0.0
5229,CLASS T: TUNNELS,02 IN SITU LINING TO TUNNELS,"Mass concrete; grade C30, 20 mm aggregate; Cast primary lining to tunnels",3.0 m dia.,m3,0,0,0,886.94,886.94,1,886.94,0.0
5231,CLASS T: TUNNELS,02 IN SITU LINING TO TUNNELS,Secondary lining to tunnels,1.5 m dia.,m3,0,0,0,997.83,997.83,1,997.83,0.0
5232,CLASS T: TUNNELS,02 IN SITU LINING TO TUNNELS,Secondary lining to tunnels,3.0 m dia.,m3,0,0,0,790.87,790.87,1,790.87,0.0
5234,CLASS T: TUNNELS,02 IN SITU LINING TO TUNNELS,Formwork; rough finish; Tunnel lining,1.5 m dia.,m2,0,0,0,145.54,145.54,1,145.54,0.0
5235,CLASS T: TUNNELS,02 IN SITU LINING TO TUNNELS,Formwork; rough finish; Tunnel lining,3.0 m dia.,m2,0,0,0,145.54,145.54,1,145.54,0.0
5237,CLASS T: TUNNELS,02 IN SITU LINING TO TUNNELS,Sprayed concrete primary,In situ lining to tunnels; Sprayed concrete primary; - external Dia. 4-5 m; 8 cm thick,m2,0,0,0,215.92,215.92,1,215.92,0.0
5238,CLASS T: TUNNELS,02 IN SITU LINING TO TUNNELS,Sprayed concrete primary,Sprayed concrete primary; 15 cm thick,m2,0,0,0,306.54,306.54,1,306.54,0.0
5240,CLASS T: TUNNELS,02 IN SITU LINING TO TUNNELS,Cast concrete secondary,In situ lining to tunnels; cast concrete secondary,m3,0,0,0,3364.13,3364.13,1,3364.13,0.0
5242,CLASS T: TUNNELS,02 IN SITU LINING TO TUNNELS,Provision of Concrete - Designated Concrete,Provision of concrete - Designated concrete; Strength RC30/37; maximum agg. size 20 mm,m3,0,0,0,217.85,217.85,1,217.85,0.0
5244,CLASS T: TUNNELS,02 IN SITU LINING TO TUNNELS,"Placing of Concrete - Reinforced; Bases, footings, pile caps and ground slabs","Placing of reinforced concrete; Bases, footings, pile caps & ground slabs; thickness > 500 mm: cross passage floor slab",m3,0,0,0,2835.91,2835.91,1,2835.91,0.0
5246,CLASS T: TUNNELS,02 IN SITU LINING TO TUNNELS,Spray Concrete Lining Tunnels,In situ lining to tunnels; sprayed concrete primary lining; external Diamater 5-6 m; thickness ne 300 mm thick,m3,0,0,0,664.46,664.46,1,664.46,0.0
5247,CLASS T: TUNNELS,02 IN SITU LINING TO TUNNELS,Spray Concrete Lining Tunnels,In situ lining to tunnels; cast concrete secondary lining; external dia. 5-6 m,m3,0,0,0,338.78,338.78,1,338.78,0.0
5248,CLASS T: TUNNELS,02 IN SITU LINING TO TUNNELS,Spray Concrete Lining Tunnels,In situ lining to tunnels = Formwork to smooth finish; - external dia. 5-6 m,m3,0,0,0,227.97,227.97,1,227.97,0.0
5252,CLASS T: TUNNELS,03 IN SITU LINING TO SHAFTS,Constructed in situ concrete,"Provision of complete standard shaft in in situ concrete; including piling, walls, floors, roof, drainage, finishes etc.",nr,0,0,0,65696729.74,65696729.74,1,65696729.74,0.0
5254,CLASS T: TUNNELS,03 IN SITU LINING TO SHAFTS,"Mass concrete; grade C30, 20 mm aggregate; Secondary linings to shafts",3.0 m int dia.,m3,0,0,0,790.87,790.87,1,790.87,0.0
5255,CLASS T: TUNNELS,03 IN SITU LINING TO SHAFTS,"Mass concrete; grade C30, 20 mm aggregate; Secondary linings to shafts",4.5 m int dia.,m3,0,0,0,770.33,770.33,1,770.33,0.0
5257,CLASS T: TUNNELS,03 IN SITU LINING TO SHAFTS,Cast primary lining to shafts,3.0 m int dia.,m3,0,0,0,842.59,842.59,1,842.59,0.0
5258,CLASS T: TUNNELS,03 IN SITU LINING TO SHAFTS,Cast primary lining to shafts,4.5 m int dia.,m3,0,0,0,805.61,805.61,1,805.61,0.0
5260,CLASS T: TUNNELS,03 IN SITU LINING TO SHAFTS,Formwork; rough finish; Shaft lining,3.0 m int dia.,m2,0,0,0,219.83,219.83,1,219.83,0.0
5261,CLASS T: TUNNELS,03 IN SITU LINING TO SHAFTS,Formwork; rough finish; Shaft lining,4.5 m int dia.,m2,0,0,0,148.61,148.61,1,148.61,0.0
5263,CLASS T: TUNNELS,03 IN SITU LINING TO SHAFTS,Waterproofing system for cross passage,Sheet linings membrane system; waterproofing system for shaft; junction with tunnel,m2,0,0,0,484.28,484.28,1,484.28,0.0
5264,CLASS T: TUNNELS,03 IN SITU LINING TO SHAFTS,Waterproofing system for cross passage,Sheet linings membrane prop system; waterproofing system for shaft; junction with tunnel,m2,0,0,0,135.14,135.14,1,135.14,0.0
5266,CLASS T: TUNNELS,03 IN SITU LINING TO SHAFTS,Depressurization allowances,Depressurization measures allowances,nr,0,0,0,985450.94,985450.94,1,985450.94,0.0
5270,CLASS T: TUNNELS,04 IN SITU LINING TO OTHER CAVITIES,"Mass concrete; grade C30, 20 mm aggregate; Cast primary lining to other cavities",1.5 m int dia.,m3,0,0,0,86.65,86.65,1,86.65,0.0
5271,CLASS T: TUNNELS,04 IN SITU LINING TO OTHER CAVITIES,"Mass concrete; grade C30, 20 mm aggregate; Cast primary lining to other cavities",3.0 m int dia.,m3,0,0,0,739.14,739.14,1,739.14,0.0
5273,CLASS T: TUNNELS,04 IN SITU LINING TO OTHER CAVITIES,Secondary linings to other cavities,1.5 m int dia.,m3,0,0,0,997.83,997.83,1,997.83,0.0
5274,CLASS T: TUNNELS,04 IN SITU LINING TO OTHER CAVITIES,Secondary linings to other cavities,3.0 m int dia.,m3,0,0,0,790.87,790.87,1,790.87,0.0
5276,CLASS T: TUNNELS,04 IN SITU LINING TO OTHER CAVITIES,Formwork; rough finish; Other cavities lining,1.5 m int dia.,m2,0,0,0,114.84,114.84,1,114.84,0.0
5277,CLASS T: TUNNELS,04 IN SITU LINING TO OTHER CAVITIES,Formwork; rough finish; Other cavities lining,3.0 m int dia.,m2,0,0,0,145.54,145.54,1,145.54,0.0
5281,CLASS T: TUNNELS,05 PREFORMED SEGMENTAL LININGS TO TUNNELS,Precast concrete bolted rings,preformed segment lining to tunels; Precast concrete boltd rings; - external Dia.. > 8 m; 2.0 m steel fiber reinforced rings,nr,0,0,0,14150.22,14150.22,1,14150.22,0.0
5282,CLASS T: TUNNELS,05 PREFORMED SEGMENTAL LININGS TO TUNNELS,Precast concrete bolted rings,preformed segment lining to tunels; Precast concrete boltd rings; - external Dia.. > 8 m; 2.0 m standard reinforced rings 120 kg/m3,nr,0,0,0,22198.61,22198.61,1,22198.61,0.0
5283,CLASS T: TUNNELS,05 PREFORMED SEGMENTAL LININGS TO TUNNELS,Precast concrete bolted rings,preformed segment lining to tunels; 2.0 m standard reinforced rings 80 kg/m3,nr,0,0,0,18473.88,18473.88,1,18473.88,0.0
5285,CLASS T: TUNNELS,05 PREFORMED SEGMENTAL LININGS TO TUNNELS,Lining Ancillaries,preformed segment lining to tunels; ancillaries; grout behind lining,m3,0,0,0,767.41,767.41,1,767.41,0.0
5292,CLASS T: TUNNELS,07 PREFORMED SEGMENTAL LININGS TO OTHER CAVITIES,Linings; Linings to tunnels,"1.5 m int dia.; Ring 1.52 m ID x 1.77 m OD; 6 segments, maximum piece weigth 139 kg",nr,0,0,0,1676.15,1676.15,1,1676.15,0.0
5293,CLASS T: TUNNELS,07 PREFORMED SEGMENTAL LININGS TO OTHER CAVITIES,Linings; Linings to tunnels,"3.0 m int dia.; Ring 3.05 m ID x 3.35 m OD; 7 segments, maximum piece weight 247 kg",nr,0,0,0,3001.36,3001.36,1,3001.36,0.0
5295,CLASS T: TUNNELS,07 PREFORMED SEGMENTAL LININGS TO OTHER CAVITIES,Linings to shafts,"3.0 m int dia.; Ring 3.05 m ID x 3.35 m OD; 7 segments, maximum piece weight 247 kg",nr,0,0,0,2375.15,2375.15,1,2375.15,0.0
5297,CLASS T: TUNNELS,07 PREFORMED SEGMENTAL LININGS TO OTHER CAVITIES,Lining ancillaries; bitumen impregnated fibreboard; Parallel circumferential packing,1.5 m int dia.,nr,0,0,0,14.35,14.35,1,14.35,0.0
5298,CLASS T: TUNNELS,07 PREFORMED SEGMENTAL LININGS TO OTHER CAVITIES,Lining ancillaries; bitumen impregnated fibreboard; Parallel circumferential packing,3.0 m int dia.,nr,0,0,0,28.68,28.68,1,28.68,0.0
5300,CLASS T: TUNNELS,07 PREFORMED SEGMENTAL LININGS TO OTHER CAVITIES,Lining ancillaries; PC4 AF caulking compound; Caulking,1.5 m int dia.,m,0,0,0,26.04,26.04,1,26.04,0.0
5301,CLASS T: TUNNELS,07 PREFORMED SEGMENTAL LININGS TO OTHER CAVITIES,Lining ancillaries; PC4 AF caulking compound; Caulking,3.0 m int dia.,m,0,0,0,26.07,26.07,1,26.07,0.0
5305,CLASS T: TUNNELS,08 SUPPORT AND STABILIZATION,Rock bolts,mechanical,m,0,0,0,65.9,65.9,1,65.9,0.0
5306,CLASS T: TUNNELS,08 SUPPORT AND STABILIZATION,Rock bolts,mechanical grouted,m,0,0,0,102.85,102.85,1,102.85,0.0
5307,CLASS T: TUNNELS,08 SUPPORT AND STABILIZATION,Rock bolts,pre-grouted impacted,m,0,0,0,97.9,97.9,1,97.9,0.0
5308,CLASS T: TUNNELS,08 SUPPORT AND STABILIZATION,Rock bolts,chemical end anchor,m,0,0,0,98.97,98.97,1,98.97,0.0
5309,CLASS T: TUNNELS,08 SUPPORT AND STABILIZATION,Rock bolts,chemical grouted,m,0,0,0,70.42,70.42,1,70.42,0.0
5310,CLASS T: TUNNELS,08 SUPPORT AND STABILIZATION,Rock bolts,chemically filled,m,0,0,0,110.71,110.71,1,110.71,0.0
5312,CLASS T: TUNNELS,08 SUPPORT AND STABILIZATION,Internal support,steel arches; supply,t,0,0,0,2895.04,2895.04,1,2895.04,0.0
5313,CLASS T: TUNNELS,08 SUPPORT AND STABILIZATION,Internal support,steel arches; erection,t,0,0,0,1193.17,1193.17,1,1193.17,0.0
5314,CLASS T: TUNNELS,08 SUPPORT AND STABILIZATION,Internal support,timber supports; supply,m3,0,0,0,843.09,843.09,1,843.09,0.0
5315,CLASS T: TUNNELS,08 SUPPORT AND STABILIZATION,Internal support,timber supports; erection,m3,0,0,0,759.33,759.33,1,759.33,0.0
5316,CLASS T: TUNNELS,08 SUPPORT AND STABILIZATION,Internal support,lagging,m2,0,0,0,60.48,60.48,1,60.48,0.0
5317,CLASS T: TUNNELS,08 SUPPORT AND STABILIZATION,Internal support,sprayed concrete,m2,0,0,0,69.25,69.25,1,69.25,0.0
5318,CLASS T: TUNNELS,08 SUPPORT AND STABILIZATION,Internal support,mesh or link,m2,0,0,0,22.33,22.33,1,22.33,0.0
5320,CLASS T: TUNNELS,08 SUPPORT AND STABILIZATION,Pressure grouting,sets of drilling and grouting plant,nr,0,0,0,3172.55,3172.55,1,3172.55,0.0
5321,CLASS T: TUNNELS,08 SUPPORT AND STABILIZATION,Pressure grouting,face packers,nr,0,0,0,140.55,140.55,1,140.55,0.0
5322,CLASS T: TUNNELS,08 SUPPORT AND STABILIZATION,Pressure grouting,deep packers,nr,0,0,0,241.07,241.07,1,241.07,0.0
5323,CLASS T: TUNNELS,08 SUPPORT AND STABILIZATION,Pressure grouting,drilling and flushing to 40 mm dia.,m,0,0,0,68.74,68.74,1,68.74,0.0
5324,CLASS T: TUNNELS,08 SUPPORT AND STABILIZATION,Pressure grouting,re-drilling and flushing,m,0,0,0,42.26,42.26,1,42.26,0.0
5325,CLASS T: TUNNELS,08 SUPPORT AND STABILIZATION,Pressure grouting,injection of grout materials; chemical grout,t,0,0,0,1687.33,1687.33,1,1687.33,0.0
5326,CLASS T: TUNNELS,08 SUPPORT AND STABILIZATION,Pressure grouting,Forward probing,m,0,0,0,57.55,57.55,1,57.55,0.0
5329,CLASS T: TUNNELS,09 VIADUCTS,Viaduct; Segmental units,Segmental units; - Mass 1-2 tonne; precast concrete retaining wall average height 1.50 m,nr,0,0,0,5566.2,5566.2,1,5566.2,0.0
5331,CLASS T: TUNNELS,09 VIADUCTS,Fabrication and erection,Handrails,m,0,0,0,251.07,251.07,1,251.07,0.0
5333,CLASS T: TUNNELS,09 VIADUCTS,Bored cast in place concrete piles; 1800 mm dia.,bored cast in place concrete piles for piers; dia. 1800 mm; concreted length; on-shore works; no permanent casing,m,0,0,0,4437.39,4437.39,1,4437.39,0.0
5334,CLASS T: TUNNELS,09 VIADUCTS,Bored cast in place concrete piles; 1800 mm dia.,bored cast in place concret piles for piers; dia. 1800 mm; concreted length; off-shore works; with permanent casing,m,0,0,0,4419.88,4419.88,1,4419.88,0.0
5336,CLASS T: TUNNELS,09 VIADUCTS,Permanent casings each length,cast in place concrete piles; permanent casings each length > 13 m; dia. 1500 mm & 1800 mm,m,0,0,0,2209.43,2209.43,1,2209.43,0.0
5337,CLASS T: TUNNELS,09 VIADUCTS,Permanent casings each length,cast in place conc piles; cutting off surplus lengths; dia. 1500 mm,m,0,0,0,840.77,840.77,1,840.77,0.0
5338,CLASS T: TUNNELS,09 VIADUCTS,Permanent casings each length,cast in place conc piles; cutting off surplus lengths; dia. 1800 mm,m,0,0,0,1076.91,1076.91,1,1076.91,0.0
5339,CLASS T: TUNNELS,09 VIADUCTS,Permanent casings each length,In situ Reinforced Concrete Piers on piles; off shore standard vertical pier,nr,0,0,0,846608.53,846608.53,1,846608.53,0.0
5340,CLASS T: TUNNELS,09 VIADUCTS,Permanent casings each length,V shaped pier,nr,0,0,0,3318316.22,3318316.22,1,3318316.22,0.0
5341,CLASS T: TUNNELS,09 VIADUCTS,Permanent casings each length,fixed buttress 3 legs pier,nr,0,0,0,1556981.21,1556981.21,1,1556981.21,0.0
5343,CLASS T: TUNNELS,09 VIADUCTS,In situ Reinforced Concrete Piers on piles; on shore,standard vertical pier,nr,0,0,0,817415.13,817415.13,1,817415.13,0.0
5344,CLASS T: TUNNELS,09 VIADUCTS,In situ Reinforced Concrete Piers on piles; on shore,fixed vertical pier,nr,0,0,0,1667137.63,1667137.63,1,1667137.63,0.0
5345,CLASS T: TUNNELS,09 VIADUCTS,In situ Reinforced Concrete Piers on piles; on shore,expansion buttress pier,nr,0,0,0,1125028.29,1125028.29,1,1125028.29,0.0
5346,CLASS T: TUNNELS,09 VIADUCTS,In situ Reinforced Concrete Piers on piles; on shore,fixed buttress 3 legs pier,nr,0,0,0,1551142.54,1551142.54,1,1551142.54,0.0
5348,CLASS T: TUNNELS,09 VIADUCTS,Segmental units; Bridge Parapet,segmental units; mass 500 kg - 1tonne; uhpc parapet; csa 0.31 m2; average 0.80 tonne per m,nr,0,0,0,1256.71,1256.71,1,1256.71,0.0
5349,CLASS T: TUNNELS,09 VIADUCTS,Segmental units; Bridge Parapet,segmental units; mass 1-2 tonne; parapet; average csa 0.45 m2; average 1.10 tonne per m,nr,0,0,0,607.97,607.97,1,607.97,0.0
5384,"CLASS U: BRICKWORK, BLOCKWORK AND MASONRY",01 COMMON BRICKWORK,Common bricks in cement mortar designation (ii); Thickness 103 mm,vertical straight walls,m2,60.3,3.17,47.06,0,110.53,8,110.53,0.0
5385,"CLASS U: BRICKWORK, BLOCKWORK AND MASONRY",01 COMMON BRICKWORK,Common bricks in cement mortar designation (ii); Thickness 103 mm,vertical curved walls,m2,78.29,4.07,47.06,0,129.42,8,129.4,0.02
5386,"CLASS U: BRICKWORK, BLOCKWORK AND MASONRY",01 COMMON BRICKWORK,Common bricks in cement mortar designation (ii); Thickness 103 mm,battered straight walls,m2,87.02,4.56,47.06,0,138.64,8,138.64,0.0
5387,"CLASS U: BRICKWORK, BLOCKWORK AND MASONRY",01 COMMON BRICKWORK,Common bricks in cement mortar designation (ii); Thickness 103 mm,battered curved walls,m2,97.86,5.13,47.06,0,150.05,8,150.05,0.0
5388,"CLASS U: BRICKWORK, BLOCKWORK AND MASONRY",01 COMMON BRICKWORK,Common bricks in cement mortar designation (ii); Thickness 103 mm,vertical facing to concrete,m2,65.32,3.43,55.28,0,124.03,8,124.03,0.0
5389,"CLASS U: BRICKWORK, BLOCKWORK AND MASONRY",01 COMMON BRICKWORK,Common bricks in cement mortar designation (ii); Thickness 103 mm,battered facing to concrete,m2,97.86,5.13,55.3,0,158.29,8,158.29,0.0
5390,"CLASS U: BRICKWORK, BLOCKWORK AND MASONRY",01 COMMON BRICKWORK,Common bricks in cement mortar designation (ii); Thickness 103 mm,casing to metal sections,m2,83.31,4.38,55.3,0,142.99,8,142.99,0.0
5392,"CLASS U: BRICKWORK, BLOCKWORK AND MASONRY",01 COMMON BRICKWORK,Thickness 215 mm,vertical straight walls,m2,116.91,6.12,95.01,0,218.04,8,218.04,0.0
5393,"CLASS U: BRICKWORK, BLOCKWORK AND MASONRY",01 COMMON BRICKWORK,Thickness 215 mm,vertical curved walls,m2,150.76,7.91,95.01,0,253.68,8,253.68,0.0
5394,"CLASS U: BRICKWORK, BLOCKWORK AND MASONRY",01 COMMON BRICKWORK,Thickness 215 mm,battered straight walls,m2,166.62,8.75,95.01,0,270.38,8,270.38,0.0
5395,"CLASS U: BRICKWORK, BLOCKWORK AND MASONRY",01 COMMON BRICKWORK,Thickness 215 mm,battered curved walls,m2,187.79,9.79,95.01,0,292.59,8,292.58,0.01
5396,"CLASS U: BRICKWORK, BLOCKWORK AND MASONRY",01 COMMON BRICKWORK,Thickness 215 mm,vertical facing to concrete,m2,126.94,6.64,103.23,0,236.81,8,236.82,-0.01
5397,"CLASS U: BRICKWORK, BLOCKWORK AND MASONRY",01 COMMON BRICKWORK,Thickness 215 mm,battered facing to concrete,m2,187.79,9.79,103.23,0,300.81,8,300.8,0.01
5398,"CLASS U: BRICKWORK, BLOCKWORK AND MASONRY",01 COMMON BRICKWORK,Thickness 215 mm,casing to metal sections,m2,161.33,8.4,103.23,0,272.96,8,272.96,0.0
5400,"CLASS U: BRICKWORK, BLOCKWORK AND MASONRY",01 COMMON BRICKWORK,Thickness 328 mm,vertical straight walls,m2,169.27,8.92,143.63,0,321.82,8,321.83,-0.01
5401,"CLASS U: BRICKWORK, BLOCKWORK AND MASONRY",01 COMMON BRICKWORK,Thickness 328 mm,vertical curved walls,m2,216.87,11.42,143.63,0,371.92,8,371.91,0.01
5402,"CLASS U: BRICKWORK, BLOCKWORK AND MASONRY",01 COMMON BRICKWORK,Thickness 328 mm,battered straight walls,m2,240.68,12.59,143.63,0,396.9,8,396.89,0.01
5403,"CLASS U: BRICKWORK, BLOCKWORK AND MASONRY",01 COMMON BRICKWORK,Thickness 328 mm,battered curved walls,m2,267.11,14.02,143.63,0,424.76,8,424.76,0.0
5404,"CLASS U: BRICKWORK, BLOCKWORK AND MASONRY",01 COMMON BRICKWORK,Thickness 328 mm,vertical facing to concrete,m2,182.49,9.64,151.85,0,343.98,8,343.98,0.0
5405,"CLASS U: BRICKWORK, BLOCKWORK AND MASONRY",01 COMMON BRICKWORK,Thickness 328 mm,battered facing to concrete,m2,267.11,14.02,151.85,0,432.98,8,432.98,0.0
5406,"CLASS U: BRICKWORK, BLOCKWORK AND MASONRY",01 COMMON BRICKWORK,Thickness 328 mm,casing to metal sections,m2,230.09,12.08,151.85,0,394.02,8,394.02,0.0
5408,"CLASS U: BRICKWORK, BLOCKWORK AND MASONRY",01 COMMON BRICKWORK,Thickness 440 mm,vertical straight walls,m2,222.15,11.58,191.98,0,425.71,8,425.71,0.0
5409,"CLASS U: BRICKWORK, BLOCKWORK AND MASONRY",01 COMMON BRICKWORK,Thickness 440 mm,vertical curved walls,m2,280.34,14.69,191.98,0,487.01,8,487.0,0.01
5410,"CLASS U: BRICKWORK, BLOCKWORK AND MASONRY",01 COMMON BRICKWORK,Thickness 440 mm,battered straight walls,m2,306.79,16.13,191.98,0,514.9,8,514.89,0.01
5411,"CLASS U: BRICKWORK, BLOCKWORK AND MASONRY",01 COMMON BRICKWORK,Thickness 440 mm,battered curved walls,m2,341.17,17.88,191.98,0,551.03,8,551.03,0.0
5412,"CLASS U: BRICKWORK, BLOCKWORK AND MASONRY",01 COMMON BRICKWORK,Thickness 440 mm,vertical facing to concrete,m2,238.03,12.47,200.11,0,450.61,8,450.6,0.01
5413,"CLASS U: BRICKWORK, BLOCKWORK AND MASONRY",01 COMMON BRICKWORK,Thickness 440 mm,battered facing to concrete,m2,341.17,17.88,200.2,0,559.25,8,559.25,0.0
5414,"CLASS U: BRICKWORK, BLOCKWORK AND MASONRY",01 COMMON BRICKWORK,Thickness 440 mm,casing to metal sections,m2,296.21,15.52,200.2,0,511.93,8,511.93,0.0
5416,"CLASS U: BRICKWORK, BLOCKWORK AND MASONRY",01 COMMON BRICKWORK,Thickness 890 mm,vertical straight walls,m2,396.71,20.83,385.68,0,803.22,8,803.21,0.01
5417,"CLASS U: BRICKWORK, BLOCKWORK AND MASONRY",01 COMMON BRICKWORK,Thickness 890 mm,vertical curved walls,m2,489.29,25.72,385.68,0,900.69,8,900.67,0.02
5418,"CLASS U: BRICKWORK, BLOCKWORK AND MASONRY",01 COMMON BRICKWORK,Thickness 890 mm,battered straight walls,m2,528.94,27.89,385.68,0,942.51,8,942.52,-0.01
5419,"CLASS U: BRICKWORK, BLOCKWORK AND MASONRY",01 COMMON BRICKWORK,Thickness 890 mm,battered curved walls,m2,581.83,30.47,385.68,0,997.98,8,997.98,0.0
5420,"CLASS U: BRICKWORK, BLOCKWORK AND MASONRY",01 COMMON BRICKWORK,Thickness 890 mm,vertical facing to concrete,m2,423.15,22.23,393.91,0,839.29,8,839.3,-0.01
5421,"CLASS U: BRICKWORK, BLOCKWORK AND MASONRY",01 COMMON BRICKWORK,Thickness 890 mm,battered facing to concrete,m2,581.83,30.47,393.91,0,1006.21,8,1006.21,0.0
5422,"CLASS U: BRICKWORK, BLOCKWORK AND MASONRY",01 COMMON BRICKWORK,Thickness 890 mm,casing to metal sections,m2,513.08,26.96,393.91,0,933.95,8,933.95,0.0
5424,"CLASS U: BRICKWORK, BLOCKWORK AND MASONRY",01 COMMON BRICKWORK,Thickness exceeding 1 m,vertical straight walls,m2,433.74,22.69,431.73,0,888.16,8,888.17,-0.01
5425,"CLASS U: BRICKWORK, BLOCKWORK AND MASONRY",01 COMMON BRICKWORK,Thickness exceeding 1 m,vertical curved walls,m2,528.94,27.87,431.73,0,988.54,8,988.55,-0.01
5426,"CLASS U: BRICKWORK, BLOCKWORK AND MASONRY",01 COMMON BRICKWORK,Thickness exceeding 1 m,battered straight walls,m2,573.92,30.16,431.73,0,1035.81,8,1035.8,0.01
5427,"CLASS U: BRICKWORK, BLOCKWORK AND MASONRY",01 COMMON BRICKWORK,Thickness exceeding 1 m,battered curved walls,m2,626.8,32.85,431.73,0,1091.38,8,1091.37,0.01
5428,"CLASS U: BRICKWORK, BLOCKWORK AND MASONRY",01 COMMON BRICKWORK,Thickness exceeding 1 m,vertical facing to concrete,m2,460.18,24.2,439.95,0,924.33,8,924.32,0.01
5429,"CLASS U: BRICKWORK, BLOCKWORK AND MASONRY",01 COMMON BRICKWORK,Thickness exceeding 1 m,battered facing to concrete,m2,626.8,32.85,439.95,0,1099.6,8,1099.59,0.01
5430,"CLASS U: BRICKWORK, BLOCKWORK AND MASONRY",01 COMMON BRICKWORK,Thickness exceeding 1 m,casing to metal sections,m2,555.4,29.19,439.95,0,1024.54,8,1024.54,0.0
5432,"CLASS U: BRICKWORK, BLOCKWORK AND MASONRY",01 COMMON BRICKWORK,Columns and piers,215 x 215 mm,m,34.38,1.8,20.99,0,57.17,8,57.18,-0.01
5433,"CLASS U: BRICKWORK, BLOCKWORK AND MASONRY",01 COMMON BRICKWORK,Columns and piers,440 x 328 mm,m,63.47,3.34,42.37,0,109.18,8,109.17,0.01
5434,"CLASS U: BRICKWORK, BLOCKWORK AND MASONRY",01 COMMON BRICKWORK,Columns and piers,665 x 328 mm,m,116.37,6.1,95.82,0,218.29,8,218.29,0.0
5435,"CLASS U: BRICKWORK, BLOCKWORK AND MASONRY",01 COMMON BRICKWORK,Columns and piers,890 x 890 mm,m,290.93,15.27,343.01,0,649.21,8,649.21,0.0
5438,"CLASS U: BRICKWORK, BLOCKWORK AND MASONRY",01 COMMON BRICKWORK,Surface features (continued),copings; standard header-on-edge; 215 mm wide x 103 mm high,m,26.46,1.46,10.56,0,38.48,8,38.47,0.01
5439,"CLASS U: BRICKWORK, BLOCKWORK AND MASONRY",01 COMMON BRICKWORK,Surface features (continued),sills; standard header-on-edge; 215 mm wide x 103 mm high,m,34.38,1.75,10.3,0,46.43,8,46.43,0.0
5440,"CLASS U: BRICKWORK, BLOCKWORK AND MASONRY",01 COMMON BRICKWORK,Surface features (continued),rebates,m,79.36,4.16,0,0,83.52,7,83.51,0.01
5441,"CLASS U: BRICKWORK, BLOCKWORK AND MASONRY",01 COMMON BRICKWORK,Surface features (continued),chases,m,92.57,4.87,0,0,97.44,7,97.44,0.0
5442,"CLASS U: BRICKWORK, BLOCKWORK AND MASONRY",01 COMMON BRICKWORK,Surface features (continued),band courses; flush; 215 mm wide,m,13.22,0.63,0,0,13.85,7,13.86,-0.01
5443,"CLASS U: BRICKWORK, BLOCKWORK AND MASONRY",01 COMMON BRICKWORK,Surface features (continued),band courses; projection 103 mm; 215 mm wide,m,13.22,0.7,0,0,13.92,7,13.91,0.01
5444,"CLASS U: BRICKWORK, BLOCKWORK AND MASONRY",01 COMMON BRICKWORK,Surface features (continued),corbels maximum projection 103 mm; 215 mm wide,m,39.68,2.09,10.17,0,51.94,8,51.93,0.01
5445,"CLASS U: BRICKWORK, BLOCKWORK AND MASONRY",01 COMMON BRICKWORK,Surface features (continued),pilasters; 328 mm wide x 103 mm projection,m,0,0.97,20.99,0,21.96,5,21.96,0.0
5446,"CLASS U: BRICKWORK, BLOCKWORK AND MASONRY",01 COMMON BRICKWORK,Surface features (continued),pilasters; 440 mm wide x 215 mm projection,m,31.73,1.66,47.33,0,80.72,8,80.72,0.0
5447,"CLASS U: BRICKWORK, BLOCKWORK AND MASONRY",01 COMMON BRICKWORK,Surface features (continued),plinths; projection 103 mm x 900 mm wide,m,50.25,2.64,43.02,0,95.91,8,95.91,0.0
5448,"CLASS U: BRICKWORK, BLOCKWORK AND MASONRY",01 COMMON BRICKWORK,Surface features (continued),fair facing,m2,15.88,0.8,0,0,16.68,7,16.67,0.01
5450,"CLASS U: BRICKWORK, BLOCKWORK AND MASONRY",01 COMMON BRICKWORK,Ancillaries,bonds to existing work; to brickwork,m2,396.71,20.83,48.61,0,466.15,8,466.14,0.01
5451,"CLASS U: BRICKWORK, BLOCKWORK AND MASONRY",01 COMMON BRICKWORK,Ancillaries,"built-in pipes and ducts, cross-sectional area not exceeding 0.05 m2; excluding supply; brickwork 103 mm thick",nr,15.88,0.85,1.6,0,18.33,8,18.32,0.01
5452,"CLASS U: BRICKWORK, BLOCKWORK AND MASONRY",01 COMMON BRICKWORK,Ancillaries,"built-in pipes and ducts, cross-sectional area not exceeding 0.05 m2; excluding supply; brickwork 215 mm thick",nr,31.73,1.59,2.36,0,35.68,8,35.69,-0.01
5453,"CLASS U: BRICKWORK, BLOCKWORK AND MASONRY",01 COMMON BRICKWORK,Ancillaries,"built-in pipes and ducts, cross-sectional area 0.05-0.25 m2; excluding supply; brickwork 103 mm thick",nr,39.68,2.09,2.39,0,44.16,8,44.14,0.02
5454,"CLASS U: BRICKWORK, BLOCKWORK AND MASONRY",01 COMMON BRICKWORK,Ancillaries,"built-in pipes and ducts, cross-sectional area 0.05-0.25 m2; excluding supply; brickwork 215 mm thick",nr,76.7,4.03,3.52,0,84.25,8,84.24,0.01
5455,"CLASS U: BRICKWORK, BLOCKWORK AND MASONRY",01 COMMON BRICKWORK,Ancillaries,"built-in pipes and ducts, cross-sectional area 0.25-0.5 m2; excluding supply; brickwork 103 mm thick",nr,47.61,2.43,2.77,0,52.81,8,52.82,-0.01
5456,"CLASS U: BRICKWORK, BLOCKWORK AND MASONRY",01 COMMON BRICKWORK,Ancillaries,"built-in pipes and ducts, cross-sectional area 0.25-0.5 m2; excluding supply; brickwork 215 mm thick",nr,89.93,4.72,4.05,0,98.7,8,98.69,0.01
5459,"CLASS U: BRICKWORK, BLOCKWORK AND MASONRY",02 FACING BRICKWORK,Facing bricks; in plasticized cement mortar designation (iii); Thickness 103 mm,vertical straight walls,m2,89.93,4.72,78.71,0,173.36,8,173.36,0.0
5460,"CLASS U: BRICKWORK, BLOCKWORK AND MASONRY",02 FACING BRICKWORK,Facing bricks; in plasticized cement mortar designation (iii); Thickness 103 mm,vertical curved walls,m2,119.0,6.25,78.71,0,203.96,8,203.96,0.0
5461,"CLASS U: BRICKWORK, BLOCKWORK AND MASONRY",02 FACING BRICKWORK,Facing bricks; in plasticized cement mortar designation (iii); Thickness 103 mm,battered straight walls,m2,119.0,6.25,78.71,0,203.96,8,203.96,0.0
5462,"CLASS U: BRICKWORK, BLOCKWORK AND MASONRY",02 FACING BRICKWORK,Facing bricks; in plasticized cement mortar designation (iii); Thickness 103 mm,battered curved walls,m2,148.11,7.81,78.71,0,234.63,8,234.63,0.0
5463,"CLASS U: BRICKWORK, BLOCKWORK AND MASONRY",02 FACING BRICKWORK,Facing bricks; in plasticized cement mortar designation (iii); Thickness 103 mm,vertical facing to concrete,m2,97.86,4.91,86.93,0,189.7,8,189.7,0.0
5464,"CLASS U: BRICKWORK, BLOCKWORK AND MASONRY",02 FACING BRICKWORK,Facing bricks; in plasticized cement mortar designation (iii); Thickness 103 mm,battered facing to concrete,m2,148.11,7.81,86.93,0,242.85,8,242.85,0.0
5465,"CLASS U: BRICKWORK, BLOCKWORK AND MASONRY",02 FACING BRICKWORK,Facing bricks; in plasticized cement mortar designation (iii); Thickness 103 mm,casing to metal sections,m2,129.59,6.8,86.93,0,223.32,8,223.32,0.0
5467,"CLASS U: BRICKWORK, BLOCKWORK AND MASONRY",02 FACING BRICKWORK,Thickness 215 mm,vertical straight walls,m2,150.76,11.32,158.34,0,320.42,8,320.41,0.01
5468,"CLASS U: BRICKWORK, BLOCKWORK AND MASONRY",02 FACING BRICKWORK,Thickness 215 mm,vertical curved walls,m2,222.15,11.65,158.34,0,392.14,8,392.15,-0.01
5469,"CLASS U: BRICKWORK, BLOCKWORK AND MASONRY",02 FACING BRICKWORK,Thickness 215 mm,battered straight walls,m2,222.15,11.65,158.34,0,392.14,8,392.15,-0.01
5470,"CLASS U: BRICKWORK, BLOCKWORK AND MASONRY",02 FACING BRICKWORK,Thickness 215 mm,battered curved walls,m2,269.77,14.2,158.34,0,442.31,8,442.3,0.01
5471,"CLASS U: BRICKWORK, BLOCKWORK AND MASONRY",02 FACING BRICKWORK,Thickness 215 mm,battered curved walls,m2,269.77,14.2,158.34,0,442.31,8,442.3,0.01
5472,"CLASS U: BRICKWORK, BLOCKWORK AND MASONRY",02 FACING BRICKWORK,Thickness 215 mm,vertical facing to concrete,m2,174.56,9.16,166.56,0,350.28,8,350.28,0.0
5473,"CLASS U: BRICKWORK, BLOCKWORK AND MASONRY",02 FACING BRICKWORK,Thickness 215 mm,battered facing to concrete,m2,269.77,14.2,166.56,0,450.53,8,450.52,0.01
5474,"CLASS U: BRICKWORK, BLOCKWORK AND MASONRY",02 FACING BRICKWORK,Thickness 215 mm,casing to metal sections,m2,216.87,11.38,166.56,0,394.81,8,394.81,0.0
5476,"CLASS U: BRICKWORK, BLOCKWORK AND MASONRY",02 FACING BRICKWORK,Thickness 328 mm,vertical straight walls,m2,219.52,11.47,238.6,0,469.59,8,469.59,0.0
5477,"CLASS U: BRICKWORK, BLOCKWORK AND MASONRY",02 FACING BRICKWORK,Thickness 328 mm,vertical curved walls,m2,296.21,15.47,238.6,0,550.28,8,550.29,-0.01
5478,"CLASS U: BRICKWORK, BLOCKWORK AND MASONRY",02 FACING BRICKWORK,Thickness 328 mm,battered straight walls,m2,296.21,15.47,238.6,0,550.28,8,550.29,-0.01
5479,"CLASS U: BRICKWORK, BLOCKWORK AND MASONRY",02 FACING BRICKWORK,Thickness 328 mm,battered curved walls,m2,359.68,18.87,238.6,0,617.15,8,617.16,-0.01
5480,"CLASS U: BRICKWORK, BLOCKWORK AND MASONRY",02 FACING BRICKWORK,Thickness 328 mm,vertical facing to concrete,m2,232.74,12.17,246.83,0,491.74,8,491.73,0.01
5481,"CLASS U: BRICKWORK, BLOCKWORK AND MASONRY",02 FACING BRICKWORK,Thickness 328 mm,battered facing to concrete,m2,359.68,18.87,246.83,0,625.38,8,625.38,0.0
5482,"CLASS U: BRICKWORK, BLOCKWORK AND MASONRY",02 FACING BRICKWORK,Thickness 328 mm,casing to metal sections,m2,312.07,16.37,246.83,0,575.27,8,575.27,0.0
5484,"CLASS U: BRICKWORK, BLOCKWORK AND MASONRY",02 FACING BRICKWORK,Thickness 440 mm,vertical straight walls,m2,285.63,14.99,318.61,0,619.23,8,619.24,-0.01
5485,"CLASS U: BRICKWORK, BLOCKWORK AND MASONRY",02 FACING BRICKWORK,Thickness 440 mm,vertical curved walls,m2,367.62,19.3,318.61,0,705.53,8,705.53,0.0
5486,"CLASS U: BRICKWORK, BLOCKWORK AND MASONRY",02 FACING BRICKWORK,Thickness 440 mm,battered straight walls,m2,367.62,19.3,318.61,0,705.53,8,705.53,0.0
5487,"CLASS U: BRICKWORK, BLOCKWORK AND MASONRY",02 FACING BRICKWORK,Thickness 440 mm,vertical facing to concrete,m2,288.27,15.16,326.84,0,630.27,8,630.28,-0.01
5488,"CLASS U: BRICKWORK, BLOCKWORK AND MASONRY",02 FACING BRICKWORK,Thickness 440 mm,battered facing to concrete,m2,367.62,19.3,326.84,0,713.76,8,713.75,0.01
5489,"CLASS U: BRICKWORK, BLOCKWORK AND MASONRY",02 FACING BRICKWORK,Thickness 440 mm,casing to metal sections,m2,367.62,19.3,326.84,0,713.76,8,713.75,0.01
5491,"CLASS U: BRICKWORK, BLOCKWORK AND MASONRY",02 FACING BRICKWORK,Columns and piers,215 x 215 mm,m,44.95,2.31,35.27,0,82.53,8,82.54,-0.01
5492,"CLASS U: BRICKWORK, BLOCKWORK AND MASONRY",02 FACING BRICKWORK,Columns and piers,440 x 215 mm,m,76.7,4.03,70.87,0,151.6,8,151.58,0.02
5493,"CLASS U: BRICKWORK, BLOCKWORK AND MASONRY",02 FACING BRICKWORK,Columns and piers,665 x 328 mm,m,153.39,8.01,159.94,0,321.34,8,321.34,0.0
5495,"CLASS U: BRICKWORK, BLOCKWORK AND MASONRY",02 FACING BRICKWORK,Surface features,copings; standard header-on-edge; standard bricks; 215 mm wide x 103 mm high,m,34.38,1.86,16.51,0,52.75,8,52.76,-0.01
5496,"CLASS U: BRICKWORK, BLOCKWORK AND MASONRY",02 FACING BRICKWORK,Surface features,flat arches; standard stretcher-on-end; 215 mm wide x 103 mm high,m,55.53,2.91,16.13,0,74.57,8,74.57,0.0
5497,"CLASS U: BRICKWORK, BLOCKWORK AND MASONRY",02 FACING BRICKWORK,Surface features,flat arches; standard stretcher-on-end; bullnosed special bricks; 103 mm x 215 mm high,m,58.19,3.06,9.71,0,70.96,8,70.95,0.01
5498,"CLASS U: BRICKWORK, BLOCKWORK AND MASONRY",02 FACING BRICKWORK,Surface features,segmental arches; single ring; standard bricks; 103 mm wide x 215 mm high,m,97.86,5.13,16.13,0,119.12,8,119.12,0.0
5499,"CLASS U: BRICKWORK, BLOCKWORK AND MASONRY",02 FACING BRICKWORK,Surface features,segmental arches; two ring; standard bricks; 103 mm wide x 440 mm high,m,129.59,6.8,32.51,0,168.9,8,168.9,0.0
5500,"CLASS U: BRICKWORK, BLOCKWORK AND MASONRY",02 FACING BRICKWORK,Surface features,segmental arches; cut voussoirs; 103 mm wide x 215 mm high,m,103.14,5.42,39.37,0,147.93,8,147.93,0.0
5501,"CLASS U: BRICKWORK, BLOCKWORK AND MASONRY",02 FACING BRICKWORK,Surface features,rebates,m,87.27,4.57,0,0,91.84,7,91.84,0.0
5502,"CLASS U: BRICKWORK, BLOCKWORK AND MASONRY",02 FACING BRICKWORK,Surface features,chases,m,97.86,5.13,0,0,102.99,7,102.99,0.0
5503,"CLASS U: BRICKWORK, BLOCKWORK AND MASONRY",02 FACING BRICKWORK,Surface features,cornices; maximum projection 103 mm; 215 mm wide,m,97.86,5.13,16.8,0,119.79,8,119.8,-0.01
5504,"CLASS U: BRICKWORK, BLOCKWORK AND MASONRY",02 FACING BRICKWORK,Surface features,band courses; projection 113 mm; 215 mm wide,m,15.88,0.75,0,0,16.63,7,16.64,-0.01
5505,"CLASS U: BRICKWORK, BLOCKWORK AND MASONRY",02 FACING BRICKWORK,Surface features,corbels; maximum projection 113 mm; 215 mm wide,m,97.86,5.13,16.8,0,119.79,8,119.8,-0.01
5506,"CLASS U: BRICKWORK, BLOCKWORK AND MASONRY",02 FACING BRICKWORK,Surface features,pilasters; 328 mm wide x 113 mm projection,m,13.22,0.7,35.25,0,49.17,8,49.16,0.01
5507,"CLASS U: BRICKWORK, BLOCKWORK AND MASONRY",02 FACING BRICKWORK,Surface features,pilasters; 440 mm wide x 215 mm projection,m,15.88,0.75,79.38,0,96.01,8,96.01,0.0
5508,"CLASS U: BRICKWORK, BLOCKWORK AND MASONRY",02 FACING BRICKWORK,Surface features,plinths; projection 113 mm x 900 mm wide,m,63.47,3.34,71.51,0,138.32,8,138.31,0.01
5509,"CLASS U: BRICKWORK, BLOCKWORK AND MASONRY",02 FACING BRICKWORK,Surface features,fair facing; pointing as work proceeds,m2,15.88,0.85,0,0,16.73,7,16.72,0.01
5511,"CLASS U: BRICKWORK, BLOCKWORK AND MASONRY",02 FACING BRICKWORK,Ancillaries,bonds to existing work; to brickwork,m2,396.71,20.83,20.78,0,438.32,8,438.31,0.01
5512,"CLASS U: BRICKWORK, BLOCKWORK AND MASONRY",02 FACING BRICKWORK,Ancillaries,"built-in pipes and ducts, cross-sectional area not exceeding 0.05 m2; excluding supply; brickwork half brick thick",nr,26.46,1.32,1.74,0,29.52,8,29.51,0.01
5513,"CLASS U: BRICKWORK, BLOCKWORK AND MASONRY",02 FACING BRICKWORK,Ancillaries,"built-in pipes and ducts, cross-sectional area not exceeding 0.05 m2; excluding supply; brickwork one brick thick",nr,39.68,1.56,3.09,0,44.33,8,44.32,0.01
5516,"CLASS U: BRICKWORK, BLOCKWORK AND MASONRY",04 LIGHTWEIGHT BLOCKWORK (section inferred; heading falls in missing pages),Thickness 140 mm (continued),vertical curved walls,m2,79.36,4.15,27.35,0,110.86,8,110.85,0.01
5517,"CLASS U: BRICKWORK, BLOCKWORK AND MASONRY",04 LIGHTWEIGHT BLOCKWORK (section inferred; heading falls in missing pages),Thickness 140 mm (continued),vertical facework to concrete,m2,60.84,3.22,32.15,0,96.21,8,96.2,0.01
5518,"CLASS U: BRICKWORK, BLOCKWORK AND MASONRY",04 LIGHTWEIGHT BLOCKWORK (section inferred; heading falls in missing pages),Thickness 140 mm (continued),casing to metal sections,m2,71.41,3.76,32.15,0,107.32,8,107.31,0.01
5520,"CLASS U: BRICKWORK, BLOCKWORK AND MASONRY",04 LIGHTWEIGHT BLOCKWORK (section inferred; heading falls in missing pages),Thickness 215 mm,vertical straight walls,m2,74.05,3.82,39.62,0,117.49,8,117.48,0.01
5521,"CLASS U: BRICKWORK, BLOCKWORK AND MASONRY",04 LIGHTWEIGHT BLOCKWORK (section inferred; heading falls in missing pages),Thickness 215 mm,vertical curved walls,m2,97.86,5.08,39.62,0,142.56,8,142.56,0.0
5522,"CLASS U: BRICKWORK, BLOCKWORK AND MASONRY",04 LIGHTWEIGHT BLOCKWORK (section inferred; heading falls in missing pages),Thickness 215 mm,vertical facework to concrete,m2,74.05,3.92,44.11,0,122.08,8,122.08,0.0
5523,"CLASS U: BRICKWORK, BLOCKWORK AND MASONRY",04 LIGHTWEIGHT BLOCKWORK (section inferred; heading falls in missing pages),Thickness 215 mm,casing to metal sections,m2,81.98,4.31,44.11,0,130.4,8,130.4,0.0
5525,"CLASS U: BRICKWORK, BLOCKWORK AND MASONRY",04 LIGHTWEIGHT BLOCKWORK (section inferred; heading falls in missing pages),Columns and piers,440 x 100 mm,m,21.16,1.12,9.76,0,32.04,8,32.04,0.0
5526,"CLASS U: BRICKWORK, BLOCKWORK AND MASONRY",04 LIGHTWEIGHT BLOCKWORK (section inferred; heading falls in missing pages),Columns and piers,890 x 140 mm,m,58.19,3.06,24.56,0,85.81,8,85.81,0.0
5528,"CLASS U: BRICKWORK, BLOCKWORK AND MASONRY",04 LIGHTWEIGHT BLOCKWORK (section inferred; heading falls in missing pages),Surface features,fair facing,m2,15.88,0.85,0,0,16.73,7,16.72,0.01
5530,"CLASS U: BRICKWORK, BLOCKWORK AND MASONRY",04 LIGHTWEIGHT BLOCKWORK (section inferred; heading falls in missing pages),Ancillaries,"built-in pipes and ducts, cross-sectional area not exceeding 0.05 m2; excluding supply; blockwork 100 mm thick",nr,10.57,0.55,0.56,0,11.68,8,11.68,0.0
5531,"CLASS U: BRICKWORK, BLOCKWORK AND MASONRY",04 LIGHTWEIGHT BLOCKWORK (section inferred; heading falls in missing pages),Ancillaries,"built-in pipes and ducts, cross-sectional area not exceeding 0.05 m2; excluding supply; blockwork 140 mm thick",nr,23.8,1.26,1.79,0,26.85,8,26.84,0.01
5532,"CLASS U: BRICKWORK, BLOCKWORK AND MASONRY",04 LIGHTWEIGHT BLOCKWORK (section inferred; heading falls in missing pages),Ancillaries,"built-in pipes and ducts, cross-sectional area not exceeding 0.05 m2; excluding supply; blockwork 215 mm thick",nr,34.38,1.76,2.28,0,38.42,8,38.42,0.0
5533,"CLASS U: BRICKWORK, BLOCKWORK AND MASONRY",04 LIGHTWEIGHT BLOCKWORK (section inferred; heading falls in missing pages),Ancillaries,"built-in pipes and ducts, cross-sectional area 0.05-0.25 m2; excluding supply; blockwork 100 mm thick",nr,34.38,1.76,2.63,0,38.77,8,38.77,0.0
5534,"CLASS U: BRICKWORK, BLOCKWORK AND MASONRY",04 LIGHTWEIGHT BLOCKWORK (section inferred; heading falls in missing pages),Ancillaries,"built-in pipes and ducts, cross-sectional area 0.05-0.25 m2; excluding supply; blockwork 140 mm thick",nr,47.61,2.44,3.84,0,53.89,8,53.89,0.0
5535,"CLASS U: BRICKWORK, BLOCKWORK AND MASONRY",04 LIGHTWEIGHT BLOCKWORK (section inferred; heading falls in missing pages),Ancillaries,"built-in pipes and ducts, cross-sectional area 0.05-0.25 m2; excluding supply; blockwork 215 mm thick",nr,66.12,3.47,4.82,0,74.41,8,74.41,0.0
5536,"CLASS U: BRICKWORK, BLOCKWORK AND MASONRY",04 LIGHTWEIGHT BLOCKWORK (section inferred; heading falls in missing pages),Ancillaries,"built-in pipes and ducts, cross-sectional area 0.25-0.5 m2; excluding supply; blockwork 100 mm thick",nr,39.68,2.09,3.32,0,45.09,8,45.08,0.01
5537,"CLASS U: BRICKWORK, BLOCKWORK AND MASONRY",04 LIGHTWEIGHT BLOCKWORK (section inferred; heading falls in missing pages),Ancillaries,"built-in pipes and ducts, cross-sectional area 0.25-0.5 m2; excluding supply; blockwork 140 mm thick",nr,55.53,2.91,3.84,0,62.28,8,62.28,0.0
5538,"CLASS U: BRICKWORK, BLOCKWORK AND MASONRY",04 LIGHTWEIGHT BLOCKWORK (section inferred; heading falls in missing pages),Ancillaries,"built-in pipes and ducts, cross-sectional area 0.25-0.5 m2; excluding supply; blockwork 215 mm thick",nr,79.36,4.09,5.7,0,89.15,8,89.14,0.01
5541,"CLASS U: BRICKWORK, BLOCKWORK AND MASONRY",05 DENSE CONCRETE BLOCKWORK,"Dense concrete blocks; 7 N/mm2; in cement mortar designation (iii); Walls, built vertical and straight",100 mm thick,m2,50.25,2.65,13.76,0,66.66,8,66.67,-0.01
5542,"CLASS U: BRICKWORK, BLOCKWORK AND MASONRY",05 DENSE CONCRETE BLOCKWORK,"Dense concrete blocks; 7 N/mm2; in cement mortar designation (iii); Walls, built vertical and straight",140 mm thick,m2,66.12,3.44,21.88,0,91.44,8,91.44,0.0
5543,"CLASS U: BRICKWORK, BLOCKWORK AND MASONRY",05 DENSE CONCRETE BLOCKWORK,"Dense concrete blocks; 7 N/mm2; in cement mortar designation (iii); Walls, built vertical and straight",215 mm thick,m2,89.93,4.72,27.88,0,122.53,8,122.52,0.01
5545,"CLASS U: BRICKWORK, BLOCKWORK AND MASONRY",05 DENSE CONCRETE BLOCKWORK,"Walls, built vertical and curved",100 mm thick,m2,66.12,3.53,13.81,0,83.46,8,83.47,-0.01
5546,"CLASS U: BRICKWORK, BLOCKWORK AND MASONRY",05 DENSE CONCRETE BLOCKWORK,"Walls, built vertical and curved",140 mm thick,m2,87.27,4.57,21.88,0,113.72,8,113.72,0.0
5547,"CLASS U: BRICKWORK, BLOCKWORK AND MASONRY",05 DENSE CONCRETE BLOCKWORK,"Walls, built vertical and curved",215 mm thick,m2,119.0,6.28,27.94,0,153.22,8,153.22,0.0
5549,"CLASS U: BRICKWORK, BLOCKWORK AND MASONRY",05 DENSE CONCRETE BLOCKWORK,"Walls, built vertical in facework to concrete",100 mm thick,m2,52.9,2.74,17.12,0,72.76,8,72.75,0.01
5550,"CLASS U: BRICKWORK, BLOCKWORK AND MASONRY",05 DENSE CONCRETE BLOCKWORK,"Walls, built vertical in facework to concrete",140 mm thick,m2,68.76,3.54,25.75,0,98.05,8,98.05,0.0
5551,"CLASS U: BRICKWORK, BLOCKWORK AND MASONRY",05 DENSE CONCRETE BLOCKWORK,"Walls, built vertical in facework to concrete",215 mm thick,m2,92.57,4.87,30.97,0,128.41,8,128.4,0.01
5553,"CLASS U: BRICKWORK, BLOCKWORK AND MASONRY",05 DENSE CONCRETE BLOCKWORK,"Walls, as casings to metal sections, built vertical and straight",100 mm thick,m2,60.84,3.2,17.12,0,81.16,8,81.15,0.01
5554,"CLASS U: BRICKWORK, BLOCKWORK AND MASONRY",05 DENSE CONCRETE BLOCKWORK,"Walls, as casings to metal sections, built vertical and straight",140 mm thick,m2,79.36,4.09,25.75,0,109.2,8,109.19,0.01
5556,"CLASS U: BRICKWORK, BLOCKWORK AND MASONRY",05 DENSE CONCRETE BLOCKWORK,Columns and piers,440 x 100 mm,m,21.16,1.1,5.48,0,27.74,8,27.75,-0.01
5557,"CLASS U: BRICKWORK, BLOCKWORK AND MASONRY",05 DENSE CONCRETE BLOCKWORK,Columns and piers,890 x 140 mm thick,m,58.19,3.06,19.68,0,80.93,8,80.93,0.0
5559,"CLASS U: BRICKWORK, BLOCKWORK AND MASONRY",05 DENSE CONCRETE BLOCKWORK,Ancillaries,"built-in pipes and ducts, cross-sectional area not exceeding 0.05 m2; excluding supply; blockwork 100 mm thick",nr,13.22,0.63,0.51,0,14.36,8,14.37,-0.01
5560,"CLASS U: BRICKWORK, BLOCKWORK AND MASONRY",05 DENSE CONCRETE BLOCKWORK,Ancillaries,"built-in pipes and ducts, cross-sectional area not exceeding 0.05 m2; excluding supply; blockwork 140 mm thick",nr,26.46,1.38,1.49,0,29.33,8,29.33,0.0
5561,"CLASS U: BRICKWORK, BLOCKWORK AND MASONRY",05 DENSE CONCRETE BLOCKWORK,Ancillaries,"built-in pipes and ducts, cross-sectional area not exceeding 0.05 m2; excluding supply; blockwork 215 mm thick",nr,37.03,1.87,1.75,0,40.65,8,40.65,0.0
5562,"CLASS U: BRICKWORK, BLOCKWORK AND MASONRY",05 DENSE CONCRETE BLOCKWORK,Ancillaries,"built-in pipes and ducts, cross-sectional area 0.05-0.25 m2; excluding supply; blockwork 100 mm thick",nr,37.03,1.87,1.85,0,40.75,8,40.74,0.01
5563,"CLASS U: BRICKWORK, BLOCKWORK AND MASONRY",05 DENSE CONCRETE BLOCKWORK,Ancillaries,"built-in pipes and ducts, cross-sectional area 0.05-0.25 m2; excluding supply; blockwork 140 mm thick",nr,50.25,2.64,3.16,0,56.05,8,56.05,0.0
5564,"CLASS U: BRICKWORK, BLOCKWORK AND MASONRY",05 DENSE CONCRETE BLOCKWORK,Ancillaries,"built-in pipes and ducts, cross-sectional area 0.05-0.25 m2; excluding supply; blockwork 215 mm thick",nr,71.41,3.76,3.56,0,78.73,8,78.72,0.01
5565,"CLASS U: BRICKWORK, BLOCKWORK AND MASONRY",05 DENSE CONCRETE BLOCKWORK,Ancillaries,"built-in pipes and ducts, cross-sectional area 0.25-0.5 m2; excluding supply; blockwork 100 mm thick",nr,42.31,2.25,2.28,0,46.84,8,46.85,-0.01
5566,"CLASS U: BRICKWORK, BLOCKWORK AND MASONRY",05 DENSE CONCRETE BLOCKWORK,Ancillaries,"built-in pipes and ducts, cross-sectional area 0.25-0.5 m2; excluding supply; blockwork 140 mm thick",nr,60.84,3.2,3.22,0,67.26,8,67.24,0.02
5567,"CLASS U: BRICKWORK, BLOCKWORK AND MASONRY",05 DENSE CONCRETE BLOCKWORK,Ancillaries,"built-in pipes and ducts, cross-sectional area 0.25-0.5 m2; excluding supply; blockwork 215 mm thick",nr,84.63,4.44,4.22,0,93.29,8,93.3,-0.01
5570,"CLASS U: BRICKWORK, BLOCKWORK AND MASONRY",06 ARTIFICIAL STONE BLOCKWORK,Reconstituted stone masonry blocks; Bradstone 100 bed weathered Cotswold or North Cerney rough hewn rockfaced blocks; in coloured cement-lime mortar designation (iii); Thickness 100 mm vertical facing,vertical straight walls,m2,79.36,4.16,97.31,0,180.83,8,180.82,0.01
5571,"CLASS U: BRICKWORK, BLOCKWORK AND MASONRY",06 ARTIFICIAL STONE BLOCKWORK,Reconstituted stone masonry blocks; Bradstone 100 bed weathered Cotswold or North Cerney rough hewn rockfaced blocks; in coloured cement-lime mortar designation (iii); Thickness 100 mm vertical facing,vertical curved walls,m2,103.14,5.42,97.31,0,205.87,8,205.87,0.0
5572,"CLASS U: BRICKWORK, BLOCKWORK AND MASONRY",06 ARTIFICIAL STONE BLOCKWORK,Reconstituted stone masonry blocks; Bradstone 100 bed weathered Cotswold or North Cerney rough hewn rockfaced blocks; in coloured cement-lime mortar designation (iii); Thickness 100 mm vertical facing,vertical facework to concrete,m2,81.98,4.33,97.35,0,183.66,8,183.66,0.0
5573,"CLASS U: BRICKWORK, BLOCKWORK AND MASONRY",06 ARTIFICIAL STONE BLOCKWORK,Reconstituted stone masonry blocks; Bradstone 100 bed weathered Cotswold or North Cerney rough hewn rockfaced blocks; in coloured cement-lime mortar designation (iii); Thickness 100 mm vertical facing,casing to metal sections,m2,105.79,5.55,97.35,0,208.69,8,208.7,-0.01
5575,"CLASS U: BRICKWORK, BLOCKWORK AND MASONRY",06 ARTIFICIAL STONE BLOCKWORK,Ancillaries,"built-in pipes and ducts, cross-sectional area not exceeding 0.05 m2; excluding supply",nr,18.51,0.97,0.97,0,20.45,8,20.45,0.0
5576,"CLASS U: BRICKWORK, BLOCKWORK AND MASONRY",06 ARTIFICIAL STONE BLOCKWORK,Ancillaries,"built-in pipes and ducts, cross-sectional area 0.05-0.25 m2; excluding supply",nr,58.19,3.06,10.14,0,71.39,8,71.39,0.0
5577,"CLASS U: BRICKWORK, BLOCKWORK AND MASONRY",06 ARTIFICIAL STONE BLOCKWORK,Ancillaries,"built-in pipes and ducts, cross-sectional area 0.25-0.5 m2; excluding supply",nr,68.76,3.61,12.72,0,85.09,8,85.09,0.0
5581,"CLASS U: BRICKWORK, BLOCKWORK AND MASONRY",ANCILLARIES (section continues from missing page),Movement joints (continued),movement joints; 12 mm filler 90 wide; 12 x 12 mm sealant one side,m,15.88,0.75,1.17,0,17.8,8,17.81,-0.01
5582,"CLASS U: BRICKWORK, BLOCKWORK AND MASONRY",ANCILLARIES (section continues from missing page),Movement joints (continued),movement joints; 12 mm filler 200 wide; 12 x 12 mm sealant one side,m,18.51,0.9,1.75,0,21.16,8,21.17,-0.01
5584,"CLASS U: BRICKWORK, BLOCKWORK AND MASONRY",ANCILLARIES (section continues from missing page),Dritherm cavity insulation; Infills,50 mm thick,m2,10.57,0.55,9.11,0,20.23,8,20.23,0.0
5585,"CLASS U: BRICKWORK, BLOCKWORK AND MASONRY",ANCILLARIES (section continues from missing page),Dritherm cavity insulation; Infills,75 mm thick,m2,13.22,0.63,12.5,0,26.35,8,26.36,-0.01
5587,"CLASS U: BRICKWORK, BLOCKWORK AND MASONRY",ANCILLARIES (section continues from missing page),Concrete; Infills,50 mm thick,m2,15.88,0.8,8.9,0,25.58,8,25.57,0.01
5589,"CLASS U: BRICKWORK, BLOCKWORK AND MASONRY",ANCILLARIES (section continues from missing page),Galvanized steel wall ties; Fixings and ties,vertical twist strip type; 900 mm horizontal and 450 mm vertical staggered spacings,m2,5.29,0.22,2.02,0,7.53,8,7.52,0.01
5591,"CLASS U: BRICKWORK, BLOCKWORK AND MASONRY",ANCILLARIES (section continues from missing page),Stainless steel wall ties; Fixings and ties,vertical twist strip type; 900 mm horizontal and 450 mm vertical staggered spacings,m2,5.29,0.22,4.44,0,9.95,8,9.94,0.01
5609,CLASS V: PAINTING,01 IRON BASED PRIMER PAINT,One coat iron oxide primer; Metal,upper surfaces inclined at an angle ne 30 deg to the horizontal,m2,5.43,0.68,1.01,0,7.12,9,7.11,0.01
5610,CLASS V: PAINTING,01 IRON BASED PRIMER PAINT,One coat iron oxide primer; Metal,upper surfaces inclined at an angle 30-60 deg to the horizontal,m2,5.43,0.68,1.01,0,7.12,9,7.11,0.01
5611,CLASS V: PAINTING,01 IRON BASED PRIMER PAINT,One coat iron oxide primer; Metal,surfaces inclined at an angle exceeding 60 deg to the horizontal,m2,5.43,0.68,1.01,0,7.12,9,7.11,0.01
5612,CLASS V: PAINTING,01 IRON BASED PRIMER PAINT,One coat iron oxide primer; Metal,soffit surfaces and lower surfaces inclined at an angle ne 60 deg to the horizontal,m2,6.58,0.83,1.01,0,8.42,9,8.42,0.0
5613,CLASS V: PAINTING,01 IRON BASED PRIMER PAINT,One coat iron oxide primer; Metal,surfaces of width ne 300 mm,m,2.98,0.29,0.3,0,3.57,9,3.58,-0.01
5614,CLASS V: PAINTING,01 IRON BASED PRIMER PAINT,One coat iron oxide primer; Metal,surfaces of width 300 mm-1 m,m,5.32,0.68,0.67,0,6.67,9,6.66,0.01
5615,CLASS V: PAINTING,01 IRON BASED PRIMER PAINT,One coat iron oxide primer; Metal,pipework,m2,6.45,0.81,1.01,0,8.27,9,8.26,0.01
5618,CLASS V: PAINTING,02 ETCH PRIMER PRIMER PAINT,One coat calcium plumbate primer; Metal,upper surfaces inclined at an angle ne 30 deg to the horizontal,m2,5.32,0.68,3.98,0,9.98,9,9.97,0.01
5619,CLASS V: PAINTING,02 ETCH PRIMER PRIMER PAINT,One coat calcium plumbate primer; Metal,upper surfaces inclined at an angle 30-60 deg to the horizontal,m2,5.32,0.68,3.98,0,9.98,9,9.97,0.01
5620,CLASS V: PAINTING,02 ETCH PRIMER PRIMER PAINT,One coat calcium plumbate primer; Metal,surfaces inclined at an angle exceeding 60 deg to the horizontal,m2,5.32,0.68,3.98,0,9.98,9,9.97,0.01
5621,CLASS V: PAINTING,02 ETCH PRIMER PRIMER PAINT,One coat calcium plumbate primer; Metal,soffit surfaces and lower surfaces inclined at an angle ne 60 deg to the horizontal,m2,6.39,0.83,3.98,0,11.2,9,11.19,0.01
5622,CLASS V: PAINTING,02 ETCH PRIMER PRIMER PAINT,One coat calcium plumbate primer; Metal,surfaces of width ne 300 mm,m,2.13,0.29,1.19,0,3.61,9,3.62,-0.01
5623,CLASS V: PAINTING,02 ETCH PRIMER PRIMER PAINT,One coat calcium plumbate primer; Metal,surfaces of width 300 mm-1 m,m,5.32,0.68,2.58,0,8.58,9,8.58,0.0
5624,CLASS V: PAINTING,02 ETCH PRIMER PRIMER PAINT,One coat calcium plumbate primer; Metal,pipework,m2,6.39,0.81,3.98,0,11.18,9,11.17,0.01
5626,CLASS V: PAINTING,02 ETCH PRIMER PRIMER PAINT,One coat acrylic wood primer; Timber,upper surfaces inclined at an angle ne 30 deg to the horizontal,m2,4.25,0.54,1.61,0,6.4,9,6.41,-0.01
5627,CLASS V: PAINTING,02 ETCH PRIMER PRIMER PAINT,One coat acrylic wood primer; Timber,upper surfaces inclined at an angle 30-60 deg to the horizontal,m2,4.25,0.54,1.61,0,6.4,9,6.41,-0.01
5628,CLASS V: PAINTING,02 ETCH PRIMER PRIMER PAINT,One coat acrylic wood primer; Timber,surfaces inclined at an angle exceeding 60 deg to the horizontal,m2,4.25,0.53,1.61,0,6.39,9,6.39,0.0
5629,CLASS V: PAINTING,02 ETCH PRIMER PRIMER PAINT,One coat acrylic wood primer; Timber,soffit surfaces and lower surfaces inclined at an angle ne 60 deg to the horizontal,m2,5.32,0.68,1.61,0,7.61,9,7.61,0.0
5630,CLASS V: PAINTING,02 ETCH PRIMER PRIMER PAINT,One coat acrylic wood primer; Timber,surfaces of width ne 300 mm,m,2.13,0.28,0.48,0,2.89,9,2.88,0.01
5631,CLASS V: PAINTING,02 ETCH PRIMER PRIMER PAINT,One coat acrylic wood primer; Timber,surfaces of width 300 mm-1000 mm,m,5.32,0.68,1.05,0,7.05,9,7.05,0.0
5634,CLASS V: PAINTING,04 GLOSS PAINT,One coat calcium plumbate primer; one undercoat and one finishing coat of gloss paint; Metal,upper surfaces inclined at an angle ne 30 deg to the horizontal,m2,14.88,1.93,5.96,0,22.77,9,22.78,-0.01
5635,CLASS V: PAINTING,04 GLOSS PAINT,One coat calcium plumbate primer; one undercoat and one finishing coat of gloss paint; Metal,upper surfaces inclined at an angle 30-60 deg to the horizontal,m2,15.95,2.06,5.96,0,23.97,9,23.98,-0.01
5636,CLASS V: PAINTING,04 GLOSS PAINT,One coat calcium plumbate primer; one undercoat and one finishing coat of gloss paint; Metal,surfaces inclined at an angle exceeding 60 deg to the horizontal,m2,17.03,2.21,5.96,0,25.2,9,25.18,0.02
5637,CLASS V: PAINTING,04 GLOSS PAINT,One coat calcium plumbate primer; one undercoat and one finishing coat of gloss paint; Metal,soffit surfaces and lower surfaces inclined at an angle ne 60 deg to the horizontal,m2,18.09,2.32,5.96,0,26.37,9,26.38,-0.01
5638,CLASS V: PAINTING,04 GLOSS PAINT,One coat calcium plumbate primer; one undercoat and one finishing coat of gloss paint; Metal,surfaces of width ne 300 mm,m,5.32,0.68,1.79,0,7.79,9,7.79,0.0
5639,CLASS V: PAINTING,04 GLOSS PAINT,One coat calcium plumbate primer; one undercoat and one finishing coat of gloss paint; Metal,surfaces of width 300 mm-1000 mm,m,10.64,1.39,3.87,0,15.9,9,15.89,0.01
5640,CLASS V: PAINTING,04 GLOSS PAINT,One coat calcium plumbate primer; one undercoat and one finishing coat of gloss paint; Metal,Metal sections,m2,19.15,2.4,5.96,0,27.51,9,27.52,-0.01
5641,CLASS V: PAINTING,04 GLOSS PAINT,One coat calcium plumbate primer; one undercoat and one finishing coat of gloss paint; Metal,Pipework,m2,19.15,2.4,5.96,0,27.51,9,27.52,-0.01
5643,CLASS V: PAINTING,04 GLOSS PAINT,One coat acrylic wood primer; one undercoat and one finishing coat of gloss paint; Timber,upper surfaces inclined at an angle ne 30 deg to the horizontal,m2,13.83,1.64,3.6,0,19.07,9,19.08,-0.01
5644,CLASS V: PAINTING,04 GLOSS PAINT,One coat acrylic wood primer; one undercoat and one finishing coat of gloss paint; Timber,upper surfaces inclined at an angle 30-60 deg to the horizontal,m2,14.88,1.93,3.6,0,20.41,9,20.42,-0.01
5645,CLASS V: PAINTING,04 GLOSS PAINT,One coat acrylic wood primer; one undercoat and one finishing coat of gloss paint; Timber,surfaces inclined at an angle exceeding 60 deg to the horizontal,m2,15.95,2.06,3.63,0,21.64,9,21.64,0.0
5646,CLASS V: PAINTING,04 GLOSS PAINT,One coat acrylic wood primer; one undercoat and one finishing coat of gloss paint; Timber,soffit surfaces and lower surfaces inclined at an angle ne 60 deg to the horizontal,m2,17.03,2.21,3.6,0,22.84,9,22.82,0.02
5648,CLASS V: PAINTING,04 GLOSS PAINT,One coat acrylic wood primer; one undercoat and one finishing coat of gloss paint; Timber (continued),surfaces of width ne 300 mm,m,5.32,0.48,1.08,0,6.88,9,6.87,0.01
5649,CLASS V: PAINTING,04 GLOSS PAINT,One coat acrylic wood primer; one undercoat and one finishing coat of gloss paint; Timber (continued),surfaces of width 300 mm-1000 mm,m,10.64,1.39,2.34,0,14.37,9,14.35,0.02
5651,CLASS V: PAINTING,04 GLOSS PAINT,One coat calcium plumbate primer; two undercoats and one finishing coat of gloss paint; Metal,upper surfaces inclined at an angle ne 30 deg to the horizontal,m2,12.77,1.65,6.97,0,21.39,9,21.39,0.0
5652,CLASS V: PAINTING,04 GLOSS PAINT,One coat calcium plumbate primer; two undercoats and one finishing coat of gloss paint; Metal,upper surfaces inclined at an angle 30-60 deg to the horizontal,m2,13.83,1.79,6.97,0,22.59,9,22.58,0.01
5653,CLASS V: PAINTING,04 GLOSS PAINT,One coat calcium plumbate primer; two undercoats and one finishing coat of gloss paint; Metal,surfaces inclined at an angle exceeding 60 deg to the horizontal,m2,14.88,1.93,6.97,0,23.78,9,23.79,-0.01
5654,CLASS V: PAINTING,04 GLOSS PAINT,One coat calcium plumbate primer; two undercoats and one finishing coat of gloss paint; Metal,soffit surfaces and lower surfaces inclined at an angle ne 60 deg to the horizontal,m2,15.95,2.06,6.79,0,24.8,9,24.81,-0.01
5655,CLASS V: PAINTING,04 GLOSS PAINT,One coat calcium plumbate primer; two undercoats and one finishing coat of gloss paint; Metal,surfaces of width ne 300 mm,m,6.39,0.83,2.09,0,9.31,9,9.31,0.0
5656,CLASS V: PAINTING,04 GLOSS PAINT,One coat calcium plumbate primer; two undercoats and one finishing coat of gloss paint; Metal,surfaces of width 300 mm-1000 mm,m,12.77,1.65,4.53,0,18.95,9,18.94,0.01
5658,CLASS V: PAINTING,04 GLOSS PAINT,One coat acrylic wood primer; two undercoats and one finishing coat of gloss paint; Timber,upper surfaces inclined at an angle ne 30 deg to the horizontal,m2,13.83,1.79,4.61,0,20.23,9,20.22,0.01
5659,CLASS V: PAINTING,04 GLOSS PAINT,One coat acrylic wood primer; two undercoats and one finishing coat of gloss paint; Timber,upper surfaces inclined at an angle 30-60 deg to the horizontal,m2,14.88,1.93,4.61,0,21.42,9,21.42,0.0
5660,CLASS V: PAINTING,04 GLOSS PAINT,One coat acrylic wood primer; two undercoats and one finishing coat of gloss paint; Timber,surfaces inclined at an angle exceeding 60 deg to the horizontal,m2,15.95,2.06,4.63,0,22.64,9,22.64,0.0
5661,CLASS V: PAINTING,04 GLOSS PAINT,One coat acrylic wood primer; two undercoats and one finishing coat of gloss paint; Timber,soffit surfaces and lower surfaces inclined at an angle ne 60 deg to the horizontal,m2,17.03,2.06,4.61,0,23.7,9,23.69,0.01
5662,CLASS V: PAINTING,04 GLOSS PAINT,One coat acrylic wood primer; two undercoats and one finishing coat of gloss paint; Timber,surfaces of width ne 300 mm,m,6.39,1.93,1.38,0,9.7,9,9.69,0.01
5663,CLASS V: PAINTING,04 GLOSS PAINT,One coat acrylic wood primer; two undercoats and one finishing coat of gloss paint; Timber,surfaces of width 300 mm-1000 mm,m,12.77,1.65,2.99,0,17.41,9,17.41,0.0
5665,CLASS V: PAINTING,04 GLOSS PAINT,One coat alkali resisting primer; two undercoats and one finishing coat of gloss paint; Smooth concrete,upper surfaces inclined at an angle ne 30 deg to the horizontal,m2,7.45,0.97,5.09,0,13.51,9,13.51,0.0
5666,CLASS V: PAINTING,04 GLOSS PAINT,One coat alkali resisting primer; two undercoats and one finishing coat of gloss paint; Smooth concrete,upper surfaces inclined at an angle 30-60 deg to the horizontal,m2,8.51,1.1,5.09,0,14.7,9,14.7,0.0
5667,CLASS V: PAINTING,04 GLOSS PAINT,One coat alkali resisting primer; two undercoats and one finishing coat of gloss paint; Smooth concrete,surfaces inclined at an angle exceeding 60 deg to the horizontal,m2,9.57,1.22,5.12,0,15.91,9,15.92,-0.01
5668,CLASS V: PAINTING,04 GLOSS PAINT,One coat alkali resisting primer; two undercoats and one finishing coat of gloss paint; Smooth concrete,soffit surfaces and lower surfaces inclined at an angle ne 60 deg to the horizontal,m2,10.64,1.39,5.09,0,17.12,9,17.1,0.02
5669,CLASS V: PAINTING,04 GLOSS PAINT,One coat alkali resisting primer; two undercoats and one finishing coat of gloss paint; Smooth concrete,surfaces of width ne 300 mm,m,3.18,0.42,1.52,0,5.12,9,5.13,-0.01
5670,CLASS V: PAINTING,04 GLOSS PAINT,One coat alkali resisting primer; two undercoats and one finishing coat of gloss paint; Smooth concrete,surfaces of width 300 mm-1000 mm,m,6.39,0.83,3.3,0,10.52,9,10.51,0.01
5672,CLASS V: PAINTING,04 GLOSS PAINT,Brickwork and rough concrete,upper surfaces inclined at an angle ne 30 deg to the horizontal,m2,8.51,1.1,5.18,0,14.79,9,14.8,-0.01
5673,CLASS V: PAINTING,04 GLOSS PAINT,Brickwork and rough concrete,upper surfaces inclined at an angle 30-60 deg to the horizontal,m2,9.57,1.22,5.24,0,16.03,9,16.04,-0.01
5674,CLASS V: PAINTING,04 GLOSS PAINT,Brickwork and rough concrete,surfaces inclined at an angle exceeding 60 deg to the horizontal,m2,10.64,1.39,5.4,0,17.43,9,17.42,0.01
5675,CLASS V: PAINTING,04 GLOSS PAINT,Brickwork and rough concrete,soffit surfaces and lower surfaces inclined at an angle ne 60 deg to the horizontal,m2,11.7,1.52,5.4,0,18.62,9,18.63,-0.01
5676,CLASS V: PAINTING,04 GLOSS PAINT,Brickwork and rough concrete,surfaces of width ne 300 mm,m,4.25,0.54,1.63,0,6.42,9,6.43,-0.01
5677,CLASS V: PAINTING,04 GLOSS PAINT,Brickwork and rough concrete,surfaces of width 300 mm-1000 mm,m,7.45,0.97,3.47,0,11.89,9,11.9,-0.01
5679,CLASS V: PAINTING,04 GLOSS PAINT,Blockwork,upper surfaces inclined at an angle ne 30 deg to the horizontal,m2,11.7,1.52,5.4,0,18.62,9,18.63,-0.01
5680,CLASS V: PAINTING,04 GLOSS PAINT,Blockwork,soffit surfaces and lower surfaces inclined at an angle ne 60 deg to the horizontal,m2,12.77,1.65,5.4,0,19.82,9,19.82,0.0
5681,CLASS V: PAINTING,04 GLOSS PAINT,Blockwork,surfaces of width ne 300 mm,m,5.32,0.68,1.63,0,7.63,9,7.62,0.01
5682,CLASS V: PAINTING,04 GLOSS PAINT,Blockwork,surfaces of width 300 mm-1000 mm,m,8.51,1.1,3.51,0,13.12,9,13.13,-0.01
5684,CLASS V: PAINTING,04 GLOSS PAINT,Two coats anti-condensation paint; Metal,upper surfaces inclined at an angle ne 30 deg to the horizontal,m2,15.95,2.06,9.26,0,27.27,9,27.27,0.0
5685,CLASS V: PAINTING,04 GLOSS PAINT,Two coats anti-condensation paint; Metal,upper surfaces inclined at an angle 30-60 deg to the horizontal,m2,15.95,2.06,9.26,0,27.27,9,27.27,0.0
5686,CLASS V: PAINTING,04 GLOSS PAINT,Two coats anti-condensation paint; Metal,surfaces inclined at an angle exceeding 60 deg to the horizontal,m2,15.95,2.06,9.26,0,27.27,9,27.27,0.0
5687,CLASS V: PAINTING,04 GLOSS PAINT,Two coats anti-condensation paint; Metal,soffit surfaces and lower surfaces inclined at an angle ne 60 deg to the horizontal,m2,17.03,2.21,9.26,0,28.5,9,28.48,0.02
5688,CLASS V: PAINTING,04 GLOSS PAINT,Two coats anti-condensation paint; Metal,surfaces of width ne 300 mm,m,6.39,0.83,2.78,0,10.0,9,10.0,0.0
5689,CLASS V: PAINTING,04 GLOSS PAINT,Two coats anti-condensation paint; Metal,surfaces of width 300 mm-1000 mm,m,10.64,1.39,6.02,0,18.05,9,18.04,0.01
5690,CLASS V: PAINTING,04 GLOSS PAINT,Two coats anti-condensation paint; Metal,Metal sections,m2,19.15,2.45,9.26,0,30.86,9,30.87,-0.01
5693,CLASS V: PAINTING,05 EMULSION PAINT,"One thinned coat, two coats vinyl emulsion paint; Smooth concrete",upper surfaces inclined at an angle ne 30 deg to the horizontal,m2,13.83,1.79,2.61,0,18.23,9,18.22,0.01
5694,CLASS V: PAINTING,05 EMULSION PAINT,"One thinned coat, two coats vinyl emulsion paint; Smooth concrete",upper surfaces inclined at an angle 30-60 deg to the horizontal,m2,14.88,1.93,2.61,0,19.42,9,19.42,0.0
5695,CLASS V: PAINTING,05 EMULSION PAINT,"One thinned coat, two coats vinyl emulsion paint; Smooth concrete",surfaces inclined at an angle exceeding 60 deg to the horizontal,m2,15.95,2.06,2.61,0,20.62,9,20.62,0.0
5696,CLASS V: PAINTING,05 EMULSION PAINT,"One thinned coat, two coats vinyl emulsion paint; Smooth concrete",soffit surfaces and lower surfaces inclined at an angle ne 60 deg to the horizontal,m2,17.03,2.21,2.61,0,21.85,9,21.83,0.02
5697,CLASS V: PAINTING,05 EMULSION PAINT,"One thinned coat, two coats vinyl emulsion paint; Smooth concrete",surfaces of width ne 300 mm,m,6.39,0.83,0.78,0,8.0,9,8.0,0.0
5698,CLASS V: PAINTING,05 EMULSION PAINT,"One thinned coat, two coats vinyl emulsion paint; Smooth concrete",surfaces of width 300 mm-1000 mm,m,14.88,1.93,1.7,0,18.51,9,18.51,0.0
5700,CLASS V: PAINTING,05 EMULSION PAINT,Brickwork and rough concrete,upper surfaces inclined at an angle ne 30 deg to the horizontal,m2,15.95,2.06,2.68,0,20.69,9,20.69,0.0
5701,CLASS V: PAINTING,05 EMULSION PAINT,Brickwork and rough concrete,upper surfaces inclined at an angle 30-60 deg to the horizontal,m2,17.03,2.21,2.68,0,21.92,9,21.9,0.02
5702,CLASS V: PAINTING,05 EMULSION PAINT,Brickwork and rough concrete,surfaces inclined at an angle exceeding 60 deg to the horizontal,m2,18.09,2.32,2.68,0,23.09,9,23.09,0.0
5703,CLASS V: PAINTING,05 EMULSION PAINT,Brickwork and rough concrete,soffit surfaces and lower surfaces inclined at an angle ne 60 deg to the horizontal,m2,19.15,2.45,2.68,0,24.28,9,24.29,-0.01
5704,CLASS V: PAINTING,05 EMULSION PAINT,Brickwork and rough concrete,surfaces of width ne 300 mm,m,6.39,0.83,0.81,0,8.03,9,8.02,0.01
5705,CLASS V: PAINTING,05 EMULSION PAINT,Brickwork and rough concrete,surfaces of width 300 mm-1000 mm,m,17.03,2.21,1.85,0,21.09,9,21.07,0.02
5707,CLASS V: PAINTING,05 EMULSION PAINT,Blockwork,surfaces inclined at an angle exceeding 60 deg to the horizontal,m2,19.15,2.45,2.75,0,24.35,9,24.36,-0.01
5708,CLASS V: PAINTING,05 EMULSION PAINT,Blockwork,soffit surfaces and lower surfaces inclined at an angle ne 60 deg to the horizontal,m2,21.27,2.74,2.75,0,26.76,9,26.77,-0.01
5709,CLASS V: PAINTING,05 EMULSION PAINT,Blockwork,surfaces of width ne 300 mm,m,8.51,1.1,0.82,0,10.43,9,10.44,-0.01
5710,CLASS V: PAINTING,05 EMULSION PAINT,Blockwork,surfaces of width 300 mm-1000 mm,m,17.03,2.21,1.79,0,21.03,9,21.01,0.02
5713,CLASS V: PAINTING,06 CEMENT PAINT,Two coats masonry paint; Smooth concrete,upper surfaces inclined at an angle ne 30 deg to the horizontal,m2,13.83,1.79,1.67,0,17.29,9,17.29,0.0
5714,CLASS V: PAINTING,06 CEMENT PAINT,Two coats masonry paint; Smooth concrete,upper surfaces inclined at an angle 30-60 deg to the horizontal,m2,14.88,1.93,1.67,0,18.48,9,18.49,-0.01
5715,CLASS V: PAINTING,06 CEMENT PAINT,Two coats masonry paint; Smooth concrete,surfaces inclined at an angle exceeding 60 deg to the horizontal,m2,15.95,2.06,1.67,0,19.68,9,19.68,0.0
5716,CLASS V: PAINTING,06 CEMENT PAINT,Two coats masonry paint; Smooth concrete,soffit surfaces and lower surfaces inclined at an angle ne 60 deg to the horizontal,m2,17.03,2.21,1.67,0,20.91,9,20.89,0.02
5717,CLASS V: PAINTING,06 CEMENT PAINT,Two coats masonry paint; Smooth concrete,surfaces of width ne 300 mm,m,6.39,0.83,0.5,0,7.72,9,7.72,0.0
5718,CLASS V: PAINTING,06 CEMENT PAINT,Two coats masonry paint; Smooth concrete,surfaces of width 300 mm-1000 mm,m,14.88,1.93,1.09,0,17.9,9,17.9,0.0
5720,CLASS V: PAINTING,06 CEMENT PAINT,Brickwork and rough concrete,upper surfaces inclined at an angle ne 30 deg to the horizontal,m2,15.95,2.06,1.92,0,19.93,9,19.93,0.0
5721,CLASS V: PAINTING,06 CEMENT PAINT,Brickwork and rough concrete,upper surfaces inclined at an angle 30-60 deg to the horizontal,m2,17.03,2.21,1.92,0,21.16,9,21.14,0.02
5722,CLASS V: PAINTING,06 CEMENT PAINT,Brickwork and rough concrete,surfaces inclined at an angle exceeding 60 deg to the horizontal,m2,18.09,2.32,1.92,0,22.33,9,22.33,0.0
5723,CLASS V: PAINTING,06 CEMENT PAINT,Brickwork and rough concrete,soffit surfaces and lower surfaces inclined at an angle ne 60 deg to the horizontal,m2,19.15,2.45,1.92,0,23.52,9,23.53,-0.01
5724,CLASS V: PAINTING,06 CEMENT PAINT,Brickwork and rough concrete,surfaces of width ne 300 mm,m,6.39,0.83,0.57,0,7.79,9,7.79,0.0
5787,CLASS W: WATERPROOFING,01 DAMP-PROOFING,Waterproof sheeting; 0.3 mm polythene sheet,ne 300 mm wide,m,0.35,0.07,0.7,0,1.12,4,1.12,0.0
5788,CLASS W: WATERPROOFING,01 DAMP-PROOFING,Waterproof sheeting; 0.3 mm polythene sheet,300 mm-1 m wide,m,0.39,0.08,1.42,0,1.89,4,1.89,0.0
5789,CLASS W: WATERPROOFING,01 DAMP-PROOFING,Waterproof sheeting; 0.3 mm polythene sheet,on horizontal or included surfaces,m2,0.47,0.09,2.15,0,2.71,4,2.72,-0.01
5790,CLASS W: WATERPROOFING,01 DAMP-PROOFING,Waterproof sheeting; 0.3 mm polythene sheet,on vertical surfaces,m2,0.39,0.08,2.15,0,2.62,4,2.63,-0.01
5793,CLASS W: WATERPROOFING,02 TANKING,"Asphalt; 13 mm Mastic asphalt to BS 6925, Type T 1097; two coats; on concrete surface",upper surfaces inclined at an angle ne 30 deg to the horizontal,m2,43.89,18.91,20.15,0,82.95,6,82.95,0.0
5794,CLASS W: WATERPROOFING,02 TANKING,"Asphalt; 13 mm Mastic asphalt to BS 6925, Type T 1097; two coats; on concrete surface",upper surfaces inclined at an angle 30-60 deg to the horizontal,m2,58.53,25.21,20.15,0,103.89,6,103.89,0.0
5795,CLASS W: WATERPROOFING,02 TANKING,"Asphalt; 13 mm Mastic asphalt to BS 6925, Type T 1097; two coats; on concrete surface",upper surfaces inclined at an angle exceeding 60 deg to the horizontal,m2,97.54,42.02,20.15,0,159.71,6,159.72,-0.01
5796,CLASS W: WATERPROOFING,02 TANKING,"Asphalt; 13 mm Mastic asphalt to BS 6925, Type T 1097; two coats; on concrete surface",curved surfaces,m2,117.06,50.44,20.15,0,187.65,6,187.65,0.0
5797,CLASS W: WATERPROOFING,02 TANKING,"Asphalt; 13 mm Mastic asphalt to BS 6925, Type T 1097; two coats; on concrete surface",domed surfaces,m2,146.31,63.04,20.15,0,229.5,6,229.51,-0.01
5798,CLASS W: WATERPROOFING,02 TANKING,"Asphalt; 13 mm Mastic asphalt to BS 6925, Type T 1097; two coats; on concrete surface",ne 300 mm wide,m,19.51,8.41,6.07,0,33.99,6,33.99,0.0
5799,CLASS W: WATERPROOFING,02 TANKING,"Asphalt; 13 mm Mastic asphalt to BS 6925, Type T 1097; two coats; on concrete surface",300 mm-1 m wide,m,43.89,18.91,20.15,0,82.95,6,82.95,0.0
5801,CLASS W: WATERPROOFING,02 TANKING,"20 mm Mastic asphalt to BS 6925, Type T 1097; two coats; on concrete surface",upper surfaces inclined at an angle ne 30 deg to the horizontal,m2,48.78,21.02,31.01,0,100.81,6,100.8,0.01
5802,CLASS W: WATERPROOFING,02 TANKING,"20 mm Mastic asphalt to BS 6925, Type T 1097; two coats; on concrete surface",upper surfaces inclined at an angle 30-60 deg to the horizontal,m2,68.28,29.42,31.01,0,128.71,6,128.72,-0.01
5803,CLASS W: WATERPROOFING,02 TANKING,"20 mm Mastic asphalt to BS 6925, Type T 1097; two coats; on concrete surface",upper surfaces inclined at an angle exceeding 60 deg to the horizontal,m2,117.06,50.44,31.01,0,198.51,6,198.51,0.0
5804,CLASS W: WATERPROOFING,02 TANKING,"20 mm Mastic asphalt to BS 6925, Type T 1097; two coats; on concrete surface",curved surfaces,m2,136.56,58.84,31.0,0,226.4,6,226.39,0.01
5805,CLASS W: WATERPROOFING,02 TANKING,"20 mm Mastic asphalt to BS 6925, Type T 1097; two coats; on concrete surface",domed surfaces,m2,170.71,73.54,31.01,0,275.26,6,275.27,-0.01
5806,CLASS W: WATERPROOFING,02 TANKING,"20 mm Mastic asphalt to BS 6925, Type T 1097; two coats; on concrete surface",ne 300 mm wide,m,22.43,9.67,9.3,0,41.4,6,41.4,0.0
5807,CLASS W: WATERPROOFING,02 TANKING,"20 mm Mastic asphalt to BS 6925, Type T 1097; two coats; on concrete surface",300 mm-1 m wide,m,48.78,21.02,31.01,0,100.81,6,100.8,0.01
5809,CLASS W: WATERPROOFING,02 TANKING,"13 mm Mastic asphalt to BS 6925, Type T 1097; two coats; on brickwork surface; raking joints to form key",upper surfaces inclined at an angle 30-60 deg to the horizontal,m2,87.79,25.48,31.14,0,144.41,6,144.41,0.0
